[0]	$DSM00,123803,+51.42918,+22.81946,7790.0,112.0,149.1,0F
[36]	$DSM01,123803,+51.46220,+22.60802,196.0,0.0,0.0,0F
[107]	$DSM03,123803,+51.44274,+22.85242,186.0,12.0,1.4,0F
[143]	$DSM04,123803,+51.44275,+22.85242,186.0,12.0,1.4,6F
[393]	$DSM0B,123803,+51.44894,+22.85266,158.0,12.0,351.6,0F
[429]	$DSM0C,123803,+51.44847,+22.85260,160.0,10.0,1.4,0F
[464]	$DSM0D,123803,+51.44388,+22.85238,158.0,12.0,2.8,0F
[536]	$DSM0F,123803,+51.45620,+22.84476,154.0,13.0,326.2,0F
[1429]	$DSM0C,123805,+51.44863,+22.85260,160.0,8.0,357.2,0F
[1464]	$DSM0D,123805,+51.44410,+22.85240,158.0,12.0,1.4,0F
[1536]	$DSM0F,123805,+51.45642,+22.84453,154.0,14.0,324.8,0F
[2000]	$DSM00,123806,+51.42664,+22.82215,7790.0,112.0,144.8,0F
[2107]	$DSM03,123806,+51.44308,+22.85242,184.0,13.0,0.0,0F
[2143]	$DSM04,123806,+51.44311,+22.85242,184.0,13.0,0.0,6F
[2393]	$DSM0B,123806,+51.44921,+22.85246,158.0,11.0,326.2,0F
[3393]	$DSM0B,123807,+51.44928,+22.85238,158.0,11.0,326.2,0F
[3429]	$DSM0C,123807,+51.44876,+22.85260,160.0,8.0,358.6,0F
[3464]	$DSM0D,123807,+51.44433,+22.85242,158.0,13.0,1.4,0F
[3536]	$DSM0F,123807,+51.45664,+22.84429,154.0,15.0,326.2,0F
[4000]	$DSM00,123808,+51.42504,+22.82410,7788.0,112.0,142.0,0F
[4107]	$DSM03,123808,+51.44332,+22.85242,184.0,14.0,1.4,0F
[4143]	$DSM04,123808,+51.44336,+22.85242,182.0,14.0,1.4,6F
[4393]	$DSM0B,123808,+51.44937,+22.85230,158.0,10.0,326.2,0F
[5429]	$DSM0C,123809,+51.44889,+22.85260,160.0,7.0,357.2,0F
[5464]	$DSM0D,123809,+51.44456,+22.85242,158.0,13.0,2.8,0F
[5536]	$DSM0F,123809,+51.45689,+22.84401,156.0,16.0,326.2,0F
[6000]	$DSM00,123810,+51.42351,+22.82618,7786.0,111.0,137.8,0F
[6107]	$DSM03,123810,+51.44356,+22.85244,184.0,13.0,2.8,0F
[6143]	$DSM04,123810,+51.44360,+22.85244,182.0,14.0,2.8,6F
[7000]	$DSM00,123811,+51.42277,+22.82730,7786.0,111.0,136.4,0F
[7107]	$DSM03,123811,+51.44368,+22.85244,184.0,13.0,1.4,0F
[7393]	$DSM0B,123811,+51.44960,+22.85204,158.0,11.0,324.8,0F
[7429]	$DSM0C,123811,+51.44900,+22.85257,160.0,6.0,343.1,0F
[7464]	$DSM0D,123811,+51.44480,+22.85244,158.0,13.0,1.4,0F
[7536]	$DSM0F,123811,+51.45714,+22.84373,158.0,17.0,326.2,0F
[8393]	$DSM0B,123812,+51.44968,+22.85195,158.0,11.0,324.8,0F
[8429]	$DSM0C,123812,+51.44906,+22.85253,160.0,6.0,333.3,0F
[8464]	$DSM0D,123812,+51.44491,+22.85244,158.0,13.0,1.4,0F
[8536]	$DSM0F,123812,+51.45728,+22.84360,158.0,17.0,327.7,0F
[9000]	$DSM00,123813,+51.42139,+22.82959,7784.0,111.0,132.2,0F
[9107]	$DSM03,123813,+51.44393,+22.85246,184.0,14.0,1.4,0F
[9143]	$DSM04,123813,+51.44394,+22.85246,182.0,13.0,1.4,6F
[10000]	$DSM00,123814,+51.42074,+22.83079,7784.0,110.0,130.8,0F
[10107]	$DSM03,123814,+51.44405,+22.85246,184.0,13.0,1.4,0F
[10143]	$DSM04,123814,+51.44406,+22.85246,182.0,14.0,1.4,6F
[10393]	$DSM0B,123814,+51.44985,+22.85176,158.0,12.0,324.8,0F
[10429]	$DSM0C,123814,+51.44915,+22.85244,158.0,5.0,324.8,0F
[10464]	$DSM0D,123814,+51.44516,+22.85244,158.0,14.0,0.0,0F
[10536]	$DSM0F,123814,+51.45754,+22.84335,158.0,17.0,327.7,0F
[11107]	$DSM03,123815,+51.44417,+22.85246,184.0,13.0,2.8,0F
[11143]	$DSM04,123815,+51.44419,+22.85246,182.0,14.0,2.8,6F
[11393]	$DSM0B,123815,+51.44995,+22.85165,158.0,13.0,326.2,0F
[11464]	$DSM0D,123815,+51.44528,+22.85246,158.0,14.0,1.4,0F
[11536]	$DSM0F,123815,+51.45767,+22.84320,158.0,17.0,327.7,0F
[12000]	$DSM00,123816,+51.41952,+22.83328,7782.0,109.0,126.6,0F
[12429]	$DSM0C,123816,+51.44922,+22.85236,158.0,5.0,329.1,0F
[13000]	$DSM00,123817,+51.41893,+22.83457,7782.0,109.0,125.2,0F
[13107]	$DSM03,123817,+51.44441,+22.85249,184.0,14.0,358.6,0F
[13143]	$DSM04,123817,+51.44444,+22.85249,184.0,14.0,1.4,6F
[13393]	$DSM0B,123817,+51.45013,+22.85144,158.0,13.0,326.2,0F
[13429]	$DSM0C,123817,+51.44927,+22.85232,158.0,5.0,326.2,0F
[13464]	$DSM0D,123817,+51.44552,+22.85246,158.0,13.0,1.4,0F
[13536]	$DSM0F,123817,+51.45790,+22.84294,156.0,16.0,327.7,0F
[14107]	$DSM03,123818,+51.44456,+22.85246,184.0,16.0,351.6,0F
[14143]	$DSM04,123818,+51.44457,+22.85249,184.0,14.0,355.8,6F
[14393]	$DSM0B,123818,+51.45024,+22.85133,158.0,13.0,326.2,0F
[14429]	$DSM0C,123818,+51.44931,+22.85230,158.0,5.0,329.1,0F
[14464]	$DSM0D,123818,+51.44563,+22.85246,160.0,12.0,1.4,0F
[14536]	$DSM0F,123818,+51.45803,+22.84281,156.0,16.0,327.7,0F
[15000]	$DSM00,123819,+51.41788,+22.83721,7782.0,108.0,120.9,0F
[15429]	$DSM0C,123819,+51.44934,+22.85225,158.0,5.0,330.5,0F
[15464]	$DSM0D,123819,+51.44575,+22.85246,160.0,12.0,1.4,0F
[15536]	$DSM0F,123819,+51.45815,+22.84270,156.0,15.0,327.7,0F
[16000]	$DSM00,123820,+51.41739,+22.83856,7782.0,108.0,119.5,0F
[16107]	$DSM03,123820,+51.44485,+22.85238,184.0,18.0,350.2,0F
[16143]	$DSM04,123820,+51.44485,+22.85242,182.0,16.0,348.7,6F
[16393]	$DSM0B,123820,+51.45042,+22.85114,158.0,13.0,326.2,0F
[17107]	$DSM03,123821,+51.44501,+22.85234,186.0,18.0,355.8,0F
[17143]	$DSM04,123821,+51.44500,+22.85238,182.0,17.0,353.0,6F
[17393]	$DSM0B,123821,+51.45052,+22.85103,158.0,12.0,326.2,0F
[17429]	$DSM0C,123821,+51.44940,+22.85219,158.0,4.0,320.6,0F
[17464]	$DSM0D,123821,+51.44596,+22.85249,160.0,12.0,2.8,0F
[17536]	$DSM0F,123821,+51.45837,+22.84247,156.0,15.0,327.7,0F
[18000]	$DSM00,123822,+51.41651,+22.84131,7784.0,107.0,115.3,0F
[19000]	$DSM00,123823,+51.41612,+22.84270,7784.0,106.0,113.9,0F
[19107]	$DSM03,123823,+51.44534,+22.85240,186.0,17.0,12.7,0F
[19143]	$DSM04,123823,+51.44531,+22.85238,182.0,17.0,7.0,6F
[19393]	$DSM0B,123823,+51.45070,+22.85084,158.0,12.0,326.2,0F
[19429]	$DSM0C,123823,+51.44947,+22.85212,158.0,4.0,327.7,0F
[19464]	$DSM0D,123823,+51.44616,+22.85249,160.0,11.0,1.4,0F
[19536]	$DSM0F,123823,+51.45863,+22.84223,158.0,16.0,330.5,0F
[20393]	$DSM0B,123824,+51.45079,+22.85073,158.0,12.0,326.2,0F
[20429]	$DSM0C,123824,+51.44949,+22.85208,158.0,4.0,324.8,0F
[20464]	$DSM0D,123824,+51.44625,+22.85249,160.0,11.0,2.8,0F
[20536]	$DSM0F,123824,+51.45875,+22.84210,158.0,16.0,329.1,0F
[21000]	$DSM00,123825,+51.41540,+22.84556,7784.0,105.0,109.7,0F
[21107]	$DSM03,123825,+51.44565,+22.85253,188.0,17.0,16.9,0F
[21143]	$DSM04,123825,+51.44562,+22.85249,182.0,17.0,16.9,6F
[22000]	$DSM00,123826,+51.41509,+22.84699,7784.0,105.0,108.3,0F
[22107]	$DSM03,123826,+51.44580,+22.85260,188.0,17.0,11.2,0F
[22143]	$DSM04,123826,+51.44576,+22.85257,180.0,17.0,15.5,6F
[22393]	$DSM0B,123826,+51.45097,+22.85054,158.0,12.0,324.8,0F
[22429]	$DSM0C,123826,+51.44953,+22.85204,158.0,3.0,323.4,0F
[22464]	$DSM0D,123826,+51.44644,+22.85251,160.0,11.0,1.4,0F
[22536]	$DSM0F,123826,+51.45899,+22.84189,158.0,15.0,329.1,0F
[23464]	$DSM0D,123827,+51.44655,+22.85251,160.0,11.0,1.4,0F
[23536]	$DSM0F,123827,+51.45910,+22.84178,156.0,15.0,330.5,0F
[24000]	$DSM00,123828,+51.41456,+22.84987,7784.0,104.0,104.1,0F
[24107]	$DSM03,123828,+51.44608,+22.85260,188.0,16.0,350.2,0F
[24143]	$DSM04,123828,+51.44604,+22.85262,182.0,16.0,355.8,6F
[24393]	$DSM0B,123828,+51.45114,+22.85034,158.0,12.0,326.2,0F
[24429]	$DSM0C,123828,+51.44956,+22.85202,158.0,0.0,215.2,0F
[25107]	$DSM03,123830,+51.44635,+22.85244,186.0,17.0,333.3,0F
[25143]	$DSM04,123830,+51.44632,+22.85249,182.0,17.0,336.1,6F
[25393]	$DSM0B,123830,+51.45132,+22.85015,158.0,12.0,324.8,0F
[25429]	$DSM0C,123830,+51.44956,+22.85202,158.0,0.0,0.0,0F
[25464]	$DSM0D,123830,+51.44686,+22.85253,160.0,11.0,2.8,0F
[25536]	$DSM0F,123830,+51.45944,+22.84146,156.0,15.0,330.5,0F
[26000]	$DSM00,123831,+51.41402,+22.85425,7784.0,102.0,98.4,0F
[27107]	$DSM03,123832,+51.44660,+22.85221,184.0,17.0,327.7,0F
[27143]	$DSM04,123832,+51.44658,+22.85223,180.0,17.0,327.7,6F
[27393]	$DSM0B,123832,+51.45151,+22.84996,158.0,11.0,326.2,0F
[27464]	$DSM0D,123832,+51.44707,+22.85255,160.0,12.0,2.8,0F
[27536]	$DSM0F,123832,+51.45968,+22.84122,154.0,15.0,329.1,0F
[28000]	$DSM00,123833,+51.41380,+22.85716,7784.0,101.0,95.6,0F
[29393]	$DSM0B,123834,+51.45167,+22.84976,158.0,11.0,326.2,0F
[29464]	$DSM0D,123834,+51.44728,+22.85255,160.0,12.0,2.8,0F
[29536]	$DSM0F,123834,+51.45992,+22.84098,154.0,16.0,327.7,0F
[30000]	$DSM00,123835,+51.41372,+22.86008,7784.0,100.0,91.4,0F
[30107]	$DSM03,123835,+51.44700,+22.85180,182.0,17.0,333.3,0F
[30143]	$DSM04,123835,+51.44698,+22.85182,174.0,17.0,327.7,6F
[31000]	$DSM00,123836,+51.41372,+22.86152,7784.0,100.0,90.0,0F
[31107]	$DSM03,123836,+51.44714,+22.85172,180.0,16.0,336.1,0F
[31143]	$DSM04,123836,+51.44711,+22.85169,174.0,17.0,326.2,6F
[31393]	$DSM0B,123836,+51.45184,+22.84959,158.0,11.0,326.2,0F
[31464]	$DSM0D,123836,+51.44749,+22.85257,160.0,12.0,1.4,0F
[31536]	$DSM0F,123836,+51.46016,+22.84075,152.0,16.0,330.5,0F
[32393]	$DSM0B,123837,+51.45192,+22.84950,158.0,11.0,326.2,0F
[32464]	$DSM0D,123837,+51.44759,+22.85257,160.0,12.0,1.4,0F
[32536]	$DSM0F,123837,+51.46028,+22.84064,152.0,15.0,331.9,0F
[33000]	$DSM00,123838,+51.41380,+22.86438,7782.0,99.0,85.8,0F
[33107]	$DSM03,123838,+51.44740,+22.85156,178.0,15.0,343.1,0F
[33143]	$DSM04,123838,+51.44736,+22.85144,168.0,16.0,327.7,6F
[34393]	$DSM0B,123839,+51.45208,+22.84931,158.0,11.0,326.2,0F
[34464]	$DSM0D,123839,+51.44780,+22.85257,160.0,12.0,2.8,0F
[34536]	$DSM0F,123839,+51.46054,+22.84041,152.0,16.0,333.3,0F
[35000]	$DSM00,123840,+51.41402,+22.86718,7782.0,98.0,81.6,0F
[35107]	$DSM03,123840,+51.44765,+22.85146,176.0,14.0,345.9,0F
[35143]	$DSM04,123840,+51.44758,+22.85122,158.0,15.0,334.7,6F
[36536]	$DSM0F,123841,+51.46080,+22.84019,152.0,16.0,330.5,0F
[37000]	$DSM00,123842,+51.41436,+22.86995,7782.0,97.0,77.3,0F
[37107]	$DSM03,123842,+51.44788,+22.85135,174.0,13.0,344.5,0F
[37143]	$DSM04,123842,+51.44784,+22.85109,150.0,14.0,341.7,6F
[37393]	$DSM0B,123842,+51.45234,+22.84903,160.0,12.0,326.2,0F
[37464]	$DSM0D,123842,+51.44814,+22.85260,160.0,13.0,1.4,0F
[38000]	$DSM00,123845,+51.41506,+22.87392,7782.0,95.0,71.7,0F
[38107]	$DSM03,123845,+51.44821,+22.85120,172.0,12.0,344.5,0F
[38143]	$DSM04,123845,+51.44818,+22.85101,152.0,11.0,343.1,6F
[38393]	$DSM0B,123845,+51.45259,+22.84878,160.0,11.0,326.2,0F
[38429]	$DSM0C,123845,+51.44960,+22.85195,158.0,5.0,327.7,0F
[38464]	$DSM0D,123845,+51.44848,+22.85262,160.0,11.0,2.8,0F
[38536]	$DSM0F,123845,+51.46127,+22.83972,152.0,15.0,326.2,0F
[39536]	$DSM0F,123847,+51.46149,+22.83948,152.0,15.0,329.1,0F
[40000]	$DSM00,123848,+51.41601,+22.87770,7782.0,93.0,66.1,0F
[40107]	$DSM03,123848,+51.44848,+22.85107,170.0,10.0,341.7,0F
[40143]	$DSM04,123848,+51.44847,+22.85094,158.0,10.0,343.1,6F
[40393]	$DSM0B,123848,+51.45284,+22.84850,160.0,11.0,326.2,0F
[40429]	$DSM0C,123848,+51.44979,+22.85176,160.0,12.0,323.4,0F
[40464]	$DSM0D,123848,+51.44875,+22.85264,160.0,8.0,2.8,0F
[41393]	$DSM0B,123850,+51.45301,+22.84832,160.0,12.0,324.8,0F
[41429]	$DSM0C,123850,+51.45000,+22.85152,160.0,13.0,326.2,0F
[41464]	$DSM0D,123850,+51.44889,+22.85264,160.0,8.0,355.8,0F
[42000]	$DSM00,123851,+51.41720,+22.88122,7782.0,91.0,59.1,0F
[42107]	$DSM03,123851,+51.44872,+22.85094,170.0,9.0,336.1,0F
[42143]	$DSM04,123851,+51.44869,+22.85084,162.0,9.0,338.9,6F
[43000]	$DSM00,123852,+51.41764,+22.88231,7782.0,91.0,57.7,0F
[43107]	$DSM03,123852,+51.44880,+22.85088,172.0,9.0,334.7,0F
[43143]	$DSM04,123852,+51.44877,+22.85079,160.0,10.0,336.1,6F
[43393]	$DSM0B,123852,+51.45318,+22.84813,160.0,12.0,324.8,0F
[43429]	$DSM0C,123852,+51.45019,+22.85131,160.0,13.0,327.7,0F
[43464]	$DSM0D,123852,+51.44905,+22.85257,160.0,11.0,331.9,0F
[44464]	$DSM0D,123853,+51.44912,+22.85249,160.0,11.0,326.2,0F
[44536]	$DSM0F,123853,+51.46221,+22.83878,152.0,17.0,327.7,0F
[45000]	$DSM00,123854,+51.41858,+22.88444,7782.0,90.0,53.4,0F
[45107]	$DSM03,123854,+51.44896,+22.85075,172.0,11.0,334.7,0F
[45143]	$DSM04,123854,+51.44893,+22.85068,158.0,10.0,338.9,6F
[45393]	$DSM0B,123854,+51.45335,+22.84794,160.0,12.0,324.8,0F
[45429]	$DSM0C,123854,+51.45040,+22.85109,160.0,14.0,326.2,0F
[46107]	$DSM03,123855,+51.44905,+22.85068,172.0,11.0,333.3,0F
[46143]	$DSM04,123855,+51.44903,+22.85062,158.0,11.0,333.3,6F
[46393]	$DSM0B,123855,+51.45344,+22.84783,160.0,12.0,324.8,0F
[46429]	$DSM0C,123855,+51.45050,+22.85098,160.0,14.0,326.2,0F
[46464]	$DSM0D,123855,+51.44930,+22.85230,160.0,11.0,326.2,0F
[46536]	$DSM0F,123855,+51.46248,+22.83850,152.0,18.0,327.7,0F
[47000]	$DSM00,123856,+51.41962,+22.88641,7782.0,89.0,47.8,0F
[47143]	$DSM04,123856,+51.44912,+22.85054,158.0,11.0,329.1,6F
[48000]	$DSM00,123857,+51.42016,+22.88736,7782.0,88.0,46.4,0F
[48107]	$DSM03,123857,+51.44924,+22.85051,172.0,13.0,329.1,0F
[48393]	$DSM0B,123857,+51.45361,+22.84766,160.0,11.0,326.2,0F
[48429]	$DSM0C,123857,+51.45072,+22.85077,160.0,13.0,327.7,0F
[48464]	$DSM0D,123857,+51.44947,+22.85210,160.0,12.0,324.8,0F
[48536]	$DSM0F,123857,+51.46278,+22.83822,152.0,19.0,329.1,0F
[49393]	$DSM0B,123858,+51.45369,+22.84755,160.0,11.0,324.8,0F
[49429]	$DSM0C,123858,+51.45082,+22.85066,160.0,14.0,327.7,0F
[49464]	$DSM0D,123858,+51.44956,+22.85202,160.0,12.0,326.2,0F
[50000]	$DSM00,123859,+51.42132,+22.88909,7782.0,87.0,42.2,0F
[50107]	$DSM03,123859,+51.44944,+22.85032,174.0,13.0,327.7,0F
[50143]	$DSM04,123859,+51.44940,+22.85028,162.0,14.0,327.7,6F
[51000]	$DSM00,123800,+51.42191,+22.88991,7782.0,87.0,39.4,0F
[52107]	$DSM03,123900,+51.44954,+22.85021,174.0,13.0,327.7,0F
[52143]	$DSM04,123900,+51.44951,+22.85017,162.0,14.0,329.1,6F
[52393]	$DSM0B,123900,+51.45386,+22.84738,160.0,11.0,326.2,0F
[52429]	$DSM0C,123900,+51.45102,+22.85043,158.0,14.0,326.2,0F
[52464]	$DSM0D,123900,+51.44975,+22.85180,160.0,13.0,326.2,0F
[52536]	$DSM0F,123900,+51.46320,+22.83777,152.0,19.0,326.2,0F
[53393]	$DSM0B,123901,+51.45393,+22.84730,160.0,11.0,326.2,0F
[53429]	$DSM0C,123901,+51.45112,+22.85032,158.0,13.0,326.2,0F
[53464]	$DSM0D,123901,+51.44984,+22.85169,160.0,13.0,326.2,0F
[53536]	$DSM0F,123901,+51.46335,+22.83762,154.0,19.0,326.2,0F
[54000]	$DSM00,123902,+51.42316,+22.89141,7782.0,86.0,35.2,0F
[54107]	$DSM03,123902,+51.44975,+22.85002,178.0,13.0,330.5,0F
[54143]	$DSM04,123902,+51.44972,+22.84998,164.0,13.0,329.1,6F
[54536]	$DSM0F,123902,+51.46350,+22.83749,154.0,19.0,330.5,0F
[55000]	$DSM00,123903,+51.42380,+22.89210,7782.0,85.0,32.3,0F
[55107]	$DSM03,123903,+51.44984,+22.84993,180.0,12.0,330.5,0F
[55143]	$DSM04,123903,+51.44981,+22.84989,164.0,13.0,329.1,6F
[55393]	$DSM0B,123903,+51.45409,+22.84712,160.0,11.0,326.2,0F
[55429]	$DSM0C,123903,+51.45132,+22.85010,158.0,12.0,324.8,0F
[55464]	$DSM0D,123903,+51.45004,+22.85148,160.0,14.0,326.2,0F
[56393]	$DSM0B,123904,+51.45418,+22.84704,160.0,11.0,326.2,0F
[56429]	$DSM0C,123904,+51.45140,+22.85000,158.0,12.0,324.8,0F
[56464]	$DSM0D,123904,+51.45014,+22.85137,160.0,13.0,326.2,0F
[56536]	$DSM0F,123904,+51.46381,+22.83721,156.0,19.0,330.5,0F
[57000]	$DSM00,123905,+51.42512,+22.89332,7782.0,84.0,28.1,0F
[57107]	$DSM03,123905,+51.45004,+22.84976,182.0,12.0,329.1,0F
[57143]	$DSM04,123905,+51.45000,+22.84972,164.0,12.0,327.7,6F
[58000]	$DSM00,123906,+51.42581,+22.89388,7782.0,84.0,26.7,0F
[58107]	$DSM03,123906,+51.45013,+22.84968,184.0,12.0,326.2,0F
[58143]	$DSM04,123906,+51.45008,+22.84963,166.0,12.0,324.8,6F
[58393]	$DSM0B,123906,+51.45433,+22.84686,160.0,11.0,324.8,0F
[58429]	$DSM0C,123906,+51.45158,+22.84980,158.0,11.0,326.2,0F
[58464]	$DSM0D,123906,+51.45034,+22.85116,160.0,13.0,324.8,0F
[58536]	$DSM0F,123906,+51.46410,+22.83695,156.0,19.0,330.5,0F
[59107]	$DSM03,123907,+51.45021,+22.84957,184.0,12.0,323.4,0F
[59143]	$DSM04,123907,+51.45016,+22.84953,168.0,12.0,322.0,6F
[59393]	$DSM0B,123907,+51.45441,+22.84676,162.0,11.0,326.2,0F
[59429]	$DSM0C,123907,+51.45167,+22.84972,158.0,11.0,327.7,0F
[59464]	$DSM0D,123907,+51.45044,+22.85105,160.0,13.0,326.2,0F
[59536]	$DSM0F,123907,+51.46424,+22.83680,156.0,18.0,327.7,0F
[60000]	$DSM00,123908,+51.42720,+22.89482,7782.0,83.0,21.1,0F
[61000]	$DSM00,123909,+51.42789,+22.89523,7784.0,83.0,18.3,0F
[61107]	$DSM03,123909,+51.45037,+22.84938,188.0,11.0,323.4,0F
[61143]	$DSM04,123909,+51.45032,+22.84933,174.0,11.0,322.0,6F
[61393]	$DSM0B,123909,+51.45457,+22.84659,162.0,11.0,326.2,0F
[61429]	$DSM0C,123909,+51.45184,+22.84955,158.0,12.0,326.2,0F
[61464]	$DSM0D,123909,+51.45064,+22.85084,160.0,14.0,326.2,0F
[62107]	$DSM03,123910,+51.45045,+22.84929,188.0,10.0,327.7,0F
[62143]	$DSM04,123910,+51.45040,+22.84925,178.0,11.0,327.7,6F
[62393]	$DSM0B,123910,+51.45466,+22.84650,162.0,11.0,326.2,0F
[62429]	$DSM0C,123910,+51.45192,+22.84944,158.0,12.0,326.2,0F
[62464]	$DSM0D,123910,+51.45075,+22.85073,160.0,14.0,326.2,0F
[62536]	$DSM0F,123910,+51.46466,+22.83639,158.0,18.0,327.7,0F
[63000]	$DSM00,123911,+51.42933,+22.89590,7784.0,82.0,14.1,0F
[63429]	$DSM0C,123911,+51.45202,+22.84933,158.0,13.0,324.8,0F
[63464]	$DSM0D,123911,+51.45084,+22.85060,160.0,14.0,326.2,0F
[64000]	$DSM00,123912,+51.43006,+22.89613,7784.0,82.0,11.2,0F
[64107]	$DSM03,123912,+51.45060,+22.84920,192.0,9.0,358.6,0F
[64143]	$DSM04,123912,+51.45056,+22.84914,182.0,10.0,354.4,6F
[64393]	$DSM0B,123912,+51.45484,+22.84631,162.0,12.0,324.8,0F
[65000]	$DSM00,123913,+51.43078,+22.89635,7784.0,81.0,8.4,0F
[65107]	$DSM03,123913,+51.45069,+22.84922,192.0,9.0,16.9,0F
[65143]	$DSM04,123913,+51.45066,+22.84916,184.0,9.0,7.0,6F
[65393]	$DSM0B,123913,+51.45492,+22.84622,162.0,12.0,324.8,0F
[65429]	$DSM0C,123913,+51.45221,+22.84912,158.0,13.0,326.2,0F
[65464]	$DSM0D,123913,+51.45105,+22.85038,160.0,14.0,326.2,0F
[66393]	$DSM0B,123914,+51.45500,+22.84612,162.0,12.0,324.8,0F
[66429]	$DSM0C,123914,+51.45232,+22.84901,158.0,13.0,327.7,0F
[66464]	$DSM0D,123914,+51.45116,+22.85028,160.0,14.0,326.2,0F
[67000]	$DSM00,123915,+51.43225,+22.89658,7784.0,81.0,4.2,0F
[67107]	$DSM03,123915,+51.45083,+22.84940,196.0,11.0,40.8,0F
[67143]	$DSM04,123915,+51.45079,+22.84929,186.0,10.0,45.0,6F
[68000]	$DSM00,123916,+51.43298,+22.89665,7784.0,81.0,1.4,0F
[68107]	$DSM03,123916,+51.45091,+22.84950,198.0,12.0,40.8,0F
[68143]	$DSM04,123916,+51.45084,+22.84942,188.0,11.0,45.0,6F
[68393]	$DSM0B,123916,+51.45519,+22.84592,160.0,12.0,326.2,0F
[68429]	$DSM0C,123916,+51.45252,+22.84880,156.0,13.0,326.2,0F
[68464]	$DSM0D,123916,+51.45136,+22.85006,160.0,14.0,326.2,0F
[68536]	$DSM0F,123916,+51.46544,+22.83562,160.0,15.0,329.1,0F
[69393]	$DSM0B,123917,+51.45528,+22.84584,160.0,12.0,326.2,0F
[69429]	$DSM0C,123917,+51.45261,+22.84869,156.0,12.0,326.2,0F
[69464]	$DSM0D,123917,+51.45145,+22.84993,160.0,14.0,326.2,0F
[70000]	$DSM00,123918,+51.43444,+22.89658,7784.0,80.0,357.2,0F
[70107]	$DSM03,123918,+51.45109,+22.84974,200.0,13.0,32.3,0F
[70143]	$DSM04,123918,+51.45100,+22.84968,190.0,12.0,38.0,6F
[71000]	$DSM00,123919,+51.43516,+22.89650,7784.0,80.0,354.4,0F
[71107]	$DSM03,123919,+51.45120,+22.84983,200.0,14.0,26.7,0F
[71143]	$DSM04,123919,+51.45111,+22.84978,192.0,12.0,33.7,6F
[71393]	$DSM0B,123919,+51.45544,+22.84562,160.0,12.0,326.2,0F
[71429]	$DSM0C,123919,+51.45278,+22.84850,156.0,12.0,324.8,0F
[71464]	$DSM0D,123919,+51.45167,+22.84972,160.0,14.0,324.8,0F
[71536]	$DSM0F,123919,+51.46572,+22.83534,160.0,11.0,331.9,0F
[72393]	$DSM0B,123920,+51.45553,+22.84554,160.0,12.0,326.2,0F
[72429]	$DSM0C,123920,+51.45288,+22.84841,156.0,12.0,326.2,0F
[72464]	$DSM0D,123920,+51.45177,+22.84959,160.0,14.0,324.8,0F
[72536]	$DSM0F,123920,+51.46579,+22.83526,160.0,9.0,322.0,0F
[73000]	$DSM00,123921,+51.43658,+22.89615,7784.0,80.0,348.7,0F
[73107]	$DSM03,123921,+51.45148,+22.84998,202.0,18.0,12.7,0F
[73143]	$DSM04,123921,+51.45132,+22.84998,194.0,14.0,22.5,6F
[74000]	$DSM00,123922,+51.43730,+22.89590,7784.0,80.0,347.3,0F
[74107]	$DSM03,123922,+51.45164,+22.85002,202.0,20.0,5.6,0F
[74143]	$DSM04,123922,+51.45145,+22.85004,194.0,16.0,16.9,6F
[74393]	$DSM0B,123922,+51.45570,+22.84536,160.0,11.0,324.8,0F
[74429]	$DSM0C,123922,+51.45306,+22.84820,156.0,12.0,327.7,0F
[74464]	$DSM0D,123922,+51.45198,+22.84936,160.0,15.0,324.8,0F
[74536]	$DSM0F,123922,+51.46581,+22.83508,160.0,7.0,258.7,0F
[75107]	$DSM03,123923,+51.45183,+22.85002,202.0,20.0,1.4,0F
[75143]	$DSM04,123923,+51.45161,+22.85008,190.0,16.0,7.0,6F
[75393]	$DSM0B,123923,+51.45579,+22.84528,160.0,11.0,324.8,0F
[75429]	$DSM0C,123923,+51.45316,+22.84811,156.0,12.0,326.2,0F
[75464]	$DSM0D,123923,+51.45210,+22.84922,160.0,15.0,326.2,0F
[75536]	$DSM0F,123923,+51.46576,+22.83498,160.0,8.0,243.3,0F
[76000]	$DSM00,123924,+51.43868,+22.89525,7784.0,80.0,341.7,0F
[77429]	$DSM0C,123935,+51.45413,+22.84699,156.0,10.0,326.2,0F
[77464]	$DSM0D,123935,+51.45327,+22.84796,160.0,13.0,324.8,0F
[77536]	$DSM0F,123935,+51.46494,+22.83281,154.0,17.0,239.1,0F
[78000]	$DSM00,123936,+51.44636,+22.88886,7784.0,80.0,329.1,0F
[78107]	$DSM03,123936,+51.45405,+22.84875,196.0,19.0,331.9,0F
[78143]	$DSM04,123936,+51.45396,+22.84878,186.0,19.0,330.5,6F
[78393]	$DSM0B,123936,+51.45686,+22.84412,162.0,12.0,326.2,0F
[79000]	$DSM00,123939,+51.44824,+22.88710,7784.0,80.0,330.5,0F
[79107]	$DSM03,123939,+51.45444,+22.84837,194.0,17.0,324.8,0F
[79143]	$DSM04,123939,+51.45437,+22.84839,186.0,16.0,326.2,6F
[79393]	$DSM0B,123939,+51.45712,+22.84382,162.0,12.0,326.2,0F
[79429]	$DSM0C,123939,+51.45444,+22.84665,158.0,10.0,327.7,0F
[79464]	$DSM0D,123939,+51.45366,+22.84753,160.0,13.0,326.2,0F
[79536]	$DSM0F,123939,+51.46460,+22.83189,154.0,19.0,241.9,0F
[80536]	$DSM0F,123940,+51.46452,+22.83165,154.0,19.0,241.9,0F
[81000]	$DSM00,123941,+51.44950,+22.88594,7786.0,80.0,330.5,0F
[81107]	$DSM03,123941,+51.45468,+22.84809,192.0,17.0,322.0,0F
[81143]	$DSM04,123941,+51.45464,+22.84811,190.0,17.0,323.4,6F
[81393]	$DSM0B,123941,+51.45729,+22.84365,162.0,11.0,326.2,0F
[81429]	$DSM0C,123941,+51.45459,+22.84650,158.0,10.0,327.7,0F
[81464]	$DSM0D,123941,+51.45386,+22.84732,160.0,13.0,326.2,0F
[82000]	$DSM00,123942,+51.45013,+22.88536,7786.0,80.0,330.5,0F
[82107]	$DSM03,123942,+51.45481,+22.84792,192.0,18.0,319.2,0F
[82143]	$DSM04,123942,+51.45478,+22.84796,192.0,18.0,322.0,6F
[82393]	$DSM0B,123942,+51.45736,+22.84356,162.0,11.0,326.2,0F
[82429]	$DSM0C,123942,+51.45465,+22.84644,158.0,10.0,329.1,0F
[82464]	$DSM0D,123942,+51.45394,+22.84721,160.0,13.0,324.8,0F
[82536]	$DSM0F,123942,+51.46434,+22.83116,156.0,19.0,240.5,0F
[83393]	$DSM0B,123943,+51.45745,+22.84348,162.0,11.0,327.7,0F
[83429]	$DSM0C,123943,+51.45472,+22.84635,156.0,9.0,326.2,0F
[83464]	$DSM0D,123943,+51.45404,+22.84710,160.0,12.0,324.8,0F
[83536]	$DSM0F,123943,+51.46426,+22.83092,158.0,19.0,241.9,0F
[84000]	$DSM00,123944,+51.45139,+22.88422,7786.0,80.0,330.5,0F
[84107]	$DSM03,123944,+51.45507,+22.84753,188.0,22.0,319.2,0F
[84143]	$DSM04,123944,+51.45507,+22.84760,194.0,21.0,320.6,6F
[85000]	$DSM00,123945,+51.45202,+22.88364,7784.0,81.0,330.5,0F
[85107]	$DSM03,123945,+51.45523,+22.84732,186.0,24.0,317.8,0F
[85393]	$DSM0B,123945,+51.45762,+22.84328,162.0,11.0,326.2,0F
[85429]	$DSM0C,123945,+51.45487,+22.84620,158.0,10.0,323.4,0F
[85464]	$DSM0D,123945,+51.45422,+22.84691,160.0,12.0,324.8,0F
[85536]	$DSM0F,123945,+51.46408,+22.83045,158.0,18.0,240.5,0F
[86393]	$DSM0B,123946,+51.45771,+22.84320,162.0,11.0,326.2,0F
[86429]	$DSM0C,123946,+51.45494,+22.84612,158.0,9.0,323.4,0F
[86464]	$DSM0D,123946,+51.45431,+22.84680,160.0,11.0,324.8,0F
[86536]	$DSM0F,123946,+51.46400,+22.83022,160.0,18.0,239.1,0F
[87000]	$DSM00,123947,+51.45328,+22.88251,7784.0,81.0,330.5,0F
[87107]	$DSM03,123947,+51.45557,+22.84680,184.0,27.0,316.4,0F
[87143]	$DSM04,123947,+51.45557,+22.84691,194.0,27.0,319.2,6F
[88000]	$DSM00,123948,+51.45393,+22.88193,7784.0,81.0,330.5,0F
[88107]	$DSM03,123948,+51.45576,+22.84652,184.0,27.0,315.0,0F
[88143]	$DSM04,123948,+51.45576,+22.84663,194.0,27.0,316.4,6F
[88393]	$DSM0B,123948,+51.45787,+22.84302,162.0,11.0,327.7,0F
[88429]	$DSM0C,123948,+51.45507,+22.84596,158.0,9.0,324.8,0F
[88464]	$DSM0D,123948,+51.45447,+22.84663,160.0,10.0,324.8,0F
[88536]	$DSM0F,123948,+51.46384,+22.82976,162.0,18.0,240.5,0F
[89107]	$DSM03,123949,+51.45592,+22.84624,186.0,27.0,313.6,0F
[89143]	$DSM04,123949,+51.45594,+22.84635,196.0,28.0,315.0,6F
[89393]	$DSM0B,123949,+51.45796,+22.84296,162.0,11.0,329.1,0F
[89429]	$DSM0C,123949,+51.45516,+22.84588,158.0,10.0,326.2,0F
[89464]	$DSM0D,123949,+51.45454,+22.84654,160.0,10.0,326.2,0F
[89536]	$DSM0F,123949,+51.46376,+22.82955,162.0,17.0,240.5,0F
[90000]	$DSM00,123950,+51.45520,+22.88079,7784.0,81.0,330.5,0F
[91464]	$DSM0D,123951,+51.45469,+22.84639,160.0,10.0,326.2,0F
[91536]	$DSM0F,123951,+51.46360,+22.82910,162.0,17.0,241.9,0F
[92000]	$DSM00,123952,+51.45648,+22.87963,7782.0,81.0,330.5,0F
[92107]	$DSM03,123952,+51.45644,+22.84536,194.0,28.0,315.0,0F
[92143]	$DSM04,123952,+51.45648,+22.84547,206.0,28.0,312.2,6F
[92393]	$DSM0B,123952,+51.45819,+22.84272,164.0,11.0,327.7,0F
[92429]	$DSM0C,123952,+51.45536,+22.84566,158.0,9.0,327.7,0F
[92536]	$DSM0F,123952,+51.46352,+22.82888,162.0,17.0,241.9,0F
[93393]	$DSM0B,123955,+51.45844,+22.84247,164.0,11.0,329.1,0F
[93429]	$DSM0C,123955,+51.45556,+22.84545,158.0,9.0,326.2,0F
[93464]	$DSM0D,123955,+51.45498,+22.84607,160.0,10.0,327.7,0F
[94000]	$DSM00,123956,+51.45902,+22.87734,7782.0,81.0,330.5,0F
[94107]	$DSM03,123956,+51.45729,+22.84444,200.0,29.0,337.5,0F
[94143]	$DSM04,123956,+51.45724,+22.84448,210.0,25.0,329.1,6F
[95000]	$DSM00,123957,+51.45965,+22.87676,7782.0,81.0,330.5,0F
[95107]	$DSM03,123957,+51.45755,+22.84429,202.0,30.0,343.1,0F
[95143]	$DSM04,123957,+51.45747,+22.84431,208.0,29.0,337.5,6F
[95393]	$DSM0B,123957,+51.45861,+22.84230,164.0,11.0,329.1,0F
[95429]	$DSM0C,123957,+51.45569,+22.84530,158.0,9.0,327.7,0F
[95464]	$DSM0D,123957,+51.45512,+22.84592,160.0,10.0,326.2,0F
[96536]	$DSM0F,123958,+51.46312,+22.82781,162.0,14.0,241.9,0F
[97000]	$DSM00,123959,+51.46092,+22.87558,7782.0,81.0,330.5,0F
[97107]	$DSM03,123959,+51.45808,+22.84412,204.0,30.0,353.0,0F
[97143]	$DSM04,123959,+51.45803,+22.84412,208.0,31.0,351.6,6F
[97393]	$DSM0B,123959,+51.45879,+22.84212,164.0,12.0,329.1,0F
[97429]	$DSM0C,123959,+51.45582,+22.84517,158.0,9.0,324.8,0F
[97464]	$DSM0D,123959,+51.45528,+22.84577,160.0,10.0,324.8,0F
[98107]	$DSM03,124000,+51.45835,+22.84408,204.0,31.0,357.2,0F
[98143]	$DSM04,124000,+51.45832,+22.84408,208.0,31.0,357.2,6F
[98393]	$DSM0B,124000,+51.45888,+22.84206,164.0,11.0,329.1,0F
[98429]	$DSM0C,124000,+51.45589,+22.84508,158.0,9.0,323.4,0F
[98464]	$DSM0D,124000,+51.45534,+22.84568,160.0,8.0,326.2,0F
[98536]	$DSM0F,124000,+51.46302,+22.82749,162.0,13.0,243.3,0F
[99000]	$DSM00,124001,+51.46220,+22.87440,7782.0,81.0,330.5,0F
[100000]	$DSM00,124002,+51.46283,+22.87382,7782.0,82.0,330.5,0F
[100107]	$DSM03,124002,+51.45892,+22.84412,204.0,31.0,2.8,0F
[100143]	$DSM04,124002,+51.45888,+22.84412,208.0,31.0,1.4,6F
[100393]	$DSM0B,124002,+51.45905,+22.84189,164.0,11.0,329.1,0F
[100429]	$DSM0C,124002,+51.45602,+22.84494,158.0,9.0,327.7,0F
[100464]	$DSM0D,124002,+51.45544,+22.84558,160.0,8.0,326.2,0F
[100536]	$DSM0F,124002,+51.46291,+22.82717,162.0,13.0,240.5,0F
[101000]	$DSM00,124003,+51.46347,+22.87322,7782.0,82.0,330.5,0F
[101143]	$DSM04,124003,+51.45919,+22.84416,208.0,31.0,2.8,6F
[101393]	$DSM0B,124003,+51.45913,+22.84180,164.0,11.0,329.1,0F
[101429]	$DSM0C,124003,+51.45608,+22.84487,158.0,9.0,324.8,0F
[102393]	$DSM0B,124004,+51.45922,+22.84172,164.0,11.0,329.1,0F
[102429]	$DSM0C,124004,+51.45616,+22.84478,158.0,10.0,324.8,0F
[102464]	$DSM0D,124004,+51.45557,+22.84543,160.0,9.0,324.8,0F
[103000]	$DSM00,124005,+51.46473,+22.87204,7782.0,82.0,330.5,0F
[103107]	$DSM03,124005,+51.45976,+22.84416,206.0,32.0,358.6,0F
[103143]	$DSM04,124005,+51.45976,+22.84418,208.0,32.0,358.6,6F
[104000]	$DSM00,124006,+51.46537,+22.87144,7782.0,82.0,329.1,0F
[104393]	$DSM0B,124006,+51.45940,+22.84154,164.0,11.0,327.7,0F
[104429]	$DSM0C,124006,+51.45630,+22.84463,158.0,10.0,326.2,0F
[104464]	$DSM0D,124006,+51.45572,+22.84528,160.0,10.0,327.7,0F
[104536]	$DSM0F,124006,+51.46268,+22.82650,162.0,13.0,239.1,0F
[105393]	$DSM0B,124007,+51.45948,+22.84148,164.0,11.0,327.7,0F
[105429]	$DSM0C,124007,+51.45638,+22.84455,158.0,10.0,326.2,0F
[105464]	$DSM0D,124007,+51.45579,+22.84521,160.0,9.0,327.7,0F
[106000]	$DSM00,124008,+51.46664,+22.87023,7782.0,82.0,329.1,0F
[106107]	$DSM03,124008,+51.46064,+22.84397,204.0,33.0,344.5,0F
[106143]	$DSM04,124008,+51.46066,+22.84401,206.0,33.0,347.3,6F
[107000]	$DSM00,124009,+51.46728,+22.86963,7782.0,82.0,329.1,0F
[107107]	$DSM03,124009,+51.46092,+22.84382,204.0,33.0,337.5,0F
[107143]	$DSM04,124009,+51.46095,+22.84386,204.0,34.0,338.9,6F
[107393]	$DSM0B,124009,+51.45964,+22.84131,164.0,11.0,329.1,0F
[107429]	$DSM0C,124009,+51.45652,+22.84440,158.0,9.0,326.2,0F
[107464]	$DSM0D,124009,+51.45592,+22.84506,160.0,9.0,324.8,0F
[108393]	$DSM0B,124011,+51.45982,+22.84114,164.0,11.0,330.5,0F
[108429]	$DSM0C,124011,+51.45666,+22.84427,160.0,9.0,329.1,0F
[108536]	$DSM0F,124011,+51.46231,+22.82562,162.0,16.0,232.0,0F
[109000]	$DSM00,124012,+51.46918,+22.86783,7780.0,82.0,329.1,0F
[109107]	$DSM03,124012,+51.46169,+22.84313,202.0,32.0,326.2,0F
[109143]	$DSM04,124012,+51.46172,+22.84315,202.0,32.0,326.2,6F
[110000]	$DSM00,124013,+51.46981,+22.86723,7780.0,82.0,329.1,0F
[110107]	$DSM03,124013,+51.46192,+22.84285,200.0,31.0,320.6,0F
[110143]	$DSM04,124013,+51.46195,+22.84288,204.0,32.0,323.4,6F
[110393]	$DSM0B,124013,+51.46000,+22.84098,164.0,11.0,329.1,0F
[110429]	$DSM0C,124013,+51.45679,+22.84414,160.0,9.0,333.3,0F
[110464]	$DSM0D,124013,+51.45622,+22.84474,160.0,10.0,326.2,0F
[110536]	$DSM0F,124013,+51.46212,+22.82528,160.0,16.0,223.6,0F
[111393]	$DSM0B,124014,+51.46008,+22.84090,164.0,11.0,329.1,0F
[111429]	$DSM0C,124014,+51.45686,+22.84408,160.0,8.0,329.1,0F
[112000]	$DSM00,124015,+51.47108,+22.86600,7780.0,82.0,329.1,0F
[112107]	$DSM03,124015,+51.46228,+22.84221,198.0,29.0,309.4,0F
[112143]	$DSM04,124015,+51.46234,+22.84227,202.0,30.0,312.2,6F
[113000]	$DSM00,124016,+51.47171,+22.86540,7780.0,82.0,329.1,0F
[113107]	$DSM03,124016,+51.46243,+22.84186,198.0,28.0,302.3,0F
[113143]	$DSM04,124016,+51.46250,+22.84193,204.0,30.0,308.0,6F
[113393]	$DSM0B,124016,+51.46025,+22.84073,164.0,11.0,329.1,0F
[113429]	$DSM0C,124016,+51.45698,+22.84392,160.0,9.0,329.1,0F
[113464]	$DSM0D,124016,+51.45642,+22.84450,160.0,9.0,323.4,0F
[114107]	$DSM03,124017,+51.46255,+22.84152,198.0,27.0,295.3,0F
[114143]	$DSM04,124017,+51.46264,+22.84156,204.0,30.0,305.2,6F
[114393]	$DSM0B,124017,+51.46032,+22.84064,164.0,11.0,330.5,0F
[114429]	$DSM0C,124017,+51.45705,+22.84384,158.0,9.0,324.8,0F
[114464]	$DSM0D,124017,+51.45648,+22.84444,160.0,9.0,326.2,0F
[115000]	$DSM00,124018,+51.47297,+22.86420,7780.0,82.0,329.1,0F
[116000]	$DSM00,124019,+51.47362,+22.86358,7780.0,82.0,329.1,0F
[116107]	$DSM03,124019,+51.46268,+22.84079,200.0,26.0,281.2,0F
[116143]	$DSM04,124019,+51.46284,+22.84084,206.0,28.0,296.7,6F
[116393]	$DSM0B,124019,+51.46050,+22.84049,164.0,11.0,329.1,0F
[116429]	$DSM0C,124019,+51.45720,+22.84369,158.0,10.0,326.2,0F
[116464]	$DSM0D,124019,+51.45661,+22.84429,160.0,9.0,326.2,0F
[116536]	$DSM0F,124019,+51.46135,+22.82438,156.0,18.0,215.2,0F
[117393]	$DSM0B,124020,+51.46058,+22.84041,164.0,11.0,329.1,0F
[117429]	$DSM0C,124020,+51.45727,+22.84360,158.0,9.0,326.2,0F
[117464]	$DSM0D,124020,+51.45668,+22.84422,160.0,9.0,326.2,0F
[117536]	$DSM0F,124020,+51.46120,+22.82423,156.0,18.0,216.6,0F
[118000]	$DSM00,124021,+51.47488,+22.86236,7780.0,82.0,327.7,0F
[118107]	$DSM03,124021,+51.46268,+22.84006,200.0,24.0,265.8,0F
[118143]	$DSM04,124021,+51.46277,+22.84002,194.0,25.0,272.8,6F
[119000]	$DSM00,124022,+51.47551,+22.86171,7780.0,82.0,326.2,0F
[119107]	$DSM03,124022,+51.46262,+22.83972,200.0,23.0,253.1,0F
[119143]	$DSM04,124022,+51.46265,+22.83968,194.0,23.0,254.5,6F
[119393]	$DSM0B,124022,+51.46076,+22.84026,164.0,11.0,329.1,0F
[119429]	$DSM0C,124022,+51.45740,+22.84345,158.0,9.0,326.2,0F
[119464]	$DSM0D,124022,+51.45682,+22.84408,160.0,9.0,326.2,0F
[119536]	$DSM0F,124022,+51.46095,+22.82393,156.0,17.0,216.6,0F
[120393]	$DSM0B,124023,+51.46083,+22.84017,164.0,11.0,329.1,0F
[120429]	$DSM0C,124023,+51.45747,+22.84339,158.0,9.0,329.1,0F
[120464]	$DSM0D,124023,+51.45688,+22.84401,160.0,9.0,326.2,0F
[120536]	$DSM0F,124023,+51.46082,+22.82380,158.0,17.0,215.2,0F
[121000]	$DSM00,124024,+51.47672,+22.86034,7780.0,83.0,323.4,0F
[121107]	$DSM03,124024,+51.46240,+22.83918,198.0,22.0,227.8,0F
[121143]	$DSM04,124024,+51.46236,+22.83914,190.0,21.0,230.6,6F
[122000]	$DSM00,124025,+51.47731,+22.85961,7778.0,83.0,320.6,0F
[122107]	$DSM03,124025,+51.46224,+22.83897,196.0,22.0,218.0,0F
[122143]	$DSM04,124025,+51.46220,+22.83895,190.0,21.0,219.4,6F
[122393]	$DSM0B,124025,+51.46100,+22.84002,164.0,11.0,329.1,0F
[122429]	$DSM0C,124025,+51.45761,+22.84324,158.0,9.0,327.7,0F
[122464]	$DSM0D,124025,+51.45701,+22.84386,160.0,9.0,326.2,0F
[122536]	$DSM0F,124025,+51.46057,+22.82352,158.0,16.0,216.6,0F
[123107]	$DSM03,124026,+51.46208,+22.83880,196.0,22.0,208.1,0F
[123143]	$DSM04,124026,+51.46204,+22.83878,188.0,22.0,208.1,6F
[123393]	$DSM0B,124026,+51.46108,+22.83994,164.0,11.0,329.1,0F
[123429]	$DSM0C,124026,+51.45767,+22.84315,156.0,8.0,330.5,0F
[123464]	$DSM0D,124026,+51.45708,+22.84380,160.0,9.0,324.8,0F
[123536]	$DSM0F,124026,+51.46045,+22.82339,158.0,16.0,216.6,0F
[124000]	$DSM00,124027,+51.47841,+22.85798,7778.0,84.0,315.0,0F
[124536]	$DSM0F,124027,+51.46034,+22.82326,160.0,16.0,216.6,0F
[125000]	$DSM00,124028,+51.47893,+22.85710,7776.0,84.0,312.2,0F
[125107]	$DSM03,124028,+51.46168,+22.83860,194.0,22.0,189.8,0F
[125143]	$DSM04,124028,+51.46164,+22.83858,184.0,23.0,189.8,6F
[125393]	$DSM0B,124028,+51.46125,+22.83976,166.0,11.0,329.1,0F
[125429]	$DSM0C,124028,+51.45780,+22.84302,156.0,9.0,329.1,0F
[125464]	$DSM0D,124028,+51.45723,+22.84365,160.0,10.0,326.2,0F
[126000]	$DSM00,124029,+51.47942,+22.85618,7776.0,85.0,309.4,0F
[126107]	$DSM03,124029,+51.46146,+22.83858,194.0,22.0,181.4,0F
[126143]	$DSM04,124029,+51.46143,+22.83856,180.0,22.0,184.2,6F
[126393]	$DSM0B,124029,+51.46133,+22.83968,166.0,11.0,329.1,0F
[126429]	$DSM0C,124029,+51.45787,+22.84296,156.0,9.0,329.1,0F
[126464]	$DSM0D,124029,+51.45730,+22.84356,160.0,10.0,326.2,0F
[126536]	$DSM0F,124029,+51.46011,+22.82300,160.0,15.0,215.2,0F
[127393]	$DSM0B,124030,+51.46142,+22.83959,166.0,12.0,329.1,0F
[127429]	$DSM0C,124030,+51.45794,+22.84288,156.0,9.0,327.7,0F
[127464]	$DSM0D,124030,+51.45736,+22.84348,160.0,9.0,326.2,0F
[127536]	$DSM0F,124030,+51.46001,+22.82288,160.0,15.0,215.2,0F
[128000]	$DSM00,124031,+51.48030,+22.85418,7774.0,86.0,302.3,0F
[128107]	$DSM03,124031,+51.46112,+22.83873,194.0,19.0,150.5,0F
[128143]	$DSM04,124031,+51.46105,+22.83867,174.0,20.0,160.3,6F
[129000]	$DSM00,124032,+51.48069,+22.85311,7774.0,86.0,299.5,0F
[129107]	$DSM03,124032,+51.46099,+22.83892,196.0,19.0,130.8,0F
[129143]	$DSM04,124032,+51.46089,+22.83882,172.0,0.0,0.0,6F
[129393]	$DSM0B,124032,+51.46160,+22.83942,166.0,12.0,329.1,0F
[129429]	$DSM0C,124032,+51.45808,+22.84274,158.0,9.0,326.2,0F
[129464]	$DSM0D,124032,+51.45750,+22.84335,160.0,8.0,326.2,0F
[129536]	$DSM0F,124032,+51.45979,+22.82262,162.0,15.0,218.0,0F
[130393]	$DSM0B,124033,+51.46170,+22.83933,166.0,12.0,329.1,0F
[130429]	$DSM0C,124033,+51.45814,+22.84268,158.0,9.0,329.1,0F
[130464]	$DSM0D,124033,+51.45756,+22.84328,160.0,8.0,326.2,0F
[130536]	$DSM0F,124033,+51.45967,+22.82249,162.0,15.0,216.6,0F
[131000]	$DSM00,124034,+51.48137,+22.85086,7772.0,87.0,292.5,0F
[131107]	$DSM03,124034,+51.46086,+22.83946,198.0,19.0,94.2,0F
[131143]	$DSM04,124034,+51.46072,+22.83929,164.0,0.0,0.0,6F
[132000]	$DSM00,124035,+51.48165,+22.84968,7772.0,88.0,289.7,0F
[132107]	$DSM03,124035,+51.46089,+22.83974,198.0,19.0,77.3,0F
[132143]	$DSM04,124035,+51.46075,+22.83959,164.0,0.0,0.0,6F
[132393]	$DSM0B,124035,+51.46188,+22.83916,166.0,12.0,330.5,0F
[132429]	$DSM0C,124035,+51.45828,+22.84253,158.0,9.0,329.1,0F
[132464]	$DSM0D,124035,+51.45768,+22.84313,160.0,8.0,323.4,0F
[132536]	$DSM0F,124035,+51.45946,+22.82223,162.0,15.0,216.6,0F
[133107]	$DSM03,124037,+51.46108,+22.84026,198.0,20.0,43.6,0F
[133143]	$DSM04,124037,+51.46101,+22.84017,164.0,21.0,49.2,6F
[133393]	$DSM0B,124037,+51.46206,+22.83899,166.0,11.0,329.1,0F
[133429]	$DSM0C,124037,+51.45841,+22.84240,158.0,9.0,329.1,0F
[133464]	$DSM0D,124037,+51.45780,+22.84300,160.0,8.0,327.7,0F
[133536]	$DSM0F,124037,+51.45923,+22.82198,162.0,16.0,216.6,0F
[134000]	$DSM00,124038,+51.48228,+22.84596,7774.0,90.0,281.2,0F
[135000]	$DSM00,124039,+51.48240,+22.84470,7774.0,90.0,278.4,0F
[135107]	$DSM03,124039,+51.46142,+22.84056,198.0,22.0,19.7,0F
[135143]	$DSM04,124039,+51.46138,+22.84051,164.0,22.0,22.5,6F
[135393]	$DSM0B,124039,+51.46223,+22.83882,166.0,11.0,329.1,0F
[135429]	$DSM0C,124039,+51.45856,+22.84227,160.0,9.0,329.1,0F
[135464]	$DSM0D,124039,+51.45792,+22.84290,162.0,8.0,331.9,0F
[135536]	$DSM0F,124039,+51.45900,+22.82170,162.0,17.0,215.2,0F
[136000]	$DSM00,124040,+51.48250,+22.84339,7776.0,91.0,275.6,0F
[136107]	$DSM03,124040,+51.46162,+22.84062,196.0,24.0,12.7,0F
[136143]	$DSM04,124040,+51.46159,+22.84060,164.0,24.0,15.5,6F
[136393]	$DSM0B,124040,+51.46232,+22.83873,166.0,11.0,329.1,0F
[136429]	$DSM0C,124040,+51.45862,+22.84221,160.0,9.0,330.5,0F
[136464]	$DSM0D,124040,+51.45800,+22.84283,162.0,8.0,330.5,0F
[136536]	$DSM0F,124040,+51.45887,+22.82154,162.0,17.0,215.2,0F
[137393]	$DSM0B,124041,+51.46240,+22.83867,166.0,11.0,329.1,0F
[137429]	$DSM0C,124041,+51.45869,+22.84217,160.0,9.0,330.5,0F
[137464]	$DSM0D,124041,+51.45805,+22.84277,162.0,9.0,330.5,0F
[137536]	$DSM0F,124041,+51.45874,+22.82140,162.0,18.0,213.7,0F
[138000]	$DSM00,124042,+51.48256,+22.84075,7776.0,92.0,270.0,0F
[138107]	$DSM03,124042,+51.46208,+22.84071,196.0,25.0,1.4,0F
[138143]	$DSM04,124042,+51.46205,+22.84073,172.0,25.0,2.8,6F
[138536]	$DSM0F,124042,+51.45859,+22.82124,164.0,19.0,215.2,0F
[139000]	$DSM00,124043,+51.48255,+22.83942,7778.0,93.0,267.2,0F
[139107]	$DSM03,124043,+51.46231,+22.84068,196.0,26.0,355.8,0F
[139143]	$DSM04,124043,+51.46229,+22.84073,178.0,26.0,0.0,6F
[139393]	$DSM0B,124043,+51.46256,+22.83850,166.0,10.0,329.1,0F
[139429]	$DSM0C,124043,+51.45882,+22.84202,160.0,9.0,327.7,0F
[139464]	$DSM0D,124043,+51.45820,+22.84264,162.0,10.0,330.5,0F
[140464]	$DSM0D,124044,+51.45828,+22.84257,162.0,10.0,329.1,0F
[140536]	$DSM0F,124044,+51.45830,+22.82090,164.0,20.0,218.0,0F
[141000]	$DSM00,124045,+51.48239,+22.83672,7778.0,94.0,261.6,0F
[141107]	$DSM03,124045,+51.46277,+22.84054,198.0,25.0,344.5,0F
[141143]	$DSM04,124045,+51.46278,+22.84060,184.0,27.0,348.7,6F
[141393]	$DSM0B,124045,+51.46272,+22.83835,166.0,10.0,329.1,0F
[141429]	$DSM0C,124045,+51.45896,+22.84189,160.0,9.0,324.8,0F
[141536]	$DSM0F,124045,+51.45816,+22.82071,164.0,20.0,219.4,0F
[142000]	$DSM00,124046,+51.48224,+22.83536,7778.0,95.0,260.2,0F
[142107]	$DSM03,124046,+51.46300,+22.84043,198.0,25.0,340.3,0F
[142143]	$DSM04,124046,+51.46300,+22.84049,186.0,27.0,343.1,6F
[142393]	$DSM0B,124046,+51.46280,+22.83828,166.0,10.0,329.1,0F
[142429]	$DSM0C,124046,+51.45903,+22.84180,160.0,9.0,324.8,0F
[142464]	$DSM0D,124046,+51.45843,+22.84242,162.0,10.0,329.1,0F
[143536]	$DSM0F,124047,+51.45789,+22.82036,164.0,20.0,218.0,0F
[144000]	$DSM00,124048,+51.48184,+22.83266,7780.0,96.0,254.5,0F
[144107]	$DSM03,124048,+51.46341,+22.84011,200.0,25.0,331.9,0F
[144143]	$DSM04,124048,+51.46343,+22.84021,192.0,25.0,336.1,6F
[144393]	$DSM0B,124048,+51.46294,+22.83813,166.0,10.0,329.1,0F
[144429]	$DSM0C,124048,+51.45916,+22.84167,160.0,9.0,327.7,0F
[144464]	$DSM0D,124048,+51.45858,+22.84227,162.0,9.0,329.1,0F
[145000]	$DSM00,124049,+51.48158,+22.83133,7780.0,97.0,251.7,0F
[145107]	$DSM03,124049,+51.46360,+22.83991,202.0,25.0,329.1,0F
[145143]	$DSM04,124049,+51.46363,+22.84004,196.0,25.0,331.9,6F
[145393]	$DSM0B,124049,+51.46302,+22.83805,166.0,10.0,329.1,0F
[145429]	$DSM0C,124049,+51.45922,+22.84161,160.0,8.0,329.1,0F
[145464]	$DSM0D,124049,+51.45865,+22.84221,162.0,9.0,329.1,0F
[145536]	$DSM0F,124049,+51.45761,+22.82002,164.0,19.0,216.6,0F
[146464]	$DSM0D,124050,+51.45872,+22.84214,162.0,9.0,329.1,0F
[146536]	$DSM0F,124050,+51.45747,+22.81985,162.0,19.0,216.6,0F
[147000]	$DSM00,124051,+51.48096,+22.82867,7780.0,99.0,247.5,0F
[147107]	$DSM03,124051,+51.46396,+22.83950,202.0,24.0,322.0,0F
[147143]	$DSM04,124051,+51.46400,+22.83964,202.0,24.0,324.8,6F
[147393]	$DSM0B,124051,+51.46317,+22.83792,166.0,9.0,327.7,0F
[147429]	$DSM0C,124051,+51.45935,+22.84148,160.0,8.0,330.5,0F
[148000]	$DSM00,124052,+51.48058,+22.82736,7780.0,99.0,244.7,0F
[148107]	$DSM03,124052,+51.46410,+22.83927,204.0,23.0,316.4,0F
[148143]	$DSM04,124052,+51.46416,+22.83942,208.0,23.0,320.6,6F
[148393]	$DSM0B,124052,+51.46324,+22.83783,166.0,9.0,327.7,0F
[148429]	$DSM0C,124052,+51.45943,+22.84144,160.0,8.0,327.7,0F
[148464]	$DSM0D,124052,+51.45885,+22.84202,162.0,9.0,329.1,0F
[148536]	$DSM0F,124052,+51.45720,+22.81953,162.0,18.0,216.6,0F
[149393]	$DSM0B,124053,+51.46331,+22.83777,166.0,10.0,327.7,0F
[149429]	$DSM0C,124053,+51.45948,+22.84137,160.0,8.0,329.1,0F
[149464]	$DSM0D,124053,+51.45893,+22.84195,162.0,9.0,329.1,0F
[149536]	$DSM0F,124053,+51.45708,+22.81938,162.0,17.0,216.6,0F
[150000]	$DSM00,124054,+51.47972,+22.82481,7782.0,101.0,239.1,0F
[150107]	$DSM03,124054,+51.46439,+22.83880,204.0,23.0,315.0,0F
[150143]	$DSM04,124054,+51.46448,+22.83892,212.0,23.0,319.2,6F
[151000]	$DSM00,124055,+51.47923,+22.82356,7782.0,101.0,237.7,0F
[151107]	$DSM03,124055,+51.46454,+22.83858,202.0,23.0,317.8,0F
[151143]	$DSM04,124055,+51.46457,+22.83865,208.0,23.0,319.2,6F
[151393]	$DSM0B,124055,+51.46347,+22.83762,166.0,11.0,329.1,0F
[151429]	$DSM0C,124055,+51.45962,+22.84124,160.0,8.0,329.1,0F
[151464]	$DSM0D,124055,+51.45906,+22.84182,162.0,9.0,329.1,0F
[151536]	$DSM0F,124055,+51.45683,+22.81910,162.0,17.0,215.2,0F
[152107]	$DSM03,124056,+51.46469,+22.83835,202.0,22.0,320.6,0F
[152143]	$DSM04,124056,+51.46472,+22.83841,206.0,23.0,319.2,6F
[152393]	$DSM0B,124056,+51.46355,+22.83753,166.0,11.0,329.1,0F
[152429]	$DSM0C,124056,+51.45967,+22.84118,160.0,8.0,329.1,0F
[152464]	$DSM0D,124056,+51.45912,+22.84176,162.0,8.0,329.1,0F
[152536]	$DSM0F,124056,+51.45671,+22.81897,160.0,16.0,213.7,0F
[153000]	$DSM00,124057,+51.47819,+22.82112,7784.0,102.0,234.8,0F
[153536]	$DSM0F,124057,+51.45658,+22.81882,160.0,16.0,215.2,0F
[154000]	$DSM00,124058,+51.47763,+22.81992,7784.0,103.0,233.4,0F
[154107]	$DSM03,124058,+51.46501,+22.83798,202.0,22.0,324.8,0F
[154143]	$DSM04,124058,+51.46504,+22.83798,204.0,24.0,323.4,6F
[154393]	$DSM0B,124058,+51.46372,+22.83738,166.0,11.0,329.1,0F
[154429]	$DSM0C,124058,+51.45981,+22.84105,160.0,9.0,329.1,0F
[154464]	$DSM0D,124058,+51.45925,+22.84163,162.0,9.0,327.7,0F
[155000]	$DSM00,124059,+51.47708,+22.81874,7784.0,103.0,233.4,0F
[155107]	$DSM03,124059,+51.46517,+22.83779,204.0,21.0,326.2,0F
[155143]	$DSM04,124059,+51.46520,+22.83777,204.0,23.0,327.7,6F
[155393]	$DSM0B,124059,+51.46380,+22.83730,166.0,10.0,330.5,0F
[155429]	$DSM0C,124059,+51.45988,+22.84098,158.0,9.0,326.2,0F
[155464]	$DSM0D,124059,+51.45932,+22.84154,162.0,9.0,329.1,0F
[155536]	$DSM0F,124059,+51.45635,+22.81854,162.0,16.0,216.6,0F
[156000]	$DSM00,124101,+51.47592,+22.81637,7784.0,103.0,232.0,0F
[156107]	$DSM03,124101,+51.46550,+22.83747,204.0,20.0,327.7,0F
[156143]	$DSM04,124101,+51.46553,+22.83744,208.0,21.0,330.5,6F
[156393]	$DSM0B,124101,+51.46396,+22.83714,166.0,10.0,329.1,0F
[156429]	$DSM0C,124101,+51.46003,+22.84082,158.0,9.0,329.1,0F
[156464]	$DSM0D,124101,+51.45947,+22.84142,162.0,9.0,330.5,0F
[156536]	$DSM0F,124101,+51.45612,+22.81826,162.0,16.0,218.0,0F
[157393]	$DSM0B,124102,+51.46404,+22.83706,166.0,11.0,329.1,0F
[157429]	$DSM0C,124102,+51.46010,+22.84075,158.0,9.0,329.1,0F
[157464]	$DSM0D,124102,+51.45953,+22.84135,162.0,9.0,329.1,0F
[157536]	$DSM0F,124102,+51.45599,+22.81813,162.0,16.0,216.6,0F
[158000]	$DSM00,124103,+51.47476,+22.81404,7786.0,103.0,232.0,0F
[158107]	$DSM03,124103,+51.46580,+22.83717,206.0,20.0,329.1,0F
[159000]	$DSM00,124104,+51.47416,+22.81288,7786.0,103.0,232.0,0F
[159107]	$DSM03,124104,+51.46595,+22.83702,206.0,20.0,327.7,0F
[159143]	$DSM04,124104,+51.46598,+22.83700,210.0,20.0,326.2,6F
[159393]	$DSM0B,124104,+51.46421,+22.83689,166.0,12.0,327.7,0F
[159429]	$DSM0C,124104,+51.46024,+22.84062,158.0,9.0,329.1,0F
[159464]	$DSM0D,124104,+51.45968,+22.84122,162.0,9.0,327.7,0F
[159536]	$DSM0F,124104,+51.45576,+22.81786,162.0,16.0,215.2,0F
[160107]	$DSM03,124105,+51.46611,+22.83686,206.0,20.0,324.8,0F
[160143]	$DSM04,124105,+51.46613,+22.83682,212.0,20.0,323.4,6F
[160393]	$DSM0B,124105,+51.46431,+22.83680,166.0,12.0,327.7,0F
[160429]	$DSM0C,124105,+51.46032,+22.84056,158.0,9.0,327.7,0F
[160464]	$DSM0D,124105,+51.45975,+22.84114,162.0,9.0,329.1,0F
[160536]	$DSM0F,124105,+51.45564,+22.81772,162.0,16.0,216.6,0F
[161000]	$DSM00,124106,+51.47300,+22.81054,7786.0,103.0,230.6,0F
[162000]	$DSM00,124107,+51.47242,+22.80938,7788.0,103.0,230.6,0F
[162107]	$DSM03,124107,+51.46639,+22.83650,208.0,19.0,315.0,0F
[162143]	$DSM04,124107,+51.46640,+22.83648,214.0,19.0,316.4,6F
[162393]	$DSM0B,124107,+51.46449,+22.83663,168.0,12.0,329.1,0F
[162429]	$DSM0C,124107,+51.46044,+22.84043,160.0,9.0,327.7,0F
[162464]	$DSM0D,124107,+51.45990,+22.84101,162.0,9.0,326.2,0F
[162536]	$DSM0F,124107,+51.45544,+22.81745,160.0,16.0,218.0,0F
[163000]	$DSM00,124108,+51.47182,+22.80820,7788.0,103.0,230.6,0F
[163143]	$DSM04,124108,+51.46649,+22.83629,216.0,18.0,305.2,6F
[163393]	$DSM0B,124108,+51.46457,+22.83652,168.0,12.0,330.5,0F
[163429]	$DSM0C,124108,+51.46051,+22.84036,160.0,9.0,327.7,0F
[163464]	$DSM0D,124108,+51.45996,+22.84092,162.0,9.0,327.7,0F
[164536]	$DSM0F,124109,+51.45521,+22.81717,162.0,16.0,216.6,0F
[165000]	$DSM00,124110,+51.47064,+22.80588,7788.0,103.0,230.6,0F
[165107]	$DSM03,124110,+51.46660,+22.83584,208.0,17.0,288.3,0F
[165143]	$DSM04,124110,+51.46661,+22.83582,216.0,17.0,289.7,6F
[165393]	$DSM0B,124110,+51.46476,+22.83637,168.0,11.0,329.1,0F
[165464]	$DSM0D,124110,+51.46011,+22.84079,162.0,9.0,329.1,0F
[166000]	$DSM00,124111,+51.47004,+22.80472,7788.0,104.0,230.6,0F
[166107]	$DSM03,124111,+51.46664,+22.83560,208.0,16.0,285.5,0F
[166143]	$DSM04,124111,+51.46664,+22.83558,216.0,17.0,286.9,6F
[166393]	$DSM0B,124111,+51.46484,+22.83629,168.0,11.0,327.7,0F
[166464]	$DSM0D,124111,+51.46017,+22.84073,162.0,9.0,329.1,0F
[166536]	$DSM0F,124111,+51.45498,+22.81689,162.0,16.0,216.6,0F
[167393]	$DSM0B,124112,+51.46493,+22.83620,168.0,11.0,327.7,0F
[167429]	$DSM0C,124112,+51.46076,+22.84011,160.0,8.0,326.2,0F
[167464]	$DSM0D,124112,+51.46025,+22.84066,162.0,9.0,329.1,0F
[168000]	$DSM00,124113,+51.46887,+22.80240,7788.0,104.0,230.6,0F
[168107]	$DSM03,124113,+51.46668,+22.83517,208.0,14.0,278.4,0F
[168143]	$DSM04,124113,+51.46668,+22.83515,214.0,14.0,281.2,6F
[169000]	$DSM00,124114,+51.46828,+22.80125,7786.0,104.0,230.6,0F
[169107]	$DSM03,124114,+51.46670,+22.83498,208.0,13.0,270.0,0F
[169143]	$DSM04,124114,+51.46670,+22.83494,210.0,13.0,271.4,6F
[169393]	$DSM0B,124114,+51.46511,+22.83603,168.0,11.0,329.1,0F
[169429]	$DSM0C,124114,+51.46089,+22.83998,160.0,8.0,331.9,0F
[169464]	$DSM0D,124114,+51.46038,+22.84054,162.0,9.0,329.1,0F
[170393]	$DSM0B,124116,+51.46527,+22.83586,168.0,11.0,329.1,0F
[170429]	$DSM0C,124116,+51.46104,+22.83987,162.0,8.0,330.5,0F
[170464]	$DSM0D,124116,+51.46051,+22.84041,162.0,8.0,329.1,0F
[170536]	$DSM0F,124116,+51.45436,+22.81633,160.0,16.0,203.9,0F
[171000]	$DSM00,124117,+51.46651,+22.79775,7786.0,104.0,230.6,0F
[171107]	$DSM03,124117,+51.46659,+22.83448,206.0,11.0,240.5,0F
[171143]	$DSM04,124117,+51.46659,+22.83446,208.0,11.0,243.3,6F
[171536]	$DSM0F,124117,+51.45423,+22.81624,160.0,17.0,202.5,0F
[172000]	$DSM00,124118,+51.46591,+22.79659,7786.0,104.0,230.6,0F
[172107]	$DSM03,124118,+51.46654,+22.83436,204.0,11.0,234.8,0F
[172143]	$DSM04,124118,+51.46654,+22.83433,204.0,11.0,239.1,6F
[172393]	$DSM0B,124118,+51.46545,+22.83568,168.0,12.0,330.5,0F
[172429]	$DSM0C,124118,+51.46116,+22.83974,162.0,9.0,326.2,0F
[172464]	$DSM0D,124118,+51.46064,+22.84028,162.0,8.0,329.1,0F
[173393]	$DSM0B,124119,+51.46555,+22.83560,168.0,12.0,330.5,0F
[173429]	$DSM0C,124119,+51.46123,+22.83968,162.0,9.0,323.4,0F
[173464]	$DSM0D,124119,+51.46070,+22.84021,162.0,9.0,329.1,0F
[174000]	$DSM00,124120,+51.46472,+22.79427,7786.0,104.0,230.6,0F
[174107]	$DSM03,124120,+51.46640,+22.83412,204.0,11.0,225.0,0F
[174143]	$DSM04,124120,+51.46640,+22.83410,202.0,11.0,225.0,6F
[174536]	$DSM0F,124120,+51.45378,+22.81601,162.0,17.0,196.9,0F
[175000]	$DSM00,124121,+51.46413,+22.79311,7786.0,104.0,230.6,0F
[175107]	$DSM03,124121,+51.46632,+22.83401,204.0,10.0,223.6,0F
[175143]	$DSM04,124121,+51.46633,+22.83401,202.0,10.0,222.2,6F
[175393]	$DSM0B,124121,+51.46571,+22.83545,168.0,9.0,324.8,0F
[175429]	$DSM0C,124121,+51.46136,+22.83953,162.0,9.0,329.1,0F
[175464]	$DSM0D,124121,+51.46084,+22.84008,162.0,9.0,329.1,0F
[176107]	$DSM03,124122,+51.46626,+22.83393,204.0,9.0,223.6,0F
[176143]	$DSM04,124122,+51.46627,+22.83390,200.0,9.0,223.6,6F
[176393]	$DSM0B,124122,+51.46576,+22.83536,166.0,7.0,305.2,0F
[176429]	$DSM0C,124122,+51.46142,+22.83946,164.0,9.0,329.1,0F
[176464]	$DSM0D,124122,+51.46091,+22.84002,162.0,9.0,329.1,0F
[176536]	$DSM0F,124122,+51.45349,+22.81586,162.0,18.0,195.5,0F
[177000]	$DSM00,124123,+51.46294,+22.79078,7786.0,104.0,230.6,0F
[177464]	$DSM0D,124123,+51.46097,+22.83996,162.0,9.0,329.1,0F
[178000]	$DSM00,124124,+51.46234,+22.78962,7786.0,104.0,230.6,0F
[178107]	$DSM03,124124,+51.46614,+22.83373,202.0,9.0,226.4,0F
[178143]	$DSM04,124124,+51.46614,+22.83373,200.0,10.0,227.8,6F
[178393]	$DSM0B,124124,+51.46577,+22.83519,168.0,6.0,247.5,0F
[178429]	$DSM0C,124124,+51.46155,+22.83933,164.0,9.0,329.1,0F
[179000]	$DSM00,124125,+51.46176,+22.78846,7786.0,104.0,230.6,0F
[179107]	$DSM03,124125,+51.46608,+22.83365,202.0,9.0,225.0,0F
[179143]	$DSM04,124125,+51.46608,+22.83362,200.0,9.0,226.4,6F
[179393]	$DSM0B,124125,+51.46576,+22.83508,168.0,7.0,241.9,0F
[179429]	$DSM0C,124125,+51.46162,+22.83927,164.0,9.0,329.1,0F
[179464]	$DSM0D,124125,+51.46110,+22.83983,164.0,8.0,330.5,0F
[179536]	$DSM0F,124125,+51.45303,+22.81566,162.0,17.0,196.9,0F
[180393]	$DSM0B,124126,+51.46571,+22.83500,168.0,8.0,240.5,0F
[180429]	$DSM0C,124126,+51.46169,+22.83920,164.0,8.0,331.9,0F
[180464]	$DSM0D,124126,+51.46116,+22.83978,164.0,8.0,329.1,0F
[180536]	$DSM0F,124126,+51.45288,+22.81560,162.0,17.0,196.9,0F
[181000]	$DSM00,124127,+51.46056,+22.78614,7786.0,104.0,230.6,0F
[181107]	$DSM03,124127,+51.46595,+22.83346,202.0,10.0,225.0,0F
[181143]	$DSM04,124127,+51.46592,+22.83343,198.0,10.0,226.4,6F
[181536]	$DSM0F,124127,+51.45275,+22.81554,162.0,17.0,196.9,0F
[182000]	$DSM00,124128,+51.45997,+22.78496,7786.0,104.0,230.6,0F
[182143]	$DSM04,124128,+51.46585,+22.83335,198.0,9.0,227.8,6F
[182393]	$DSM0B,124128,+51.46564,+22.83481,168.0,9.0,239.1,0F
[182429]	$DSM0C,124128,+51.46182,+22.83908,164.0,8.0,327.7,0F
[182464]	$DSM0D,124128,+51.46128,+22.83966,164.0,8.0,327.7,0F
[183393]	$DSM0B,124129,+51.46560,+22.83468,168.0,9.0,239.1,0F
[183429]	$DSM0C,124129,+51.46188,+22.83901,164.0,8.0,329.1,0F
[183464]	$DSM0D,124129,+51.46136,+22.83959,164.0,8.0,330.5,0F
[184000]	$DSM00,124130,+51.45879,+22.78264,7786.0,104.0,230.6,0F
[184107]	$DSM03,124130,+51.46579,+22.83315,204.0,9.0,234.8,0F
[184143]	$DSM04,124130,+51.46574,+22.83318,196.0,9.0,232.0,6F
[185000]	$DSM00,124131,+51.45820,+22.78146,7786.0,104.0,230.6,0F
[185107]	$DSM03,124131,+51.46574,+22.83307,204.0,8.0,237.7,0F
[185143]	$DSM04,124131,+51.46571,+22.83307,196.0,9.0,239.1,6F
[185393]	$DSM0B,124131,+51.46551,+22.83442,168.0,11.0,241.9,0F
[185429]	$DSM0C,124131,+51.46201,+22.83890,164.0,8.0,330.5,0F
[185464]	$DSM0D,124131,+51.46148,+22.83946,164.0,8.0,329.1,0F
[185536]	$DSM0F,124131,+51.45220,+22.81528,162.0,16.0,199.7,0F
[186107]	$DSM03,124132,+51.46570,+22.83296,204.0,8.0,240.5,0F
[186143]	$DSM04,124132,+51.46567,+22.83296,196.0,8.0,241.9,6F
[186393]	$DSM0B,124132,+51.46545,+22.83429,168.0,12.0,240.5,0F
[186429]	$DSM0C,124132,+51.46208,+22.83884,164.0,8.0,329.1,0F
[186464]	$DSM0D,124132,+51.46154,+22.83942,164.0,8.0,327.7,0F
[186536]	$DSM0F,124132,+51.45207,+22.81519,160.0,15.0,199.7,0F
[187000]	$DSM00,124133,+51.45701,+22.77914,7786.0,104.0,230.6,0F
[188000]	$DSM00,124134,+51.45642,+22.77799,7786.0,104.0,230.6,0F
[188107]	$DSM03,124134,+51.46563,+22.83277,206.0,7.0,234.8,0F
[188143]	$DSM04,124134,+51.46560,+22.83279,198.0,7.0,233.4,6F
[188393]	$DSM0B,124134,+51.46535,+22.83397,168.0,12.0,241.9,0F
[188429]	$DSM0C,124134,+51.46220,+22.83871,164.0,8.0,329.1,0F
[188464]	$DSM0D,124134,+51.46167,+22.83929,164.0,8.0,329.1,0F
[188536]	$DSM0F,124134,+51.45182,+22.81506,160.0,15.0,198.3,0F
[189000]	$DSM00,124135,+51.45584,+22.77680,7786.0,104.0,230.6,0F
[189107]	$DSM03,124135,+51.46560,+22.83268,206.0,7.0,234.8,0F
[189143]	$DSM04,124135,+51.46556,+22.83270,196.0,7.0,232.0,6F
[189393]	$DSM0B,124135,+51.46529,+22.83382,168.0,12.0,241.9,0F
[189429]	$DSM0C,124135,+51.46227,+22.83865,164.0,8.0,329.1,0F
[189464]	$DSM0D,124135,+51.46173,+22.83923,164.0,8.0,329.1,0F
[190393]	$DSM0B,124136,+51.46524,+22.83367,168.0,12.0,240.5,0F
[190429]	$DSM0C,124136,+51.46233,+22.83860,164.0,8.0,327.7,0F
[190464]	$DSM0D,124136,+51.46179,+22.83918,164.0,8.0,329.1,0F
[190536]	$DSM0F,124136,+51.45156,+22.81494,160.0,14.0,196.9,0F
[191000]	$DSM00,124137,+51.45465,+22.77449,7786.0,104.0,236.2,0F
[191107]	$DSM03,124137,+51.46552,+22.83253,206.0,6.0,233.4,0F
[191143]	$DSM04,124137,+51.46551,+22.83255,196.0,6.0,234.8,6F
[192000]	$DSM00,124138,+51.45407,+22.77331,7786.0,104.0,230.6,0F
[192107]	$DSM03,124138,+51.46548,+22.83247,206.0,6.0,232.0,0F
[192143]	$DSM04,124138,+51.46547,+22.83247,196.0,7.0,232.0,6F
[192393]	$DSM0B,124138,+51.46513,+22.83337,168.0,12.0,240.5,0F
[192429]	$DSM0C,124138,+51.46246,+22.83848,164.0,9.0,327.7,0F
[192464]	$DSM0D,124138,+51.46192,+22.83903,164.0,9.0,327.7,0F
[192536]	$DSM0F,124138,+51.45132,+22.81481,164.0,14.0,198.3,0F
[193393]	$DSM0B,124139,+51.46508,+22.83320,166.0,12.0,240.5,0F
[193429]	$DSM0C,124139,+51.46252,+22.83841,164.0,9.0,329.1,0F
[193464]	$DSM0D,124139,+51.46199,+22.83897,164.0,9.0,329.1,0F
[193536]	$DSM0F,124139,+51.45120,+22.81476,164.0,14.0,195.5,0F
[194000]	$DSM00,124140,+51.45288,+22.77097,7786.0,104.0,230.6,0F
[194107]	$DSM03,124140,+51.46542,+22.83234,204.0,5.0,234.8,0F
[194143]	$DSM04,124140,+51.46540,+22.83234,196.0,6.0,236.2,6F
[194536]	$DSM0F,124140,+51.45107,+22.81470,164.0,14.0,194.1,0F
[195000]	$DSM00,124141,+51.45230,+22.76981,7786.0,104.0,230.6,0F
[195107]	$DSM03,124141,+51.46540,+22.83228,206.0,6.0,236.2,0F
[195143]	$DSM04,124141,+51.46537,+22.83225,196.0,6.0,241.9,6F
[195393]	$DSM0B,124141,+51.46497,+22.83292,166.0,12.0,241.9,0F
[195429]	$DSM0C,124141,+51.46267,+22.83828,164.0,9.0,330.5,0F
[195464]	$DSM0D,124141,+51.46213,+22.83884,164.0,9.0,329.1,0F
[196393]	$DSM0B,124142,+51.46492,+22.83277,166.0,11.0,240.5,0F
[196429]	$DSM0C,124142,+51.46273,+22.83822,164.0,9.0,331.9,0F
[196464]	$DSM0D,124142,+51.46220,+22.83878,164.0,9.0,330.5,0F
[197000]	$DSM00,124143,+51.45112,+22.76747,7786.0,104.0,230.6,0F
[197107]	$DSM03,124143,+51.46535,+22.83214,206.0,6.0,239.1,0F
[197143]	$DSM04,124143,+51.46535,+22.83212,200.0,6.0,255.9,6F
[198000]	$DSM00,124144,+51.45053,+22.76629,7786.0,104.0,230.6,0F
[198107]	$DSM03,124144,+51.46532,+22.83206,206.0,6.0,239.1,0F
[198143]	$DSM04,124144,+51.46535,+22.83204,202.0,5.0,258.7,6F
[198393]	$DSM0B,124144,+51.46482,+22.83247,166.0,12.0,240.5,0F
[198429]	$DSM0C,124144,+51.46287,+22.83809,164.0,9.0,330.5,0F
[198464]	$DSM0D,124144,+51.46233,+22.83865,164.0,9.0,329.1,0F
[198536]	$DSM0F,124144,+51.45056,+22.81455,162.0,15.0,187.0,0F
[199393]	$DSM0B,124145,+51.46476,+22.83232,166.0,12.0,241.9,0F
[199429]	$DSM0C,124145,+51.46294,+22.83802,164.0,9.0,329.1,0F
[199464]	$DSM0D,124145,+51.46240,+22.83858,164.0,9.0,327.7,0F
[199536]	$DSM0F,124145,+51.45042,+22.81453,162.0,15.0,187.0,0F
[200000]	$DSM00,124146,+51.44935,+22.76395,7784.0,104.0,230.6,0F
[200107]	$DSM03,124146,+51.46526,+22.83191,206.0,6.0,241.9,0F
[200143]	$DSM04,124146,+51.46529,+22.83191,202.0,5.0,239.1,6F
[201000]	$DSM00,124147,+51.44876,+22.76280,7784.0,104.0,230.6,0F
[201107]	$DSM03,124147,+51.46524,+22.83182,206.0,7.0,243.3,0F
[201143]	$DSM04,124147,+51.46526,+22.83184,204.0,6.0,232.0,6F
[201393]	$DSM0B,124147,+51.46466,+22.83202,166.0,12.0,241.9,0F
[201429]	$DSM0C,124147,+51.46308,+22.83790,164.0,8.0,329.1,0F
[201464]	$DSM0D,124147,+51.46253,+22.83843,164.0,9.0,327.7,0F
[201536]	$DSM0F,124147,+51.45016,+22.81448,158.0,15.0,184.2,0F
[202000]	$DSM00,124149,+51.44757,+22.76046,7784.0,105.0,230.6,0F
[202107]	$DSM03,124149,+51.46516,+22.83156,204.0,12.0,244.7,0F
[202143]	$DSM04,124149,+51.46516,+22.83161,204.0,11.0,241.9,6F
[202393]	$DSM0B,124149,+51.46456,+22.83172,166.0,11.0,241.9,0F
[202429]	$DSM0C,124149,+51.46320,+22.83777,164.0,9.0,329.1,0F
[202464]	$DSM0D,124149,+51.46267,+22.83830,164.0,9.0,327.7,0F
[202536]	$DSM0F,124149,+51.44991,+22.81446,158.0,14.0,182.8,0F
[203000]	$DSM00,124151,+51.44633,+22.75818,7784.0,105.0,227.8,0F
[203107]	$DSM03,124151,+51.46506,+22.83118,202.0,16.0,247.5,0F
[203143]	$DSM04,124151,+51.46506,+22.83133,200.0,11.0,241.9,6F
[203393]	$DSM0B,124151,+51.46446,+22.83144,166.0,11.0,240.5,0F
[203429]	$DSM0C,124151,+51.46334,+22.83764,162.0,9.0,331.9,0F
[203464]	$DSM0D,124151,+51.46280,+22.83818,164.0,9.0,329.1,0F
[203536]	$DSM0F,124151,+51.44964,+22.81442,158.0,14.0,184.2,0F
[204393]	$DSM0B,124152,+51.46440,+22.83129,166.0,11.0,239.1,0F
[204429]	$DSM0C,124152,+51.46340,+22.83760,164.0,9.0,329.1,0F
[204464]	$DSM0D,124152,+51.46286,+22.83811,164.0,9.0,329.1,0F
[204536]	$DSM0F,124152,+51.44951,+22.81442,156.0,15.0,185.6,0F
[205000]	$DSM00,124153,+51.44501,+22.75597,7784.0,106.0,225.0,0F
[205107]	$DSM03,124153,+51.46493,+22.83071,202.0,18.0,246.1,0F
[205143]	$DSM04,124153,+51.46494,+22.83088,192.0,16.0,247.5,6F
[205429]	$DSM0C,124153,+51.46347,+22.83753,164.0,9.0,327.7,0F
[206000]	$DSM00,124154,+51.44432,+22.75490,7784.0,107.0,222.2,0F
[206107]	$DSM03,124154,+51.46485,+22.83047,202.0,19.0,240.5,0F
[206143]	$DSM04,124154,+51.46485,+22.83060,192.0,18.0,240.5,6F
[206393]	$DSM0B,124154,+51.46429,+22.83101,164.0,11.0,240.5,0F
[206464]	$DSM0D,124154,+51.46300,+22.83798,164.0,8.0,329.1,0F
[206536]	$DSM0F,124154,+51.44927,+22.81438,156.0,14.0,185.6,0F
[207393]	$DSM0B,124155,+51.46425,+22.83086,164.0,11.0,241.9,0F
[207429]	$DSM0C,124155,+51.46360,+22.83738,164.0,9.0,327.7,0F
[207464]	$DSM0D,124155,+51.46306,+22.83792,164.0,8.0,329.1,0F
[207536]	$DSM0F,124155,+51.44913,+22.81436,156.0,14.0,185.6,0F
[208000]	$DSM00,124156,+51.44285,+22.75290,7782.0,108.0,218.0,0F
[208107]	$DSM03,124156,+51.46465,+22.83000,204.0,20.0,229.2,0F
[208143]	$DSM04,124156,+51.46464,+22.83006,186.0,20.0,232.0,6F
[209000]	$DSM00,124157,+51.44207,+22.75198,7782.0,109.0,215.2,0F
[209107]	$DSM03,124157,+51.46452,+22.82978,204.0,21.0,222.2,0F
[209143]	$DSM04,124157,+51.46452,+22.82983,184.0,20.0,227.8,6F
[209393]	$DSM0B,124157,+51.46416,+22.83058,164.0,11.0,240.5,0F
[209429]	$DSM0C,124157,+51.46374,+22.83725,164.0,9.0,329.1,0F
[209464]	$DSM0D,124157,+51.46319,+22.83779,164.0,8.0,329.1,0F
[210393]	$DSM0B,124158,+51.46410,+22.83045,164.0,11.0,240.5,0F
[210429]	$DSM0C,124158,+51.46381,+22.83717,164.0,9.0,327.7,0F
[210464]	$DSM0D,124158,+51.46325,+22.83772,164.0,8.0,329.1,0F
[211000]	$DSM00,124159,+51.44041,+22.75026,7780.0,110.0,210.9,0F
[211107]	$DSM03,124159,+51.46421,+22.82946,206.0,20.0,205.3,0F
[211143]	$DSM04,124159,+51.46426,+22.82944,182.0,19.0,212.3,6F
[212107]	$DSM03,124200,+51.46405,+22.82936,206.0,19.0,194.1,0F
[212143]	$DSM04,124200,+51.46409,+22.82934,180.0,20.0,199.7,6F
[212393]	$DSM0B,124200,+51.46400,+22.83015,164.0,11.0,240.5,0F
[212429]	$DSM0C,124200,+51.46394,+22.83704,164.0,8.0,329.1,0F
[212464]	$DSM0D,124200,+51.46338,+22.83762,164.0,8.0,330.5,0F
[213393]	$DSM0B,124201,+51.46394,+22.83002,164.0,12.0,240.5,0F
[213429]	$DSM0C,124201,+51.46400,+22.83697,164.0,8.0,331.9,0F
[213464]	$DSM0D,124201,+51.46344,+22.83755,164.0,8.0,329.1,0F
[213536]	$DSM0F,124201,+51.44843,+22.81425,154.0,13.0,191.2,0F
[214000]	$DSM00,124202,+51.43776,+22.74808,7780.0,111.0,203.9,0F
[214107]	$DSM03,124202,+51.46371,+22.82936,210.0,18.0,167.3,0F
[214143]	$DSM04,124202,+51.46374,+22.82927,176.0,19.0,184.2,6F
[215000]	$DSM00,124203,+51.43682,+22.74747,7780.0,112.0,201.1,0F
[215107]	$DSM03,124203,+51.46356,+22.82946,210.0,17.0,153.3,0F
[215143]	$DSM04,124203,+51.46358,+22.82936,180.0,0.0,0.0,6F
[215393]	$DSM0B,124203,+51.46384,+22.82972,164.0,12.0,239.1,0F
[215429]	$DSM0C,124203,+51.46413,+22.83686,162.0,8.0,331.9,0F
[215464]	$DSM0D,124203,+51.46356,+22.83742,164.0,9.0,327.7,0F
[215536]	$DSM0F,124203,+51.44820,+22.81412,152.0,14.0,202.5,0F
[216107]	$DSM03,124204,+51.46344,+22.82959,210.0,17.0,137.8,0F
[216143]	$DSM04,124204,+51.46344,+22.82950,184.0,16.0,144.8,6F
[216393]	$DSM0B,124204,+51.46379,+22.82957,164.0,12.0,240.5,0F
[216429]	$DSM0C,124204,+51.46420,+22.83680,164.0,8.0,330.5,0F
[216464]	$DSM0D,124204,+51.46363,+22.83736,164.0,9.0,329.1,0F
[216536]	$DSM0F,124204,+51.44808,+22.81406,152.0,14.0,206.7,0F
[217000]	$DSM00,124205,+51.43491,+22.74642,7782.0,112.0,196.9,0F
[217464]	$DSM0D,124205,+51.46369,+22.83730,164.0,8.0,330.5,0F
[217536]	$DSM0F,124205,+51.44796,+22.81395,152.0,14.0,209.5,0F
[218000]	$DSM00,124206,+51.43393,+22.74599,7782.0,113.0,194.1,0F
[218107]	$DSM03,124206,+51.46327,+22.83004,210.0,18.0,113.9,0F
[218143]	$DSM04,124206,+51.46324,+22.83002,192.0,18.0,113.9,6F
[218393]	$DSM0B,124206,+51.46368,+22.82927,164.0,12.0,240.5,0F
[218429]	$DSM0C,124206,+51.46432,+22.83670,164.0,8.0,329.1,0F
[219000]	$DSM00,124207,+51.43295,+22.74563,7782.0,113.0,192.7,0F
[219107]	$DSM03,124207,+51.46320,+22.83030,210.0,20.0,108.3,0F
[219143]	$DSM04,124207,+51.46317,+22.83028,194.0,19.0,109.7,6F
[219393]	$DSM0B,124207,+51.46362,+22.82912,164.0,12.0,240.5,0F
[219429]	$DSM0C,124207,+51.46438,+22.83665,164.0,8.0,333.3,0F
[219464]	$DSM0D,124207,+51.46382,+22.83719,166.0,8.0,329.1,0F
[219536]	$DSM0F,124207,+51.44775,+22.81371,154.0,14.0,213.7,0F
[220464]	$DSM0D,124208,+51.46388,+22.83712,166.0,8.0,330.5,0F
[220536]	$DSM0F,124208,+51.44764,+22.81358,156.0,15.0,215.2,0F
[221000]	$DSM00,124209,+51.43093,+22.74507,7784.0,113.0,188.4,0F
[221107]	$DSM03,124209,+51.46312,+22.83094,210.0,23.0,102.7,0F
[221143]	$DSM04,124209,+51.46308,+22.83090,198.0,23.0,101.2,6F
[221393]	$DSM0B,124209,+51.46352,+22.82882,164.0,12.0,240.5,0F
[221429]	$DSM0C,124209,+51.46450,+22.83652,164.0,7.0,326.2,0F
[222000]	$DSM00,124210,+51.42991,+22.74488,7784.0,113.0,185.6,0F
[222107]	$DSM03,124210,+51.46308,+22.83129,212.0,24.0,102.7,0F
[222143]	$DSM04,124210,+51.46302,+22.83124,198.0,24.0,101.2,6F
[222393]	$DSM0B,124210,+51.46344,+22.82867,164.0,12.0,240.5,0F
[222429]	$DSM0C,124210,+51.46456,+22.83646,164.0,8.0,327.7,0F
[222464]	$DSM0D,124210,+51.46403,+22.83700,166.0,8.0,327.7,0F
[222536]	$DSM0F,124210,+51.44741,+22.81333,156.0,15.0,215.2,0F
[223000]	$DSM00,124212,+51.42787,+22.74468,7784.0,114.0,181.4,0F
[223036]	$DSM01,124212,+51.46221,+22.60802,196.0,0.0,0.0,0F
[223107]	$DSM03,124212,+51.46297,+22.83200,216.0,24.0,101.2,0F
[223143]	$DSM04,124212,+51.46293,+22.83195,200.0,25.0,102.7,6F
[223393]	$DSM0B,124212,+51.46334,+22.82837,164.0,11.0,240.5,0F
[223429]	$DSM0C,124212,+51.46468,+22.83633,164.0,9.0,330.5,0F
[223464]	$DSM0D,124212,+51.46415,+22.83686,166.0,8.0,327.7,0F
[223536]	$DSM0F,124212,+51.44718,+22.81309,158.0,15.0,213.7,0F
[224107]	$DSM03,124213,+51.46294,+22.83236,220.0,24.0,99.8,0F
[224143]	$DSM04,124213,+51.46288,+22.83234,204.0,26.0,102.7,6F
[224393]	$DSM0B,124213,+51.46330,+22.82822,164.0,11.0,241.9,0F
[224464]	$DSM0D,124213,+51.46421,+22.83680,166.0,9.0,327.7,0F
[224536]	$DSM0F,124213,+51.44707,+22.81296,158.0,16.0,215.2,0F
[225000]	$DSM00,124214,+51.42581,+22.74475,7786.0,114.0,177.2,0F
[226000]	$DSM00,124215,+51.42478,+22.74486,7786.0,114.0,175.8,0F
[226107]	$DSM03,124215,+51.46286,+22.83307,230.0,25.0,99.8,0F
[226143]	$DSM04,124215,+51.46278,+22.83311,216.0,25.0,101.2,6F
[226393]	$DSM0B,124215,+51.46320,+22.82796,164.0,11.0,240.5,0F
[226429]	$DSM0C,124215,+51.46488,+22.83614,166.0,9.0,330.5,0F
[226464]	$DSM0D,124215,+51.46434,+22.83667,166.0,9.0,330.5,0F
[226536]	$DSM0F,124215,+51.44683,+22.81268,158.0,16.0,213.7,0F
[227000]	$DSM00,124216,+51.42376,+22.74503,7786.0,114.0,173.0,0F
[227107]	$DSM03,124216,+51.46284,+22.83343,232.0,25.0,95.6,0F
[227143]	$DSM04,124216,+51.46276,+22.83346,222.0,24.0,97.0,6F
[227393]	$DSM0B,124216,+51.46316,+22.82781,164.0,11.0,240.5,0F
[227429]	$DSM0C,124216,+51.46495,+22.83609,166.0,9.0,329.1,0F
[227464]	$DSM0D,124216,+51.46441,+22.83661,164.0,9.0,330.5,0F
[227536]	$DSM0F,124216,+51.44671,+22.81256,158.0,16.0,213.7,0F
[228393]	$DSM0B,124217,+51.46311,+22.82768,164.0,11.0,240.5,0F
[228429]	$DSM0C,124217,+51.46503,+22.83601,166.0,9.0,331.9,0F
[228464]	$DSM0D,124217,+51.46448,+22.83654,164.0,9.0,330.5,0F
[228536]	$DSM0F,124217,+51.44660,+22.81240,158.0,16.0,213.7,0F
[229000]	$DSM00,124218,+51.42172,+22.74558,7786.0,114.0,168.7,0F
[229107]	$DSM03,124218,+51.46283,+22.83420,238.0,27.0,85.8,0F
[229143]	$DSM04,124218,+51.46276,+22.83418,228.0,26.0,87.2,6F
[230000]	$DSM00,124219,+51.42072,+22.74595,7786.0,114.0,167.3,0F
[230107]	$DSM03,124219,+51.46286,+22.83459,240.0,28.0,81.6,0F
[230143]	$DSM04,124219,+51.46280,+22.83457,232.0,28.0,83.0,6F
[230393]	$DSM0B,124219,+51.46300,+22.82742,164.0,10.0,240.5,0F
[230429]	$DSM0C,124219,+51.46516,+22.83588,164.0,9.0,329.1,0F
[230464]	$DSM0D,124219,+51.46460,+22.83644,164.0,8.0,327.7,0F
[230536]	$DSM0F,124219,+51.44636,+22.81215,156.0,16.0,213.7,0F
[231393]	$DSM0B,124220,+51.46296,+22.82730,164.0,10.0,240.5,0F
[231429]	$DSM0C,124220,+51.46523,+22.83579,164.0,9.0,329.1,0F
[231464]	$DSM0D,124220,+51.46467,+22.83637,164.0,8.0,327.7,0F
[231536]	$DSM0F,124220,+51.44623,+22.81200,156.0,16.0,213.7,0F
[232000]	$DSM00,124221,+51.41873,+22.74683,7786.0,114.0,163.1,0F
[232107]	$DSM03,124221,+51.46299,+22.83541,242.0,29.0,71.7,0F
[232143]	$DSM04,124221,+51.46289,+22.83543,232.0,30.0,75.9,6F
[233000]	$DSM00,124222,+51.41776,+22.74737,7786.0,114.0,160.3,0F
[233107]	$DSM03,124222,+51.46308,+22.83579,242.0,29.0,68.9,0F
[233143]	$DSM04,124222,+51.46299,+22.83584,234.0,30.0,71.7,6F
[233393]	$DSM0B,124222,+51.46287,+22.82704,164.0,11.0,240.5,0F
[233429]	$DSM0C,124222,+51.46537,+22.83566,162.0,9.0,329.1,0F
[233464]	$DSM0D,124222,+51.46479,+22.83624,164.0,8.0,329.1,0F
[233536]	$DSM0F,124222,+51.44599,+22.81174,158.0,16.0,213.7,0F
[234107]	$DSM03,124223,+51.46318,+22.83620,242.0,30.0,64.7,0F
[234143]	$DSM04,124223,+51.46308,+22.83626,236.0,30.0,70.3,6F
[234393]	$DSM0B,124223,+51.46281,+22.82691,164.0,11.0,239.1,0F
[234429]	$DSM0C,124223,+51.46544,+22.83560,162.0,9.0,329.1,0F
[234464]	$DSM0D,124223,+51.46486,+22.83618,164.0,8.0,330.5,0F
[234536]	$DSM0F,124223,+51.44586,+22.81161,158.0,16.0,213.7,0F
[235000]	$DSM00,124224,+51.41585,+22.74861,7786.0,113.0,156.1,0F
[235464]	$DSM0D,124224,+51.46492,+22.83612,164.0,8.0,329.1,0F
[235536]	$DSM0F,124224,+51.44575,+22.81148,158.0,16.0,215.2,0F
[236000]	$DSM00,124225,+51.41493,+22.74932,7784.0,113.0,154.7,0F
[236036]	$DSM01,124225,+51.46221,+22.60804,196.0,0.0,0.0,0F
[236107]	$DSM03,124225,+51.46346,+22.83693,240.0,29.0,53.4,0F
[236143]	$DSM04,124225,+51.46334,+22.83704,238.0,30.0,60.5,6F
[236393]	$DSM0B,124225,+51.46272,+22.82663,164.0,11.0,239.1,0F
[236429]	$DSM0C,124225,+51.46557,+22.83547,162.0,8.0,330.5,0F
[236536]	$DSM0F,124225,+51.44563,+22.81135,158.0,16.0,216.6,0F
[237000]	$DSM00,124226,+51.41401,+22.75007,7784.0,113.0,151.9,0F
[237107]	$DSM03,124226,+51.46363,+22.83725,238.0,29.0,47.8,0F
[237143]	$DSM04,124226,+51.46350,+22.83738,238.0,30.0,53.4,6F
[237393]	$DSM0B,124226,+51.46267,+22.82648,164.0,12.0,239.1,0F
[237429]	$DSM0C,124226,+51.46564,+22.83543,162.0,7.0,331.9,0F
[237464]	$DSM0D,124226,+51.46506,+22.83599,166.0,9.0,329.1,0F
[238464]	$DSM0D,124227,+51.46513,+22.83592,166.0,9.0,330.5,0F
[238536]	$DSM0F,124227,+51.44539,+22.81107,158.0,16.0,213.7,0F
[239000]	$DSM00,124228,+51.41226,+22.75174,7784.0,112.0,147.7,0F
[239107]	$DSM03,124228,+51.46405,+22.83774,234.0,30.0,30.9,0F
[239143]	$DSM04,124228,+51.46392,+22.83794,234.0,29.0,40.8,6F
[239393]	$DSM0B,124228,+51.46255,+22.82620,166.0,11.0,237.7,0F
[239429]	$DSM0C,124228,+51.46573,+22.83532,162.0,5.0,327.7,0F
[240000]	$DSM00,124229,+51.41141,+22.75264,7784.0,112.0,146.2,0F
[240107]	$DSM03,124229,+51.46428,+22.83794,232.0,29.0,23.9,0F
[240143]	$DSM04,124229,+51.46416,+22.83815,232.0,29.0,33.7,6F
[240393]	$DSM0B,124229,+51.46249,+22.82605,166.0,11.0,234.8,0F
[240464]	$DSM0D,124229,+51.46526,+22.83579,166.0,9.0,329.1,0F
[240536]	$DSM0F,124229,+51.44515,+22.81082,158.0,16.0,212.3,0F
[241393]	$DSM0B,124230,+51.46244,+22.82592,166.0,11.0,233.4,0F
[241429]	$DSM0C,124230,+51.46572,+22.83519,164.0,5.0,243.3,0F
[241464]	$DSM0D,124230,+51.46532,+22.83573,166.0,9.0,329.1,0F
[241536]	$DSM0F,124230,+51.44503,+22.81069,158.0,16.0,213.7,0F
[242000]	$DSM00,124231,+51.40978,+22.75460,7784.0,112.0,142.0,0F
[242107]	$DSM03,124231,+51.46479,+22.83815,226.0,28.0,11.2,0F
[242143]	$DSM04,124231,+51.46467,+22.83837,228.0,28.0,19.7,6F
[242429]	$DSM0C,124231,+51.46568,+22.83513,164.0,7.0,233.4,0F
[243000]	$DSM00,124232,+51.40901,+22.75563,7784.0,111.0,139.2,0F
[243107]	$DSM03,124232,+51.46504,+22.83820,224.0,28.0,2.8,0F
[243143]	$DSM04,124232,+51.46494,+22.83841,224.0,28.0,11.2,6F
[243393]	$DSM0B,124232,+51.46231,+22.82569,166.0,11.0,226.4,0F
[243464]	$DSM0D,124232,+51.46545,+22.83560,166.0,8.0,329.1,0F
[243536]	$DSM0F,124232,+51.44479,+22.81043,158.0,16.0,213.7,0F
[244107]	$DSM03,124233,+51.46529,+22.83818,220.0,28.0,354.4,0F
[244143]	$DSM04,124233,+51.46522,+22.83837,222.0,28.0,1.4,6F
[244393]	$DSM0B,124233,+51.46224,+22.82558,166.0,11.0,223.6,0F
[244464]	$DSM0D,124233,+51.46551,+22.83556,166.0,7.0,329.1,0F
[244536]	$DSM0F,124233,+51.44468,+22.81030,158.0,15.0,215.2,0F
[245000]	$DSM00,124234,+51.40755,+22.75784,7784.0,110.0,135.0,0F
[245464]	$DSM0D,124234,+51.46556,+22.83552,166.0,5.0,330.5,0F
[245536]	$DSM0F,124234,+51.44456,+22.81017,158.0,16.0,215.2,0F
[246000]	$DSM00,124235,+51.40686,+22.75900,7784.0,110.0,133.6,0F
[246107]	$DSM03,124235,+51.46580,+22.83796,216.0,28.0,340.3,0F
[246143]	$DSM04,124235,+51.46574,+22.83815,218.0,28.0,345.9,6F
[246393]	$DSM0B,124235,+51.46209,+22.82536,166.0,10.0,219.4,0F
[246429]	$DSM0C,124235,+51.46548,+22.83468,166.0,9.0,239.1,0F
[247000]	$DSM00,124236,+51.40620,+22.76018,7784.0,110.0,130.8,0F
[247107]	$DSM03,124236,+51.46602,+22.83777,216.0,27.0,331.9,0F
[247143]	$DSM04,124236,+51.46599,+22.83794,216.0,28.0,336.1,6F
[247393]	$DSM0B,124236,+51.46202,+22.82528,166.0,10.0,216.6,0F
[247429]	$DSM0C,124236,+51.46544,+22.83457,166.0,9.0,237.7,0F
[247464]	$DSM0D,124236,+51.46561,+22.83545,166.0,4.0,331.9,0F
[247536]	$DSM0F,124236,+51.44431,+22.80994,158.0,16.0,208.1,0F
[248107]	$DSM03,124238,+51.46640,+22.83732,214.0,25.0,313.6,0F
[249000]	$DSM00,124239,+51.40442,+22.76395,7784.0,108.0,125.2,0F
[249143]	$DSM04,124239,+51.46659,+22.83710,214.0,25.0,308.0,6F
[249393]	$DSM0B,124239,+51.46180,+22.82504,164.0,9.0,215.2,0F
[249429]	$DSM0C,124239,+51.46530,+22.83423,168.0,8.0,237.7,0F
[249464]	$DSM0D,124239,+51.46571,+22.83536,164.0,4.0,327.7,0F
[249536]	$DSM0F,124239,+51.44396,+22.80957,160.0,15.0,212.3,0F
[250143]	$DSM04,124240,+51.46668,+22.83676,214.0,23.0,296.7,6F
[250393]	$DSM0B,124240,+51.46173,+22.82496,164.0,9.0,216.6,0F
[250429]	$DSM0C,124240,+51.46526,+22.83412,168.0,9.0,239.1,0F
[250464]	$DSM0D,124240,+51.46574,+22.83532,164.0,5.0,316.4,0F
[250536]	$DSM0F,124240,+51.44383,+22.80946,160.0,15.0,212.3,0F
[251000]	$DSM00,124241,+51.40339,+22.76659,7784.0,107.0,120.9,0F
[251107]	$DSM03,124241,+51.46667,+22.83639,214.0,22.0,281.2,0F
[252000]	$DSM00,124242,+51.40292,+22.76796,7784.0,107.0,118.1,0F
[252107]	$DSM03,124242,+51.46667,+22.83609,214.0,21.0,270.0,0F
[252143]	$DSM04,124242,+51.46674,+22.83612,216.0,22.0,275.6,6F
[252393]	$DSM0B,124242,+51.46160,+22.82481,164.0,9.0,216.6,0F
[252429]	$DSM0C,124242,+51.46517,+22.83388,168.0,10.0,240.5,0F
[252464]	$DSM0D,124242,+51.46576,+22.83519,164.0,6.0,253.1,0F
[252536]	$DSM0F,124242,+51.44360,+22.80921,162.0,14.0,215.2,0F
[253107]	$DSM03,124243,+51.46662,+22.83579,212.0,20.0,261.6,0F
[253143]	$DSM04,124243,+51.46671,+22.83579,214.0,22.0,264.4,6F
[253393]	$DSM0B,124243,+51.46154,+22.82472,164.0,9.0,215.2,0F
[253429]	$DSM0C,124243,+51.46513,+22.83376,168.0,10.0,241.9,0F
[253464]	$DSM0D,124243,+51.46573,+22.83511,164.0,7.0,239.1,0F
[253536]	$DSM0F,124243,+51.44349,+22.80910,162.0,14.0,213.7,0F
[254000]	$DSM00,124244,+51.40209,+22.77073,7784.0,106.0,113.9,0F
[254536]	$DSM0F,124244,+51.44339,+22.80895,164.0,14.0,219.4,0F
[255000]	$DSM00,124245,+51.40172,+22.77215,7784.0,105.0,112.5,0F
[255107]	$DSM03,124245,+51.46648,+22.83524,210.0,20.0,244.7,0F
[255143]	$DSM04,124245,+51.46651,+22.83517,204.0,22.0,246.1,6F
[255393]	$DSM0B,124245,+51.46140,+22.82457,164.0,9.0,216.6,0F
[255429]	$DSM0C,124245,+51.46504,+22.83348,168.0,11.0,240.5,0F
[255464]	$DSM0D,124245,+51.46566,+22.83491,164.0,9.0,239.1,0F
[256536]	$DSM0F,124247,+51.44312,+22.80846,164.0,14.0,233.4,0F
[257000]	$DSM00,124248,+51.40085,+22.77644,7784.0,103.0,105.5,0F
[257107]	$DSM03,124248,+51.46617,+22.83450,204.0,19.0,236.2,0F
[257143]	$DSM04,124248,+51.46617,+22.83442,196.0,21.0,237.7,6F
[257393]	$DSM0B,124248,+51.46117,+22.82431,164.0,11.0,218.0,0F
[257429]	$DSM0C,124248,+51.46488,+22.83298,170.0,14.0,240.5,0F
[257464]	$DSM0D,124248,+51.46552,+22.83453,164.0,11.0,240.5,0F
[258393]	$DSM0B,124249,+51.46110,+22.82420,164.0,11.0,216.6,0F
[258429]	$DSM0C,124249,+51.46482,+22.83279,170.0,14.0,240.5,0F
[258464]	$DSM0D,124249,+51.46548,+22.83440,164.0,11.0,240.5,0F
[258536]	$DSM0F,124249,+51.44298,+22.80811,162.0,14.0,234.8,0F
[259000]	$DSM00,124250,+51.40044,+22.77934,7784.0,102.0,101.2,0F
[259107]	$DSM03,124250,+51.46598,+22.83406,200.0,18.0,236.2,0F
[259143]	$DSM04,124250,+51.46597,+22.83399,192.0,19.0,236.2,6F
[260000]	$DSM00,124251,+51.40028,+22.78080,7784.0,102.0,99.8,0F
[260107]	$DSM03,124251,+51.46588,+22.83384,200.0,18.0,236.2,0F
[260143]	$DSM04,124251,+51.46588,+22.83378,190.0,18.0,236.2,6F
[260393]	$DSM0B,124251,+51.46092,+22.82401,164.0,12.0,213.7,0F
[260429]	$DSM0C,124251,+51.46468,+22.83242,170.0,15.0,241.9,0F
[260464]	$DSM0D,124251,+51.46537,+22.83410,164.0,12.0,241.9,0F
[260536]	$DSM0F,124251,+51.44285,+22.80777,160.0,14.0,234.8,0F
[261393]	$DSM0B,124252,+51.46084,+22.82390,164.0,12.0,215.2,0F
[261429]	$DSM0C,124252,+51.46463,+22.83223,170.0,15.0,241.9,0F
[261464]	$DSM0D,124252,+51.46532,+22.83395,164.0,12.0,240.5,0F
[261536]	$DSM0F,124252,+51.44276,+22.80762,156.0,14.0,232.0,0F
[262000]	$DSM00,124253,+51.40008,+22.78369,7784.0,100.0,95.6,0F
[262107]	$DSM03,124253,+51.46569,+22.83341,198.0,18.0,237.7,0F
[262143]	$DSM04,124253,+51.46569,+22.83335,190.0,18.0,237.7,6F
[263000]	$DSM00,124254,+51.40002,+22.78513,7784.0,100.0,92.8,0F
[263107]	$DSM03,124254,+51.46560,+22.83318,198.0,18.0,237.7,0F
[263143]	$DSM04,124254,+51.46560,+22.83313,190.0,18.0,237.7,6F
[263393]	$DSM0B,124254,+51.46067,+22.82371,164.0,12.0,216.6,0F
[263429]	$DSM0C,124254,+51.46450,+22.83187,168.0,14.0,240.5,0F
[263464]	$DSM0D,124254,+51.46520,+22.83362,164.0,12.0,240.5,0F
[263536]	$DSM0F,124254,+51.44260,+22.80732,152.0,14.0,223.6,0F
[264107]	$DSM03,124255,+51.46552,+22.83296,196.0,17.0,237.7,0F
[264143]	$DSM04,124255,+51.46553,+22.83292,192.0,17.0,237.7,6F
[264393]	$DSM0B,124255,+51.46058,+22.82360,164.0,12.0,218.0,0F
[264429]	$DSM0C,124255,+51.46444,+22.83167,168.0,14.0,240.5,0F
[264464]	$DSM0D,124255,+51.46514,+22.83348,164.0,13.0,240.5,0F
[264536]	$DSM0F,124255,+51.44251,+22.80719,152.0,15.0,219.4,0F
[265000]	$DSM00,124256,+51.40001,+22.78798,7784.0,99.0,88.6,0F
[265429]	$DSM0C,124256,+51.46437,+22.83150,168.0,14.0,240.5,0F
[265464]	$DSM0D,124256,+51.46509,+22.83330,164.0,13.0,240.5,0F
[265536]	$DSM0F,124256,+51.44240,+22.80706,150.0,15.0,215.2,0F
[266000]	$DSM00,124257,+51.40005,+22.78940,7784.0,98.0,87.2,0F
[266107]	$DSM03,124257,+51.46536,+22.83255,196.0,17.0,239.1,0F
[266143]	$DSM04,124257,+51.46538,+22.83249,190.0,17.0,240.5,6F
[266393]	$DSM0B,124257,+51.46041,+22.82339,164.0,12.0,216.6,0F
[267000]	$DSM00,124258,+51.40012,+22.79082,7784.0,97.0,84.4,0F
[267107]	$DSM03,124258,+51.46527,+22.83234,194.0,16.0,239.1,0F
[267143]	$DSM04,124258,+51.46529,+22.83228,190.0,17.0,239.1,6F
[267393]	$DSM0B,124258,+51.46032,+22.82330,164.0,12.0,216.6,0F
[267429]	$DSM0C,124258,+51.46425,+22.83114,168.0,14.0,240.5,0F
[267464]	$DSM0D,124258,+51.46497,+22.83298,164.0,14.0,241.9,0F
[267536]	$DSM0F,124258,+51.44216,+22.80682,152.0,15.0,208.1,0F
[268000]	$DSM00,124259,+51.40024,+22.79221,7784.0,97.0,83.0,0F
[268393]	$DSM0B,124259,+51.46024,+22.82320,164.0,12.0,216.6,0F
[268429]	$DSM0C,124259,+51.46419,+22.83096,168.0,13.0,240.5,0F
[268464]	$DSM0D,124259,+51.46492,+22.83281,164.0,13.0,241.9,0F
[268536]	$DSM0F,124259,+51.44202,+22.80674,154.0,15.0,206.7,0F
[269107]	$DSM03,124300,+51.46513,+22.83193,190.0,16.0,240.5,0F
[269143]	$DSM04,124300,+51.46513,+22.83187,190.0,17.0,239.1,6F
[270000]	$DSM00,124301,+51.40053,+22.79494,7784.0,96.0,78.7,0F
[270107]	$DSM03,124301,+51.46506,+22.83174,188.0,15.0,241.9,0F
[270143]	$DSM04,124301,+51.46506,+22.83165,190.0,17.0,237.7,6F
[270393]	$DSM0B,124301,+51.46007,+22.82300,164.0,12.0,216.6,0F
[270429]	$DSM0C,124301,+51.46408,+22.83062,166.0,14.0,241.9,0F
[270464]	$DSM0D,124301,+51.46480,+22.83247,164.0,13.0,241.9,0F
[270536]	$DSM0F,124301,+51.44177,+22.80652,156.0,15.0,208.1,0F
[271143]	$DSM04,124302,+51.46498,+22.83148,188.0,15.0,240.5,6F
[271393]	$DSM0B,124302,+51.45998,+22.82290,164.0,11.0,215.2,0F
[271429]	$DSM0C,124302,+51.46402,+22.83043,166.0,14.0,241.9,0F
[271464]	$DSM0D,124302,+51.46473,+22.83230,164.0,13.0,241.9,0F
[271536]	$DSM0F,124302,+51.44166,+22.80642,158.0,14.0,208.1,0F
[272000]	$DSM00,124303,+51.40096,+22.79760,7784.0,95.0,74.5,0F
[272107]	$DSM03,124303,+51.46494,+22.83135,186.0,15.0,244.7,0F
[273000]	$DSM00,124304,+51.40120,+22.79891,7784.0,94.0,73.1,0F
[273107]	$DSM03,124304,+51.46490,+22.83116,184.0,14.0,247.5,0F
[273143]	$DSM04,124304,+51.46488,+22.83112,184.0,14.0,247.5,6F
[273393]	$DSM0B,124304,+51.45982,+22.82270,164.0,11.0,216.6,0F
[273429]	$DSM0C,124304,+51.46390,+22.83008,164.0,14.0,240.5,0F
[273464]	$DSM0D,124304,+51.46463,+22.83195,164.0,13.0,241.9,0F
[273536]	$DSM0F,124304,+51.44144,+22.80620,160.0,14.0,212.3,0F
[274107]	$DSM03,124305,+51.46484,+22.83096,182.0,14.0,248.9,0F
[274143]	$DSM04,124305,+51.46483,+22.83094,182.0,14.0,247.5,6F
[274393]	$DSM0B,124305,+51.45973,+22.82262,164.0,11.0,216.6,0F
[274429]	$DSM0C,124305,+51.46384,+22.82991,164.0,14.0,241.9,0F
[274464]	$DSM0D,124305,+51.46456,+22.83178,164.0,13.0,240.5,0F
[274536]	$DSM0F,124305,+51.44133,+22.80608,160.0,13.0,219.4,0F
[275000]	$DSM00,124306,+51.40178,+22.80144,7784.0,93.0,68.9,0F
[275393]	$DSM0B,124306,+51.45966,+22.82251,164.0,11.0,216.6,0F
[275429]	$DSM0C,124306,+51.46378,+22.82974,164.0,14.0,240.5,0F
[275464]	$DSM0D,124306,+51.46450,+22.83161,164.0,13.0,241.9,0F
[276000]	$DSM00,124307,+51.40210,+22.80268,7784.0,92.0,66.1,0F
[276107]	$DSM03,124307,+51.46476,+22.83062,180.0,13.0,247.5,0F
[276143]	$DSM04,124307,+51.46475,+22.83060,180.0,13.0,247.5,6F
[276536]	$DSM0F,124307,+51.44120,+22.80577,158.0,13.0,240.5,0F
[277000]	$DSM00,124308,+51.40245,+22.80388,7784.0,92.0,64.7,0F
[277107]	$DSM03,124308,+51.46472,+22.83045,180.0,12.0,247.5,0F
[277143]	$DSM04,124308,+51.46470,+22.83043,176.0,13.0,244.7,6F
[277393]	$DSM0B,124308,+51.45949,+22.82232,166.0,11.0,216.6,0F
[277429]	$DSM0C,124308,+51.46365,+22.82938,164.0,14.0,241.9,0F
[277464]	$DSM0D,124308,+51.46439,+22.83129,164.0,13.0,241.9,0F
[278536]	$DSM0F,124311,+51.44100,+22.80504,160.0,13.0,248.9,0F
[279000]	$DSM00,124312,+51.40408,+22.80846,7784.0,90.0,57.7,0F
[279107]	$DSM03,124312,+51.46453,+22.82985,178.0,11.0,241.9,0F
[279143]	$DSM04,124312,+51.46453,+22.82983,174.0,11.0,244.7,6F
[279393]	$DSM0B,124312,+51.45916,+22.82191,166.0,11.0,218.0,0F
[279429]	$DSM0C,124312,+51.46341,+22.82869,162.0,14.0,241.9,0F
[279464]	$DSM0D,124312,+51.46416,+22.83060,164.0,13.0,240.5,0F
[280000]	$DSM00,124314,+51.40500,+22.81060,7784.0,90.0,54.8,0F
[280036]	$DSM01,124314,+51.46223,+22.60804,196.0,0.0,0.0,0F
[280107]	$DSM03,124314,+51.46444,+22.82957,176.0,11.0,244.7,0F
[280143]	$DSM04,124314,+51.46444,+22.82955,174.0,10.0,241.9,6F
[280393]	$DSM0B,124314,+51.45900,+22.82172,166.0,11.0,218.0,0F
[280429]	$DSM0C,124314,+51.46330,+22.82835,162.0,14.0,240.5,0F
[280464]	$DSM0D,124314,+51.46405,+22.83028,164.0,12.0,241.9,0F
[280536]	$DSM0F,124314,+51.44088,+22.80449,164.0,14.0,248.9,0F
[281393]	$DSM0B,124315,+51.45893,+22.82161,164.0,11.0,216.6,0F
[281429]	$DSM0C,124315,+51.46324,+22.82818,162.0,14.0,240.5,0F
[281464]	$DSM0D,124315,+51.46400,+22.83011,164.0,12.0,241.9,0F
[281536]	$DSM0F,124315,+51.44084,+22.80429,164.0,13.0,250.3,0F
[282000]	$DSM00,124316,+51.40596,+22.81268,7784.0,89.0,53.4,0F
[282107]	$DSM03,124316,+51.46436,+22.82927,176.0,10.0,244.7,0F
[282143]	$DSM04,124316,+51.46436,+22.82929,172.0,10.0,241.9,6F
[282536]	$DSM0F,124316,+51.44080,+22.80410,166.0,13.0,250.3,0F
[283000]	$DSM00,124317,+51.40646,+22.81369,7782.0,89.0,52.0,0F
[283107]	$DSM03,124317,+51.46432,+22.82914,176.0,11.0,243.3,0F
[283143]	$DSM04,124317,+51.46432,+22.82914,170.0,10.0,243.3,6F
[283393]	$DSM0B,124317,+51.45877,+22.82142,164.0,11.0,216.6,0F
[283429]	$DSM0C,124317,+51.46312,+22.82783,164.0,13.0,241.9,0F
[283464]	$DSM0D,124317,+51.46388,+22.82978,164.0,13.0,240.5,0F
[284393]	$DSM0B,124318,+51.45868,+22.82133,164.0,11.0,218.0,0F
[284429]	$DSM0C,124318,+51.46305,+22.82768,164.0,13.0,241.9,0F
[284464]	$DSM0D,124318,+51.46381,+22.82964,164.0,13.0,240.5,0F
[284536]	$DSM0F,124318,+51.44072,+22.80371,168.0,14.0,248.9,0F
[285000]	$DSM00,124319,+51.40745,+22.81573,7782.0,89.0,52.0,0F
[285107]	$DSM03,124319,+51.46422,+22.82886,174.0,11.0,241.9,0F
[285143]	$DSM04,124319,+51.46424,+22.82888,168.0,11.0,243.3,6F
[286000]	$DSM00,124320,+51.40796,+22.81672,7784.0,89.0,52.0,0F
[286107]	$DSM03,124320,+51.46418,+22.82873,174.0,11.0,241.9,0F
[286143]	$DSM04,124320,+51.46420,+22.82876,168.0,11.0,243.3,6F
[286393]	$DSM0B,124320,+51.45852,+22.82112,164.0,12.0,219.4,0F
[286429]	$DSM0C,124320,+51.46294,+22.82734,164.0,13.0,240.5,0F
[286464]	$DSM0D,124320,+51.46371,+22.82931,164.0,13.0,240.5,0F
[286536]	$DSM0F,124320,+51.44064,+22.80335,170.0,14.0,248.9,0F
[287393]	$DSM0B,124321,+51.45844,+22.82101,164.0,12.0,218.0,0F
[287429]	$DSM0C,124321,+51.46289,+22.82719,164.0,12.0,240.5,0F
[287464]	$DSM0D,124321,+51.46365,+22.82916,164.0,12.0,240.5,0F
[287536]	$DSM0F,124321,+51.44060,+22.80316,170.0,13.0,247.5,0F
[288000]	$DSM00,124322,+51.40896,+22.81874,7784.0,89.0,52.0,0F
[288107]	$DSM03,124322,+51.46407,+22.82843,174.0,11.0,240.5,0F
[288143]	$DSM04,124322,+51.46410,+22.82848,166.0,11.0,239.1,6F
[289000]	$DSM00,124323,+51.40946,+22.81974,7784.0,89.0,52.0,0F
[289107]	$DSM03,124323,+51.46403,+22.82830,174.0,11.0,239.1,0F
[289143]	$DSM04,124323,+51.46405,+22.82835,166.0,11.0,237.7,6F
[289393]	$DSM0B,124323,+51.45827,+22.82080,164.0,12.0,216.6,0F
[289429]	$DSM0C,124323,+51.46277,+22.82691,164.0,11.0,237.7,0F
[289464]	$DSM0D,124323,+51.46355,+22.82886,164.0,12.0,240.5,0F
[289536]	$DSM0F,124323,+51.44051,+22.80281,170.0,13.0,250.3,0F
[290393]	$DSM0B,124324,+51.45817,+22.82069,164.0,12.0,216.6,0F
[290429]	$DSM0C,124324,+51.46272,+22.82678,164.0,10.0,237.7,0F
[290464]	$DSM0D,124324,+51.46349,+22.82871,164.0,12.0,240.5,0F
[290536]	$DSM0F,124324,+51.44047,+22.80264,170.0,13.0,250.3,0F
[291000]	$DSM00,124325,+51.41044,+22.82178,7784.0,89.0,52.0,0F
[291107]	$DSM03,124325,+51.46392,+22.82805,176.0,10.0,234.8,0F
[291143]	$DSM04,124325,+51.46394,+22.82807,166.0,11.0,236.2,6F
[292000]	$DSM00,124326,+51.41094,+22.82279,7784.0,89.0,52.0,0F
[292107]	$DSM03,124326,+51.46387,+22.82794,176.0,9.0,230.6,0F
[292143]	$DSM04,124326,+51.46388,+22.82794,166.0,11.0,234.8,6F
[292393]	$DSM0B,124326,+51.45800,+22.82047,164.0,12.0,216.6,0F
[292429]	$DSM0C,124326,+51.46261,+22.82652,166.0,11.0,239.1,0F
[292464]	$DSM0D,124326,+51.46338,+22.82841,164.0,11.0,239.1,0F
[292536]	$DSM0F,124326,+51.44039,+22.80226,170.0,13.0,250.3,0F
[293393]	$DSM0B,124327,+51.45790,+22.82036,164.0,12.0,216.6,0F
[293429]	$DSM0C,124327,+51.46256,+22.82640,166.0,11.0,232.0,0F
[293464]	$DSM0D,124327,+51.46334,+22.82828,164.0,11.0,240.5,0F
[293536]	$DSM0F,124327,+51.44036,+22.80208,170.0,13.0,250.3,0F
[294000]	$DSM00,124328,+51.41194,+22.82483,7784.0,89.0,52.0,0F
[294107]	$DSM03,124328,+51.46376,+22.82779,178.0,7.0,220.8,0F
[294143]	$DSM04,124328,+51.46378,+22.82777,168.0,7.0,223.6,6F
[295000]	$DSM00,124329,+51.41242,+22.82586,7784.0,89.0,52.0,0F
[295107]	$DSM03,124329,+51.46372,+22.82775,180.0,6.0,213.7,0F
[295143]	$DSM04,124329,+51.46374,+22.82772,170.0,6.0,215.2,6F
[295393]	$DSM0B,124329,+51.45774,+22.82017,164.0,12.0,218.0,0F
[295429]	$DSM0C,124329,+51.46244,+22.82614,168.0,11.0,234.8,0F
[295464]	$DSM0D,124329,+51.46324,+22.82800,166.0,11.0,240.5,0F
[295536]	$DSM0F,124329,+51.44028,+22.80172,172.0,13.0,248.9,0F
[296393]	$DSM0B,124330,+51.45765,+22.82006,164.0,12.0,216.6,0F
[296429]	$DSM0C,124330,+51.46236,+22.82601,168.0,11.0,232.0,0F
[296464]	$DSM0D,124330,+51.46319,+22.82788,166.0,11.0,240.5,0F
[296536]	$DSM0F,124330,+51.44023,+22.80155,172.0,14.0,250.3,0F
[297000]	$DSM00,124331,+51.41341,+22.82790,7784.0,90.0,52.0,0F
[297107]	$DSM03,124331,+51.46363,+22.82770,184.0,6.0,184.2,0F
[297143]	$DSM04,124331,+51.46364,+22.82766,176.0,6.0,195.5,6F
[297536]	$DSM0F,124331,+51.44019,+22.80135,172.0,14.0,250.3,0F
[298000]	$DSM00,124332,+51.41390,+22.82890,7784.0,90.0,53.4,0F
[298107]	$DSM03,124332,+51.46358,+22.82770,186.0,7.0,171.6,0F
[298143]	$DSM04,124332,+51.46358,+22.82766,176.0,7.0,180.0,6F
[298393]	$DSM0B,124332,+51.45747,+22.81987,164.0,12.0,215.2,0F
[298429]	$DSM0C,124332,+51.46223,+22.82575,166.0,12.0,225.0,0F
[298464]	$DSM0D,124332,+51.46309,+22.82758,166.0,11.0,240.5,0F
[299000]	$DSM00,124333,+51.41440,+22.82994,7784.0,90.0,53.4,0F
[299107]	$DSM03,124333,+51.46352,+22.82772,186.0,7.0,163.1,0F
[299143]	$DSM04,124333,+51.46350,+22.82768,178.0,8.0,171.6,6F
[299393]	$DSM0B,124333,+51.45740,+22.81976,164.0,12.0,216.6,0F
[299429]	$DSM0C,124333,+51.46215,+22.82562,166.0,12.0,223.6,0F
[299464]	$DSM0D,124333,+51.46304,+22.82745,166.0,11.0,240.5,0F
[299536]	$DSM0F,124333,+51.44012,+22.80097,172.0,14.0,251.7,0F
[300393]	$DSM0B,124334,+51.45731,+22.81966,164.0,12.0,218.0,0F
[300429]	$DSM0C,124334,+51.46208,+22.82552,166.0,12.0,220.8,0F
[300464]	$DSM0D,124334,+51.46299,+22.82730,166.0,11.0,240.5,0F
[300536]	$DSM0F,124334,+51.44007,+22.80080,172.0,14.0,250.3,0F
[301000]	$DSM00,124335,+51.41537,+22.83200,7784.0,90.0,53.4,0F
[301107]	$DSM03,124335,+51.46337,+22.82781,190.0,8.0,168.7,0F
[301143]	$DSM04,124335,+51.46333,+22.82775,178.0,9.0,160.3,6F
[302000]	$DSM00,124336,+51.41587,+22.83302,7784.0,90.0,52.0,0F
[302107]	$DSM03,124336,+51.46331,+22.82781,192.0,8.0,181.4,0F
[302143]	$DSM04,124336,+51.46324,+22.82777,178.0,9.0,171.6,6F
[302393]	$DSM0B,124336,+51.45713,+22.81944,164.0,12.0,218.0,0F
[302429]	$DSM0C,124336,+51.46192,+22.82530,166.0,11.0,216.6,0F
[302464]	$DSM0D,124336,+51.46289,+22.82702,166.0,11.0,240.5,0F
[302536]	$DSM0F,124336,+51.44000,+22.80041,172.0,14.0,250.3,0F
[303393]	$DSM0B,124337,+51.45705,+22.81934,162.0,12.0,216.6,0F
[303429]	$DSM0C,124337,+51.46183,+22.82519,166.0,11.0,216.6,0F
[303464]	$DSM0D,124337,+51.46284,+22.82689,166.0,11.0,239.1,0F
[303536]	$DSM0F,124337,+51.43994,+22.80024,172.0,13.0,250.3,0F
[304000]	$DSM00,124338,+51.41685,+22.83506,7782.0,90.0,52.0,0F
[304107]	$DSM03,124338,+51.46318,+22.82770,194.0,8.0,226.4,0F
[304143]	$DSM04,124338,+51.46311,+22.82770,180.0,8.0,220.8,6F
[305000]	$DSM00,124339,+51.41733,+22.83609,7782.0,90.0,52.0,0F
[305107]	$DSM03,124339,+51.46314,+22.82760,196.0,10.0,243.3,0F
[305143]	$DSM04,124339,+51.46306,+22.82758,182.0,10.0,240.5,6F
[305393]	$DSM0B,124339,+51.45687,+22.81914,162.0,12.0,216.6,0F
[305429]	$DSM0C,124339,+51.46168,+22.82502,166.0,10.0,216.6,0F
[305464]	$DSM0D,124339,+51.46273,+22.82661,166.0,11.0,240.5,0F
[305536]	$DSM0F,124339,+51.43985,+22.79987,172.0,13.0,248.9,0F
[306393]	$DSM0B,124340,+51.45679,+22.81904,162.0,12.0,218.0,0F
[306429]	$DSM0C,124340,+51.46161,+22.82494,166.0,10.0,216.6,0F
[306464]	$DSM0D,124340,+51.46268,+22.82648,166.0,11.0,239.1,0F
[306536]	$DSM0F,124340,+51.43981,+22.79970,172.0,13.0,248.9,0F
[307000]	$DSM00,124341,+51.41833,+22.83813,7782.0,90.0,52.0,0F
[307107]	$DSM03,124341,+51.46308,+22.82728,198.0,13.0,260.2,0F
[307143]	$DSM04,124341,+51.46302,+22.82721,184.0,14.0,260.2,6F
[307536]	$DSM0F,124341,+51.43978,+22.79953,172.0,13.0,247.5,0F
[308000]	$DSM00,124342,+51.41881,+22.83916,7782.0,90.0,52.0,0F
[308107]	$DSM03,124342,+51.46305,+22.82706,198.0,14.0,261.6,0F
[308143]	$DSM04,124342,+51.46300,+22.82700,186.0,15.0,261.6,6F
[308393]	$DSM0B,124342,+51.45660,+22.81882,162.0,12.0,216.6,0F
[308429]	$DSM0C,124342,+51.46146,+22.82476,166.0,11.0,213.7,0F
[308464]	$DSM0D,124342,+51.46256,+22.82620,166.0,11.0,234.8,0F
[309107]	$DSM03,124343,+51.46303,+22.82684,200.0,15.0,258.7,0F
[309143]	$DSM04,124343,+51.46299,+22.82676,186.0,16.0,260.2,6F
[309393]	$DSM0B,124343,+51.45652,+22.81871,162.0,12.0,218.0,0F
[309429]	$DSM0C,124343,+51.46138,+22.82468,166.0,11.0,213.7,0F
[309464]	$DSM0D,124343,+51.46252,+22.82607,166.0,11.0,233.4,0F
[309536]	$DSM0F,124343,+51.43971,+22.79919,172.0,13.0,251.7,0F
[310000]	$DSM00,124344,+51.41981,+22.84120,7782.0,90.0,52.0,0F
[311000]	$DSM00,124345,+51.42032,+22.84219,7782.0,89.0,50.6,0F
[311107]	$DSM03,124345,+51.46294,+22.82642,204.0,15.0,246.1,0F
[311143]	$DSM04,124345,+51.46291,+22.82629,188.0,17.0,248.9,6F
[311393]	$DSM0B,124345,+51.45633,+22.81850,162.0,13.0,216.6,0F
[311429]	$DSM0C,124345,+51.46120,+22.82448,166.0,13.0,216.6,0F
[311464]	$DSM0D,124345,+51.46239,+22.82584,168.0,11.0,229.2,0F
[311536]	$DSM0F,124345,+51.43963,+22.79882,172.0,13.0,251.7,0F
[312107]	$DSM03,124346,+51.46288,+22.82622,206.0,14.0,232.0,0F
[312393]	$DSM0B,124346,+51.45624,+22.81837,162.0,13.0,216.6,0F
[312429]	$DSM0C,124346,+51.46110,+22.82438,166.0,13.0,216.6,0F
[312464]	$DSM0D,124346,+51.46232,+22.82571,168.0,11.0,226.4,0F
[312536]	$DSM0F,124346,+51.43960,+22.79863,172.0,14.0,251.7,0F
[313000]	$DSM00,124347,+51.42137,+22.84414,7782.0,89.0,47.8,0F
[313536]	$DSM0F,124347,+51.43956,+22.79844,172.0,14.0,248.9,0F
[314000]	$DSM00,124348,+51.42192,+22.84508,7780.0,88.0,46.4,0F
[314107]	$DSM03,124348,+51.46267,+22.82596,208.0,15.0,206.7,0F
[314143]	$DSM04,124348,+51.46265,+22.82584,194.0,14.0,206.7,6F
[314393]	$DSM0B,124348,+51.45604,+22.81813,160.0,13.0,216.6,0F
[314429]	$DSM0C,124348,+51.46091,+22.82414,166.0,13.0,216.6,0F
[314464]	$DSM0D,124348,+51.46217,+22.82549,168.0,12.0,220.8,0F
[315000]	$DSM00,124349,+51.42248,+22.84598,7780.0,88.0,45.0,0F
[315107]	$DSM03,124349,+51.46253,+22.82588,208.0,15.0,199.7,0F
[315143]	$DSM04,124349,+51.46252,+22.82579,194.0,15.0,195.5,6F
[315393]	$DSM0B,124349,+51.45595,+22.81803,160.0,13.0,216.6,0F
[315429]	$DSM0C,124349,+51.46082,+22.82404,166.0,13.0,216.6,0F
[315464]	$DSM0D,124349,+51.46208,+22.82539,168.0,12.0,218.0,0F
[315536]	$DSM0F,124349,+51.43947,+22.79807,172.0,14.0,251.7,0F
[316393]	$DSM0B,124350,+51.45585,+22.81792,160.0,13.0,215.2,0F
[316429]	$DSM0C,124350,+51.46072,+22.82393,166.0,12.0,215.2,0F
[316464]	$DSM0D,124350,+51.46200,+22.82528,168.0,12.0,218.0,0F
[316536]	$DSM0F,124350,+51.43944,+22.79788,172.0,14.0,251.7,0F
[317000]	$DSM00,124351,+51.42364,+22.84768,7780.0,87.0,40.8,0F
[317107]	$DSM03,124351,+51.46226,+22.82575,208.0,16.0,192.7,0F
[317143]	$DSM04,124351,+51.46224,+22.82569,192.0,16.0,194.1,6F
[318000]	$DSM00,124352,+51.42424,+22.84850,7778.0,87.0,39.4,0F
[318107]	$DSM03,124352,+51.46213,+22.82571,206.0,15.0,192.7,0F
[318143]	$DSM04,124352,+51.46209,+22.82562,192.0,16.0,196.9,6F
[318393]	$DSM0B,124352,+51.45567,+22.81770,160.0,13.0,216.6,0F
[318429]	$DSM0C,124352,+51.46054,+22.82371,166.0,13.0,216.6,0F
[318464]	$DSM0D,124352,+51.46183,+22.82506,168.0,12.0,218.0,0F
[318536]	$DSM0F,124352,+51.43935,+22.79749,170.0,14.0,253.1,0F
[319464]	$DSM0D,124353,+51.46174,+22.82496,168.0,12.0,219.4,0F
[319536]	$DSM0F,124353,+51.43931,+22.79730,170.0,14.0,251.7,0F
[320000]	$DSM00,124354,+51.42549,+22.85000,7778.0,86.0,35.2,0F
[320107]	$DSM03,124354,+51.46187,+22.82556,204.0,14.0,206.7,0F
[320143]	$DSM04,124354,+51.46185,+22.82547,190.0,0.0,0.0,6F
[320393]	$DSM0B,124354,+51.45548,+22.81749,160.0,13.0,216.6,0F
[320429]	$DSM0C,124354,+51.46036,+22.82350,166.0,13.0,216.6,0F
[321000]	$DSM00,124355,+51.42612,+22.85068,7778.0,86.0,33.7,0F
[321107]	$DSM03,124355,+51.46177,+22.82545,204.0,13.0,215.2,0F
[321393]	$DSM0B,124355,+51.45539,+22.81738,160.0,13.0,216.6,0F
[321429]	$DSM0C,124355,+51.46028,+22.82339,166.0,13.0,216.6,0F
[321464]	$DSM0D,124355,+51.46156,+22.82472,168.0,13.0,218.0,0F
[321536]	$DSM0F,124355,+51.43922,+22.79691,170.0,14.0,251.7,0F
[322393]	$DSM0B,124356,+51.45529,+22.81728,160.0,13.0,216.6,0F
[322429]	$DSM0C,124356,+51.46017,+22.82326,166.0,13.0,216.6,0F
[322464]	$DSM0D,124356,+51.46146,+22.82459,168.0,13.0,216.6,0F
[322536]	$DSM0F,124356,+51.43918,+22.79672,170.0,14.0,250.3,0F
[323000]	$DSM00,124357,+51.42745,+22.85195,7778.0,85.0,29.5,0F
[323107]	$DSM03,124357,+51.46161,+22.82519,202.0,13.0,239.1,0F
[323143]	$DSM04,124357,+51.46159,+22.82511,188.0,12.0,226.4,6F
[324000]	$DSM00,124358,+51.42812,+22.85253,7778.0,85.0,28.1,0F
[324107]	$DSM03,124358,+51.46156,+22.82500,200.0,13.0,247.5,0F
[324143]	$DSM04,124358,+51.46156,+22.82494,186.0,11.0,240.5,6F
[324393]	$DSM0B,124358,+51.45511,+22.81704,160.0,13.0,218.0,0F
[324429]	$DSM0C,124358,+51.46000,+22.82305,166.0,13.0,215.2,0F
[324464]	$DSM0D,124358,+51.46128,+22.82438,168.0,13.0,216.6,0F
[324536]	$DSM0F,124358,+51.43909,+22.79635,172.0,13.0,248.9,0F
[325000]	$DSM00,124300,+51.42949,+22.85360,7778.0,84.0,23.9,0F
[326107]	$DSM03,124359,+51.46152,+22.82483,200.0,13.0,251.7,0F
[326393]	$DSM0B,124359,+51.45501,+22.81693,160.0,13.0,216.6,0F
[326429]	$DSM0C,124359,+51.45991,+22.82294,166.0,13.0,215.2,0F
[326464]	$DSM0D,124359,+51.46117,+22.82425,168.0,13.0,216.6,0F
[326536]	$DSM0F,124359,+51.43905,+22.79616,170.0,14.0,250.3,0F
[327143]	$DSM04,124400,+51.46149,+22.82457,190.0,14.0,253.1,6F
[328000]	$DSM00,124401,+51.43020,+22.85405,7778.0,84.0,22.5,0F
[328107]	$DSM03,124401,+51.46145,+22.82444,198.0,15.0,254.5,0F
[328143]	$DSM04,124401,+51.46146,+22.82440,188.0,14.0,253.1,6F
[328393]	$DSM0B,124401,+51.45484,+22.81672,160.0,13.0,213.7,0F
[328429]	$DSM0C,124401,+51.45972,+22.82275,166.0,12.0,215.2,0F
[328464]	$DSM0D,124401,+51.46099,+22.82404,168.0,12.0,216.6,0F
[328536]	$DSM0F,124401,+51.43896,+22.79580,170.0,14.0,250.3,0F
[329143]	$DSM04,124402,+51.46143,+22.82423,186.0,14.0,251.7,6F
[329393]	$DSM0B,124402,+51.45473,+22.81663,160.0,13.0,210.9,0F
[329429]	$DSM0C,124402,+51.45963,+22.82264,166.0,13.0,216.6,0F
[329464]	$DSM0D,124402,+51.46091,+22.82393,168.0,12.0,216.6,0F
[329536]	$DSM0F,124402,+51.43893,+22.79562,168.0,13.0,250.3,0F
[330000]	$DSM00,124403,+51.43160,+22.85487,7778.0,83.0,18.3,0F
[330107]	$DSM03,124403,+51.46136,+22.82401,198.0,15.0,248.9,0F
[330536]	$DSM0F,124403,+51.43888,+22.79545,168.0,13.0,248.9,0F
[331000]	$DSM00,124404,+51.43232,+22.85523,7780.0,83.0,16.9,0F
[331107]	$DSM03,124404,+51.46130,+22.82382,200.0,15.0,241.9,0F
[331143]	$DSM04,124404,+51.46133,+22.82382,188.0,14.0,243.3,6F
[331393]	$DSM0B,124404,+51.45453,+22.81646,160.0,13.0,205.3,0F
[331429]	$DSM0C,124404,+51.45944,+22.82242,166.0,12.0,213.7,0F
[331464]	$DSM0D,124404,+51.46071,+22.82371,170.0,13.0,216.6,0F
[332000]	$DSM00,124405,+51.43304,+22.85556,7780.0,83.0,14.1,0F
[332107]	$DSM03,124405,+51.46124,+22.82365,200.0,14.0,232.0,0F
[332143]	$DSM04,124405,+51.46126,+22.82365,188.0,13.0,233.4,6F
[332393]	$DSM0B,124405,+51.45443,+22.81637,160.0,13.0,202.5,0F
[332429]	$DSM0C,124405,+51.45935,+22.82232,166.0,12.0,215.2,0F
[332464]	$DSM0D,124405,+51.46061,+22.82358,170.0,13.0,216.6,0F
[332536]	$DSM0F,124405,+51.43881,+22.79511,166.0,13.0,251.7,0F
[333393]	$DSM0B,124406,+51.45432,+22.81631,160.0,13.0,199.7,0F
[333429]	$DSM0C,124406,+51.45926,+22.82221,166.0,12.0,215.2,0F
[333464]	$DSM0D,124406,+51.46053,+22.82348,170.0,13.0,216.6,0F
[333536]	$DSM0F,124406,+51.43877,+22.79492,166.0,12.0,248.9,0F
[334000]	$DSM00,124407,+51.43450,+22.85607,7780.0,82.0,11.2,0F
[334107]	$DSM03,124407,+51.46105,+22.82341,200.0,12.0,210.9,0F
[334143]	$DSM04,124407,+51.46108,+22.82343,192.0,12.0,212.3,6F
[335000]	$DSM00,124408,+51.43524,+22.85626,7780.0,82.0,8.4,0F
[335107]	$DSM03,124408,+51.46096,+22.82335,202.0,12.0,199.7,0F
[335143]	$DSM04,124408,+51.46099,+22.82337,192.0,11.0,202.5,6F
[335393]	$DSM0B,124408,+51.45410,+22.81620,160.0,12.0,196.9,0F
[335429]	$DSM0C,124408,+51.45908,+22.82200,166.0,12.0,216.6,0F
[335464]	$DSM0D,124408,+51.46034,+22.82326,170.0,12.0,216.6,0F
[335536]	$DSM0F,124408,+51.43868,+22.79457,166.0,13.0,248.9,0F
[336000]	$DSM00,124410,+51.43670,+22.85654,7780.0,82.0,5.6,0F
[336036]	$DSM01,124410,+51.46223,+22.60802,196.0,0.0,0.0,0F
[336107]	$DSM03,124410,+51.46075,+22.82328,202.0,12.0,185.6,0F
[336143]	$DSM04,124410,+51.46080,+22.82330,190.0,11.0,185.6,6F
[336393]	$DSM0B,124410,+51.45390,+22.81610,160.0,12.0,196.9,0F
[336429]	$DSM0C,124410,+51.45891,+22.82178,166.0,12.0,215.2,0F
[336464]	$DSM0D,124410,+51.46016,+22.82305,170.0,12.0,216.6,0F
[336536]	$DSM0F,124410,+51.43859,+22.79421,168.0,13.0,250.3,0F
[337000]	$DSM00,124413,+51.43891,+22.85667,7780.0,82.0,0.0,0F
[337107]	$DSM03,124413,+51.46041,+22.82330,202.0,12.0,175.8,0F
[337143]	$DSM04,124413,+51.46051,+22.82337,192.0,10.0,168.7,6F
[337393]	$DSM0B,124413,+51.45358,+22.81594,160.0,12.0,196.9,0F
[337429]	$DSM0C,124413,+51.45864,+22.82148,166.0,12.0,216.6,0F
[337464]	$DSM0D,124413,+51.45988,+22.82275,170.0,12.0,216.6,0F
[337536]	$DSM0F,124413,+51.43847,+22.79367,166.0,13.0,250.3,0F
[338000]	$DSM00,124416,+51.44111,+22.85646,7780.0,81.0,354.4,0F
[338107]	$DSM03,124416,+51.46009,+22.82328,202.0,11.0,188.4,0F
[338143]	$DSM04,124416,+51.46020,+22.82337,190.0,12.0,187.0,6F
[338393]	$DSM0B,124416,+51.45327,+22.81580,160.0,12.0,196.9,0F
[338429]	$DSM0C,124416,+51.45837,+22.82116,166.0,12.0,215.2,0F
[338464]	$DSM0D,124416,+51.45962,+22.82242,170.0,12.0,218.0,0F
[338536]	$DSM0F,124416,+51.43833,+22.79311,164.0,14.0,248.9,0F
[339393]	$DSM0B,124418,+51.45305,+22.81569,160.0,12.0,196.9,0F
[339429]	$DSM0C,124418,+51.45819,+22.82094,166.0,13.0,215.2,0F
[339464]	$DSM0D,124418,+51.45944,+22.82221,170.0,12.0,216.6,0F
[339536]	$DSM0F,124418,+51.43824,+22.79273,166.0,14.0,250.3,0F
[340000]	$DSM00,124419,+51.44329,+22.85590,7780.0,81.0,348.7,0F
[340107]	$DSM03,124419,+51.45981,+22.82311,200.0,11.0,213.7,0F
[340143]	$DSM04,124419,+51.45991,+22.82316,188.0,0.0,0.0,6F
[341000]	$DSM00,124420,+51.44400,+22.85564,7780.0,81.0,345.9,0F
[341107]	$DSM03,124420,+51.45972,+22.82300,200.0,12.0,219.4,0F
[341143]	$DSM04,124420,+51.45982,+22.82302,188.0,12.0,220.8,6F
[341393]	$DSM0B,124420,+51.45284,+22.81558,160.0,12.0,196.9,0F
[341429]	$DSM0C,124420,+51.45801,+22.82073,166.0,12.0,216.6,0F
[341464]	$DSM0D,124420,+51.45928,+22.82202,172.0,12.0,215.2,0F
[341536]	$DSM0F,124420,+51.43817,+22.79234,168.0,14.0,251.7,0F
[342393]	$DSM0B,124421,+51.45274,+22.81554,160.0,12.0,196.9,0F
[342429]	$DSM0C,124421,+51.45792,+22.82060,166.0,13.0,216.6,0F
[342464]	$DSM0D,124421,+51.45918,+22.82191,172.0,12.0,215.2,0F
[342536]	$DSM0F,124421,+51.43812,+22.79215,168.0,15.0,250.3,0F
[343000]	$DSM00,124422,+51.44541,+22.85500,7780.0,81.0,343.1,0F
[343107]	$DSM03,124422,+51.45957,+22.82277,200.0,12.0,226.4,0F
[343143]	$DSM04,124422,+51.45964,+22.82277,194.0,12.0,229.2,6F
[344000]	$DSM00,124423,+51.44611,+22.85463,7780.0,81.0,340.3,0F
[344107]	$DSM03,124423,+51.45950,+22.82264,200.0,12.0,227.8,0F
[344143]	$DSM04,124423,+51.45956,+22.82264,194.0,13.0,227.8,6F
[344393]	$DSM0B,124423,+51.45254,+22.81543,160.0,12.0,196.9,0F
[344429]	$DSM0C,124423,+51.45774,+22.82041,166.0,12.0,216.6,0F
[344464]	$DSM0D,124423,+51.45900,+22.82170,170.0,12.0,216.6,0F
[344536]	$DSM0F,124423,+51.43804,+22.79176,168.0,14.0,250.3,0F
[345000]	$DSM00,124425,+51.44748,+22.85378,7780.0,81.0,337.5,0F
[345107]	$DSM03,124425,+51.45935,+22.82238,200.0,12.0,225.0,0F
[345143]	$DSM04,124425,+51.45940,+22.82236,192.0,12.0,225.0,6F
[345393]	$DSM0B,124425,+51.45232,+22.81532,160.0,12.0,199.7,0F
[345429]	$DSM0C,124425,+51.45756,+22.82019,166.0,12.0,215.2,0F
[345464]	$DSM0D,124425,+51.45882,+22.82148,170.0,12.0,216.6,0F
[345536]	$DSM0F,124425,+51.43796,+22.79138,170.0,13.0,248.9,0F
[346143]	$DSM04,124427,+51.45924,+22.82212,190.0,12.0,222.2,6F
[346393]	$DSM0B,124427,+51.45211,+22.81522,160.0,12.0,196.9,0F
[346429]	$DSM0C,124427,+51.45739,+22.81996,164.0,12.0,216.6,0F
[346464]	$DSM0D,124427,+51.45865,+22.82129,170.0,12.0,216.6,0F
[346536]	$DSM0F,124427,+51.43788,+22.79103,170.0,13.0,250.3,0F
[347000]	$DSM00,124428,+51.44946,+22.85223,7780.0,82.0,331.9,0F
[347107]	$DSM03,124428,+51.45913,+22.82204,200.0,10.0,222.2,0F
[348000]	$DSM00,124429,+51.45010,+22.85163,7780.0,82.0,329.1,0F
[348107]	$DSM03,124429,+51.45907,+22.82195,200.0,10.0,222.2,0F
[348143]	$DSM04,124429,+51.45908,+22.82189,190.0,11.0,226.4,6F
[348393]	$DSM0B,124429,+51.45189,+22.81511,160.0,12.0,196.9,0F
[348429]	$DSM0C,124429,+51.45721,+22.81974,164.0,12.0,216.6,0F
[348464]	$DSM0D,124429,+51.45848,+22.82107,170.0,12.0,218.0,0F
[348536]	$DSM0F,124429,+51.43779,+22.79067,172.0,14.0,250.3,0F
[349536]	$DSM0F,124430,+51.43776,+22.79048,170.0,14.0,250.3,0F
[350000]	$DSM00,124431,+51.45135,+22.85036,7780.0,82.0,326.2,0F
[350107]	$DSM03,124431,+51.45894,+22.82176,200.0,10.0,223.6,0F
[350143]	$DSM04,124431,+51.45896,+22.82170,190.0,10.0,223.6,6F
[350393]	$DSM0B,124431,+51.45169,+22.81500,160.0,12.0,198.3,0F
[350429]	$DSM0C,124431,+51.45704,+22.81953,162.0,12.0,218.0,0F
[350464]	$DSM0D,124431,+51.45830,+22.82086,170.0,12.0,216.6,0F
[351107]	$DSM03,124432,+51.45888,+22.82167,200.0,10.0,220.8,0F
[351143]	$DSM04,124432,+51.45888,+22.82157,190.0,10.0,222.2,6F
[351393]	$DSM0B,124432,+51.45158,+22.81496,160.0,12.0,196.9,0F
[351429]	$DSM0C,124432,+51.45696,+22.81944,162.0,12.0,218.0,0F
[351464]	$DSM0D,124432,+51.45821,+22.82075,170.0,12.0,216.6,0F
[351536]	$DSM0F,124432,+51.43768,+22.79009,168.0,14.0,250.3,0F
[352000]	$DSM00,124433,+51.45255,+22.84897,7780.0,82.0,322.0,0F
[353393]	$DSM0B,124434,+51.45138,+22.81485,162.0,12.0,196.9,0F
[353429]	$DSM0C,124434,+51.45679,+22.81923,162.0,12.0,216.6,0F
[353464]	$DSM0D,124434,+51.45804,+22.82054,170.0,12.0,218.0,0F
[353536]	$DSM0F,124434,+51.43759,+22.78970,168.0,14.0,248.9,0F
[354000]	$DSM00,124435,+51.45369,+22.84744,7780.0,83.0,319.2,0F
[354107]	$DSM03,124435,+51.45868,+22.82137,198.0,10.0,223.6,0F
[354143]	$DSM04,124435,+51.45869,+22.82131,192.0,10.0,223.6,6F
[355000]	$DSM00,124436,+51.45425,+22.84663,7780.0,83.0,317.8,0F
[355107]	$DSM03,124436,+51.45861,+22.82127,200.0,10.0,225.0,0F
[355143]	$DSM04,124436,+51.45864,+22.82120,190.0,10.0,225.0,6F
[355393]	$DSM0B,124436,+51.45116,+22.81474,162.0,12.0,196.9,0F
[355429]	$DSM0C,124436,+51.45663,+22.81901,162.0,12.0,220.8,0F
[355464]	$DSM0D,124436,+51.45787,+22.82034,170.0,12.0,216.6,0F
[355536]	$DSM0F,124436,+51.43751,+22.78934,168.0,14.0,251.7,0F
[356393]	$DSM0B,124437,+51.45107,+22.81470,160.0,12.0,195.5,0F
[356429]	$DSM0C,124437,+51.45654,+22.81888,162.0,12.0,222.2,0F
[356464]	$DSM0D,124437,+51.45780,+22.82024,170.0,12.0,216.6,0F
[356536]	$DSM0F,124437,+51.43748,+22.78914,168.0,14.0,250.3,0F
[357000]	$DSM00,124438,+51.45532,+22.84491,7780.0,84.0,313.6,0F
[357107]	$DSM03,124438,+51.45848,+22.82105,200.0,11.0,227.8,0F
[357143]	$DSM04,124438,+51.45852,+22.82099,190.0,10.0,232.0,6F
[358000]	$DSM00,124439,+51.45583,+22.84403,7780.0,84.0,312.2,0F
[358107]	$DSM03,124439,+51.45843,+22.82094,200.0,10.0,226.4,0F
[358143]	$DSM04,124439,+51.45845,+22.82088,192.0,10.0,226.4,6F
[358393]	$DSM0B,124439,+51.45086,+22.81462,160.0,12.0,192.7,0F
[358429]	$DSM0C,124439,+51.45636,+22.81865,160.0,13.0,218.0,0F
[358464]	$DSM0D,124439,+51.45761,+22.82002,170.0,12.0,216.6,0F
[358536]	$DSM0F,124439,+51.43739,+22.78878,166.0,13.0,253.1,0F
[359107]	$DSM03,124440,+51.45835,+22.82084,200.0,10.0,223.6,0F
[359143]	$DSM04,124440,+51.45838,+22.82077,192.0,0.0,0.0,6F
[359393]	$DSM0B,124440,+51.45076,+22.81459,160.0,12.0,189.8,0F
[359429]	$DSM0C,124440,+51.45626,+22.81854,160.0,13.0,216.6,0F
[359464]	$DSM0D,124440,+51.45752,+22.81992,170.0,13.0,216.6,0F
[359536]	$DSM0F,124440,+51.43736,+22.78859,166.0,13.0,253.1,0F
[360000]	$DSM00,124441,+51.45680,+22.84217,7780.0,84.0,308.0,0F
[360393]	$DSM0B,124441,+51.45066,+22.81455,160.0,12.0,187.0,0F
[360429]	$DSM0C,124441,+51.45617,+22.81843,160.0,13.0,216.6,0F
[360464]	$DSM0D,124441,+51.45743,+22.81981,170.0,13.0,216.6,0F
[360536]	$DSM0F,124441,+51.43732,+22.78842,166.0,13.0,250.3,0F
[361000]	$DSM00,124442,+51.45727,+22.84118,7780.0,85.0,306.6,0F
[361107]	$DSM03,124442,+51.45822,+22.82066,200.0,9.0,218.0,0F
[361143]	$DSM04,124442,+51.45825,+22.82062,190.0,0.0,0.0,6F
[362000]	$DSM00,124443,+51.45771,+22.84017,7780.0,85.0,305.2,0F
[362107]	$DSM03,124443,+51.45816,+22.82060,200.0,9.0,216.6,0F
[362143]	$DSM04,124443,+51.45820,+22.82056,190.0,9.0,215.2,6F
[362393]	$DSM0B,124443,+51.45044,+22.81453,160.0,12.0,184.2,0F
[362429]	$DSM0C,124443,+51.45597,+22.81822,160.0,13.0,215.2,0F
[362464]	$DSM0D,124443,+51.45724,+22.81959,170.0,12.0,215.2,0F
[362536]	$DSM0F,124443,+51.43723,+22.78809,168.0,13.0,248.9,0F
[363393]	$DSM0B,124444,+51.45034,+22.81451,160.0,12.0,184.2,0F
[363429]	$DSM0C,124444,+51.45588,+22.81811,160.0,13.0,216.6,0F
[363464]	$DSM0D,124444,+51.45716,+22.81948,170.0,12.0,215.2,0F
[364000]	$DSM00,124445,+51.45855,+22.83811,7780.0,86.0,300.9,0F
[364107]	$DSM03,124445,+51.45803,+22.82047,200.0,9.0,209.5,0F
[364143]	$DSM04,124445,+51.45808,+22.82045,188.0,8.0,208.1,6F
[365000]	$DSM00,124446,+51.45893,+22.83704,7782.0,86.0,299.5,0F
[365107]	$DSM03,124446,+51.45796,+22.82041,202.0,8.0,206.7,0F
[365143]	$DSM04,124446,+51.45803,+22.82041,188.0,8.0,206.7,6F
[365393]	$DSM0B,124446,+51.45012,+22.81448,160.0,12.0,184.2,0F
[365429]	$DSM0C,124446,+51.45569,+22.81788,160.0,13.0,216.6,0F
[365464]	$DSM0D,124446,+51.45698,+22.81929,170.0,12.0,213.7,0F
[366107]	$DSM03,124447,+51.45790,+22.82036,202.0,8.0,202.5,0F
[366143]	$DSM04,124447,+51.45796,+22.82036,188.0,8.0,203.9,6F
[366393]	$DSM0B,124447,+51.45000,+22.81446,160.0,12.0,185.6,0F
[366429]	$DSM0C,124447,+51.45560,+22.81777,160.0,13.0,215.2,0F
[366464]	$DSM0D,124447,+51.45688,+22.81918,170.0,12.0,213.7,0F
[367000]	$DSM00,124448,+51.45967,+22.83483,7782.0,87.0,296.7,0F
[367464]	$DSM0D,124448,+51.45680,+22.81910,170.0,12.0,215.2,0F
[368000]	$DSM00,124449,+51.46000,+22.83369,7782.0,87.0,295.3,0F
[368107]	$DSM03,124449,+51.45775,+22.82030,204.0,9.0,192.7,0F
[368143]	$DSM04,124449,+51.45784,+22.82030,186.0,7.0,192.7,6F
[368393]	$DSM0B,124449,+51.44979,+22.81444,160.0,12.0,184.2,0F
[368429]	$DSM0C,124449,+51.45541,+22.81756,160.0,13.0,218.0,0F
[368536]	$DSM0F,124449,+51.43698,+22.78702,166.0,13.0,251.7,0F
[369107]	$DSM03,124450,+51.45767,+22.82028,204.0,10.0,189.8,0F
[369143]	$DSM04,124450,+51.45776,+22.82026,184.0,8.0,195.5,6F
[369393]	$DSM0B,124450,+51.44968,+22.81442,160.0,12.0,184.2,0F
[369429]	$DSM0C,124450,+51.45532,+22.81745,160.0,13.0,218.0,0F
[370000]	$DSM00,124451,+51.46061,+22.83137,7782.0,88.0,292.5,0F
[371000]	$DSM00,124452,+51.46091,+22.83017,7782.0,88.0,289.7,0F
[371107]	$DSM03,124452,+51.45747,+22.82022,208.0,12.0,192.7,0F
[371143]	$DSM04,124452,+51.45761,+22.82019,180.0,9.0,192.7,6F
[371393]	$DSM0B,124452,+51.44944,+22.81440,160.0,13.0,184.2,0F
[371429]	$DSM0C,124452,+51.45514,+22.81721,160.0,12.0,218.0,0F
[371464]	$DSM0D,124452,+51.45642,+22.81867,168.0,13.0,216.6,0F
[372107]	$DSM03,124453,+51.45736,+22.82017,208.0,13.0,192.7,0F
[372143]	$DSM04,124453,+51.45750,+22.82017,178.0,11.0,191.2,6F
[372393]	$DSM0B,124453,+51.44934,+22.81438,160.0,12.0,185.6,0F
[372429]	$DSM0C,124453,+51.45504,+22.81710,160.0,12.0,215.2,0F
[372464]	$DSM0D,124453,+51.45632,+22.81854,168.0,13.0,216.6,0F
[373000]	$DSM00,124454,+51.46141,+22.82775,7782.0,89.0,286.9,0F
[374000]	$DSM00,124455,+51.46164,+22.82652,7782.0,89.0,285.5,0F
[374107]	$DSM03,124455,+51.45713,+22.82004,210.0,13.0,206.7,0F
[374143]	$DSM04,124455,+51.45732,+22.82006,170.0,10.0,196.9,6F
[374393]	$DSM0B,124455,+51.44912,+22.81436,160.0,12.0,185.6,0F
[374429]	$DSM0C,124455,+51.45487,+22.81691,160.0,12.0,213.7,0F
[374464]	$DSM0D,124455,+51.45613,+22.81830,168.0,13.0,216.6,0F
[374536]	$DSM0F,124455,+51.43672,+22.78595,172.0,13.0,248.9,0F
[375000]	$DSM00,124504,+51.46273,+22.81483,7782.0,93.0,272.8,0F
[375107]	$DSM03,124504,+51.45633,+22.81816,206.0,21.0,237.7,0F
[375143]	$DSM04,124504,+51.45642,+22.81828,180.0,21.0,240.5,6F
[375393]	$DSM0B,124504,+51.44818,+22.81408,162.0,11.0,203.9,0F
[375429]	$DSM0C,124504,+51.45397,+22.81627,158.0,12.0,196.9,0F
[375464]	$DSM0D,124504,+51.45529,+22.81734,168.0,13.0,216.6,0F
[375536]	$DSM0F,124504,+51.43638,+22.78438,166.0,13.0,250.3,0F
[376393]	$DSM0B,124506,+51.44800,+22.81395,162.0,11.0,208.1,0F
[376429]	$DSM0C,124506,+51.45378,+22.81616,158.0,11.0,196.9,0F
[376464]	$DSM0D,124506,+51.45511,+22.81710,166.0,13.0,216.6,0F
[376536]	$DSM0F,124506,+51.43630,+22.78404,166.0,13.0,251.7,0F
[377000]	$DSM00,124507,+51.46273,+22.81077,7782.0,94.0,268.6,0F
[377107]	$DSM03,124507,+51.45599,+22.81740,204.0,21.0,227.8,0F
[377143]	$DSM04,124507,+51.45608,+22.81747,180.0,21.0,227.8,6F
[378000]	$DSM00,124509,+51.46261,+22.80805,7782.0,95.0,265.8,0F
[378107]	$DSM03,124509,+51.45573,+22.81700,202.0,19.0,220.8,0F
[378143]	$DSM04,124509,+51.45581,+22.81704,180.0,20.0,223.6,6F
[378393]	$DSM0B,124509,+51.44772,+22.81367,162.0,12.0,213.7,0F
[378429]	$DSM0C,124509,+51.45349,+22.81603,158.0,11.0,195.5,0F
[378464]	$DSM0D,124509,+51.45484,+22.81680,166.0,13.0,212.3,0F
[378536]	$DSM0F,124509,+51.43619,+22.78352,166.0,13.0,251.7,0F
[379107]	$DSM03,124510,+51.45560,+22.81682,202.0,18.0,218.0,0F
[379143]	$DSM04,124510,+51.45569,+22.81687,178.0,19.0,219.4,6F
[379393]	$DSM0B,124510,+51.44764,+22.81358,162.0,12.0,215.2,0F
[379429]	$DSM0C,124510,+51.45339,+22.81597,158.0,11.0,195.5,0F
[379464]	$DSM0D,124510,+51.45472,+22.81670,166.0,13.0,210.9,0F
[379536]	$DSM0F,124510,+51.43616,+22.78335,166.0,13.0,250.3,0F
[380000]	$DSM00,124511,+51.46242,+22.80530,7782.0,96.0,263.0,0F
[381000]	$DSM00,124512,+51.46228,+22.80395,7782.0,96.0,261.6,0F
[381107]	$DSM03,124512,+51.45534,+22.81652,202.0,17.0,209.5,0F
[381143]	$DSM04,124512,+51.45542,+22.81654,180.0,17.0,215.2,6F
[381393]	$DSM0B,124512,+51.44746,+22.81339,162.0,12.0,213.7,0F
[381429]	$DSM0C,124512,+51.45320,+22.81588,158.0,11.0,198.3,0F
[381464]	$DSM0D,124512,+51.45452,+22.81652,166.0,13.0,205.3,0F
[381536]	$DSM0F,124512,+51.43607,+22.78301,166.0,12.0,248.9,0F
[382393]	$DSM0B,124513,+51.44737,+22.81328,162.0,12.0,213.7,0F
[382429]	$DSM0C,124513,+51.45311,+22.81582,158.0,11.0,199.7,0F
[382464]	$DSM0D,124513,+51.45441,+22.81644,166.0,13.0,203.9,0F
[382536]	$DSM0F,124513,+51.43603,+22.78284,166.0,12.0,248.9,0F
[383000]	$DSM00,124514,+51.46196,+22.80120,7782.0,97.0,258.7,0F
[383107]	$DSM03,124514,+51.45507,+22.81633,202.0,16.0,201.1,0F
[383143]	$DSM04,124514,+51.45517,+22.81637,178.0,16.0,201.1,6F
[384000]	$DSM00,124515,+51.46177,+22.79983,7784.0,97.0,257.3,0F
[384107]	$DSM03,124515,+51.45494,+22.81624,202.0,16.0,199.7,0F
[384143]	$DSM04,124515,+51.45504,+22.81629,178.0,16.0,199.7,6F
[384393]	$DSM0B,124515,+51.44720,+22.81309,162.0,12.0,215.2,0F
[384429]	$DSM0C,124515,+51.45292,+22.81573,158.0,11.0,195.5,0F
[384464]	$DSM0D,124515,+51.45419,+22.81631,166.0,13.0,198.3,0F
[384536]	$DSM0F,124515,+51.43595,+22.78249,166.0,13.0,251.7,0F
[385107]	$DSM03,124516,+51.45480,+22.81618,200.0,15.0,198.3,0F
[385143]	$DSM04,124516,+51.45491,+22.81622,176.0,15.0,198.3,6F
[385393]	$DSM0B,124516,+51.44711,+22.81300,162.0,12.0,213.7,0F
[385429]	$DSM0C,124516,+51.45283,+22.81569,158.0,11.0,196.9,0F
[385464]	$DSM0D,124516,+51.45408,+22.81624,166.0,12.0,198.3,0F
[385536]	$DSM0F,124516,+51.43591,+22.78232,166.0,13.0,250.3,0F
[386000]	$DSM00,124517,+51.46132,+22.79710,7784.0,98.0,254.5,0F
[387000]	$DSM00,124518,+51.46107,+22.79573,7784.0,98.0,253.1,0F
[387107]	$DSM03,124518,+51.45456,+22.81610,200.0,13.0,184.2,0F
[387143]	$DSM04,124518,+51.45465,+22.81612,176.0,14.0,187.0,6F
[387393]	$DSM0B,124518,+51.44694,+22.81281,162.0,12.0,215.2,0F
[387429]	$DSM0C,124518,+51.45262,+22.81558,158.0,11.0,196.9,0F
[387464]	$DSM0D,124518,+51.45387,+22.81614,166.0,12.0,196.9,0F
[387536]	$DSM0F,124518,+51.43583,+22.78198,166.0,12.0,250.3,0F
[388429]	$DSM0C,124520,+51.45243,+22.81550,158.0,12.0,194.1,0F
[389393]	$DSM0B,124521,+51.44668,+22.81253,162.0,12.0,213.7,0F
[389464]	$DSM0D,124521,+51.45356,+22.81599,166.0,12.0,196.9,0F
[389536]	$DSM0F,124521,+51.43572,+22.78148,168.0,12.0,250.3,0F
[390000]	$DSM00,124522,+51.45984,+22.79034,7784.0,100.0,247.5,0F
[390107]	$DSM03,124522,+51.45409,+22.81629,202.0,14.0,161.7,0F
[390143]	$DSM04,124522,+51.45416,+22.81629,176.0,13.0,160.3,6F
[391000]	$DSM00,124523,+51.45948,+22.78902,7784.0,100.0,246.1,0F
[391107]	$DSM03,124523,+51.45397,+22.81635,202.0,14.0,164.5,0F
[391143]	$DSM04,124523,+51.45404,+22.81635,180.0,14.0,160.3,6F
[391393]	$DSM0B,124523,+51.44651,+22.81234,162.0,12.0,213.7,0F
[391429]	$DSM0C,124523,+51.45204,+22.81532,158.0,16.0,194.1,0F
[391464]	$DSM0D,124523,+51.45335,+22.81590,166.0,12.0,195.5,0F
[391536]	$DSM0F,124523,+51.43565,+22.78118,166.0,11.0,250.3,0F
[392393]	$DSM0B,124524,+51.44642,+22.81226,162.0,12.0,215.2,0F
[392429]	$DSM0C,124524,+51.45189,+22.81526,158.0,16.0,196.9,0F
[392464]	$DSM0D,124524,+51.45324,+22.81584,166.0,11.0,196.9,0F
[392536]	$DSM0F,124524,+51.43562,+22.78101,168.0,12.0,251.7,0F
[393000]	$DSM00,124525,+51.45869,+22.78638,7784.0,101.0,243.3,0F
[393107]	$DSM03,124525,+51.45375,+22.81642,204.0,12.0,174.4,0F
[393143]	$DSM04,124525,+51.45378,+22.81644,180.0,12.0,168.7,6F
[394000]	$DSM00,124526,+51.45828,+22.78507,7784.0,101.0,241.9,0F
[394107]	$DSM03,124526,+51.45363,+22.81644,204.0,12.0,181.4,0F
[394143]	$DSM04,124526,+51.45368,+22.81646,180.0,11.0,174.4,6F
[394393]	$DSM0B,124526,+51.44624,+22.81206,162.0,12.0,215.2,0F
[394429]	$DSM0C,124526,+51.45164,+22.81513,160.0,13.0,198.3,0F
[394464]	$DSM0D,124526,+51.45306,+22.81575,166.0,10.0,196.9,0F
[394536]	$DSM0F,124526,+51.43556,+22.78071,168.0,11.0,250.3,0F
[395107]	$DSM03,124527,+51.45352,+22.81642,204.0,12.0,187.0,0F
[395143]	$DSM04,124527,+51.45359,+22.81646,180.0,10.0,181.4,6F
[395393]	$DSM0B,124527,+51.44616,+22.81195,162.0,12.0,215.2,0F
[395429]	$DSM0C,124527,+51.45153,+22.81509,160.0,12.0,198.3,0F
[395464]	$DSM0D,124527,+51.45298,+22.81571,166.0,11.0,196.9,0F
[395536]	$DSM0F,124527,+51.43551,+22.78056,168.0,11.0,247.5,0F
[396000]	$DSM00,124528,+51.45737,+22.78251,7784.0,102.0,239.1,0F
[397000]	$DSM00,124529,+51.45689,+22.78125,7784.0,103.0,239.1,0F
[397107]	$DSM03,124529,+51.45332,+22.81633,204.0,12.0,196.9,0F
[397143]	$DSM04,124529,+51.45339,+22.81637,180.0,11.0,201.1,6F
[397393]	$DSM0B,124529,+51.44598,+22.81176,162.0,12.0,213.7,0F
[397429]	$DSM0C,124529,+51.45132,+22.81498,160.0,11.0,196.9,0F
[397464]	$DSM0D,124529,+51.45278,+22.81562,166.0,11.0,195.5,0F
[397536]	$DSM0F,124529,+51.43544,+22.78026,168.0,12.0,248.9,0F
[398000]	$DSM00,124530,+51.45639,+22.77998,7784.0,103.0,237.7,0F
[398107]	$DSM03,124530,+51.45321,+22.81627,204.0,12.0,199.7,0F
[398143]	$DSM04,124530,+51.45328,+22.81631,182.0,11.0,202.5,6F
[398393]	$DSM0B,124530,+51.44588,+22.81165,162.0,12.0,215.2,0F
[398429]	$DSM0C,124530,+51.45124,+22.81494,162.0,10.0,196.9,0F
[398464]	$DSM0D,124530,+51.45268,+22.81558,166.0,11.0,196.9,0F
[398536]	$DSM0F,124530,+51.43540,+22.78009,166.0,12.0,250.3,0F
[399321]	$DSM09,124531,+51.45776,+22.78405,7620.0,101.3,240.0,0F
[400000]	$DSM00,124532,+51.45535,+22.77752,7782.0,104.0,234.8,0F
[400107]	$DSM03,124532,+51.45302,+22.81614,206.0,12.0,205.3,0F
[400143]	$DSM04,124532,+51.45308,+22.81618,180.0,12.0,206.7,6F
[400393]	$DSM0B,124532,+51.44572,+22.81146,162.0,12.0,215.2,0F
[400429]	$DSM0C,124532,+51.45105,+22.81483,160.0,11.0,198.3,0F
[400464]	$DSM0D,124532,+51.45251,+22.81550,166.0,11.0,198.3,0F
[400536]	$DSM0F,124532,+51.43534,+22.77977,166.0,12.0,248.9,0F
[401321]	$DSM09,124533,+51.45680,+22.78149,7620.0,102.4,238.0,0F
[402000]	$DSM00,124535,+51.45368,+22.77387,7782.0,104.0,233.4,0F
[402107]	$DSM03,124535,+51.45276,+22.81584,206.0,12.0,222.2,0F
[402143]	$DSM04,124535,+51.45277,+22.81592,182.0,13.0,215.2,6F
[402393]	$DSM0B,124535,+51.44544,+22.81118,162.0,12.0,212.3,0F
[402429]	$DSM0C,124535,+51.45075,+22.81472,160.0,12.0,191.2,0F
[402464]	$DSM0D,124535,+51.45220,+22.81532,166.0,12.0,198.3,0F
[402536]	$DSM0F,124535,+51.43522,+22.77932,168.0,12.0,251.7,0F
[403393]	$DSM0B,124536,+51.44536,+22.81110,162.0,12.0,213.7,0F
[403429]	$DSM0C,124536,+51.45064,+22.81468,160.0,12.0,189.8,0F
[403464]	$DSM0D,124536,+51.45210,+22.81528,168.0,12.0,196.9,0F
[404000]	$DSM00,124537,+51.45254,+22.77146,7782.0,104.0,232.0,0F
[404107]	$DSM03,124537,+51.45261,+22.81560,206.0,12.0,226.4,0F
[404143]	$DSM04,124537,+51.45259,+22.81566,184.0,12.0,225.0,6F
[404321]	$DSM09,124537,+51.45477,+22.77651,7620.0,103.4,234.0,0F
[405000]	$DSM00,124538,+51.45196,+22.77026,7782.0,104.0,232.0,0F
[405107]	$DSM03,124538,+51.45254,+22.81547,208.0,12.0,227.8,0F
[405143]	$DSM04,124538,+51.45252,+22.81554,184.0,12.0,227.8,6F
[405393]	$DSM0B,124538,+51.44519,+22.81090,162.0,11.0,215.2,0F
[405429]	$DSM0C,124538,+51.45044,+22.81464,162.0,11.0,187.0,0F
[405464]	$DSM0D,124538,+51.45188,+22.81517,168.0,12.0,196.9,0F
[405536]	$DSM0F,124538,+51.43512,+22.77882,168.0,12.0,250.3,0F
[406393]	$DSM0B,124539,+51.44510,+22.81080,162.0,11.0,215.2,0F
[406429]	$DSM0C,124539,+51.45034,+22.81464,162.0,10.0,184.2,0F
[406464]	$DSM0D,124539,+51.45177,+22.81513,168.0,12.0,196.9,0F
[406536]	$DSM0F,124539,+51.43508,+22.77867,168.0,11.0,250.3,0F
[407000]	$DSM00,124540,+51.45081,+22.76788,7782.0,105.0,232.0,0F
[407107]	$DSM03,124540,+51.45237,+22.81519,208.0,13.0,225.0,0F
[407143]	$DSM04,124540,+51.45237,+22.81528,186.0,13.0,227.8,6F
[407321]	$DSM09,124540,+51.45364,+22.77399,7620.0,103.4,233.0,0F
[407464]	$DSM0D,124540,+51.45168,+22.81506,168.0,12.0,196.9,0F
[407536]	$DSM0F,124540,+51.43505,+22.77852,168.0,12.0,251.7,0F
[408000]	$DSM00,124541,+51.45022,+22.76668,7784.0,105.0,232.0,0F
[408107]	$DSM03,124541,+51.45229,+22.81506,208.0,13.0,222.2,0F
[408143]	$DSM04,124541,+51.45231,+22.81511,186.0,13.0,229.2,6F
[408393]	$DSM0B,124541,+51.44493,+22.81060,162.0,12.0,215.2,0F
[408429]	$DSM0C,124541,+51.45013,+22.81464,164.0,11.0,185.6,0F
[409143]	$DSM04,124542,+51.45224,+22.81498,184.0,13.0,220.8,6F
[409393]	$DSM0B,124542,+51.44485,+22.81052,162.0,12.0,215.2,0F
[409429]	$DSM0C,124542,+51.45004,+22.81462,164.0,11.0,185.6,0F
[409464]	$DSM0D,124542,+51.45146,+22.81496,166.0,12.0,199.7,0F
[409536]	$DSM0F,124542,+51.43497,+22.77820,170.0,12.0,250.3,0F
[410000]	$DSM00,124543,+51.44904,+22.76432,7784.0,105.0,230.6,0F
[410107]	$DSM03,124543,+51.45211,+22.81483,208.0,12.0,209.5,0F
[410321]	$DSM09,124543,+51.45246,+22.77162,7620.0,104.9,232.0,0F
[411000]	$DSM00,124544,+51.44843,+22.76316,7784.0,105.0,229.2,0F
[411107]	$DSM03,124544,+51.45201,+22.81476,208.0,12.0,199.7,0F
[411143]	$DSM04,124544,+51.45204,+22.81476,184.0,12.0,205.3,6F
[411393]	$DSM0B,124544,+51.44468,+22.81032,162.0,12.0,215.2,0F
[411429]	$DSM0C,124544,+51.44982,+22.81457,162.0,12.0,184.2,0F
[411464]	$DSM0D,124544,+51.45126,+22.81485,168.0,13.0,196.9,0F
[411536]	$DSM0F,124544,+51.43490,+22.77788,170.0,11.0,248.9,0F
[412321]	$DSM09,124545,+51.44991,+22.76629,7620.0,104.4,232.0,0F
[412393]	$DSM0B,124545,+51.44459,+22.81022,162.0,12.0,215.2,0F
[412429]	$DSM0C,124545,+51.44972,+22.81457,160.0,13.0,184.2,0F
[412464]	$DSM0D,124545,+51.45114,+22.81481,166.0,13.0,195.5,0F
[413000]	$DSM00,124546,+51.44715,+22.76088,7784.0,106.0,226.4,0F
[413107]	$DSM03,124546,+51.45177,+22.81472,206.0,13.0,178.6,0F
[413143]	$DSM04,124546,+51.45180,+22.81470,184.0,14.0,185.6,6F
[413464]	$DSM0D,124546,+51.45104,+22.81474,166.0,13.0,194.1,0F
[413536]	$DSM0F,124546,+51.43484,+22.77756,170.0,12.0,248.9,0F
[414000]	$DSM00,124547,+51.44647,+22.75979,7784.0,107.0,225.0,0F
[414107]	$DSM03,124547,+51.45166,+22.81474,206.0,13.0,175.8,0F
[414143]	$DSM04,124547,+51.45167,+22.81470,186.0,14.0,177.2,6F
[414393]	$DSM0B,124547,+51.44443,+22.81002,162.0,12.0,215.2,0F
[414429]	$DSM0C,124547,+51.44948,+22.81455,160.0,12.0,187.0,0F
[415000]	$DSM00,124548,+51.44576,+22.75874,7782.0,107.0,222.2,0F
[415107]	$DSM03,124548,+51.45153,+22.81476,206.0,13.0,174.4,0F
[415143]	$DSM04,124548,+51.45153,+22.81470,186.0,14.0,175.8,6F
[415321]	$DSM09,124548,+51.44717,+22.76106,7620.0,106.0,226.0,0F
[415393]	$DSM0B,124548,+51.44434,+22.80994,164.0,12.0,215.2,0F
[415429]	$DSM0C,124548,+51.44937,+22.81453,162.0,12.0,187.0,0F
[415464]	$DSM0D,124548,+51.45081,+22.81468,166.0,13.0,189.8,0F
[416000]	$DSM00,124550,+51.44427,+22.75672,7782.0,109.0,218.0,0F
[416107]	$DSM03,124550,+51.45130,+22.81479,204.0,13.0,180.0,0F
[416143]	$DSM04,124550,+51.45132,+22.81474,186.0,12.0,174.4,6F
[416393]	$DSM0B,124550,+51.44415,+22.80972,162.0,12.0,213.7,0F
[416429]	$DSM0C,124550,+51.44913,+22.81448,162.0,12.0,187.0,0F
[416464]	$DSM0D,124550,+51.45058,+22.81462,166.0,13.0,187.0,0F
[417143]	$DSM04,124551,+51.45120,+22.81476,184.0,12.0,175.8,6F
[417321]	$DSM09,124551,+51.44574,+22.75880,7620.0,107.0,222.0,0F
[417393]	$DSM0B,124551,+51.44406,+22.80964,162.0,12.0,215.2,0F
[417429]	$DSM0C,124551,+51.44903,+22.81448,160.0,12.0,184.2,0F
[417464]	$DSM0D,124551,+51.45045,+22.81459,166.0,13.0,185.6,0F
[418000]	$DSM00,124552,+51.44264,+22.75492,7780.0,110.0,212.3,0F
[418107]	$DSM03,124552,+51.45109,+22.81479,204.0,13.0,182.8,0F
[419000]	$DSM00,124554,+51.44092,+22.75331,7780.0,111.0,208.1,0F
[419107]	$DSM03,124554,+51.45086,+22.81479,204.0,12.0,181.4,0F
[419143]	$DSM04,124554,+51.45086,+22.81479,188.0,13.0,181.4,6F
[419393]	$DSM0B,124554,+51.44378,+22.80934,162.0,12.0,213.7,0F
[419429]	$DSM0C,124554,+51.44871,+22.81444,162.0,11.0,187.0,0F
[419464]	$DSM0D,124554,+51.45010,+22.81453,166.0,13.0,184.2,0F
[419536]	$DSM0F,124554,+51.43456,+22.77629,168.0,12.0,250.3,0F
[420000]	$DSM00,124556,+51.43909,+22.75194,7780.0,112.0,203.9,0F
[420107]	$DSM03,124556,+51.45064,+22.81479,204.0,13.0,180.0,0F
[420143]	$DSM04,124556,+51.45064,+22.81479,190.0,13.0,182.8,6F
[420321]	$DSM09,124556,+51.44373,+22.75609,7620.0,108.5,217.0,0F
[420393]	$DSM0B,124556,+51.44360,+22.80914,162.0,12.0,218.0,0F
[420429]	$DSM0C,124556,+51.44852,+22.81442,162.0,10.0,184.2,0F
[420464]	$DSM0D,124556,+51.44987,+22.81451,166.0,13.0,184.2,0F
[421321]	$DSM09,124558,+51.44015,+22.75277,7620.0,111.1,207.0,0F
[422000]	$DSM00,124559,+51.43622,+22.75033,7780.0,113.0,196.9,0F
[422107]	$DSM03,124559,+51.45031,+22.81476,204.0,12.0,184.2,0F
[422143]	$DSM04,124559,+51.45029,+22.81476,196.0,12.0,181.4,6F
[422393]	$DSM0B,124559,+51.44336,+22.80882,162.0,11.0,226.4,0F
[422429]	$DSM0C,124559,+51.44824,+22.81429,162.0,11.0,201.1,0F
[422464]	$DSM0D,124559,+51.44953,+22.81446,166.0,12.0,184.2,0F
[422536]	$DSM0F,124559,+51.43436,+22.77550,170.0,12.0,251.7,0F
[423536]	$DSM0F,124600,+51.43433,+22.77532,170.0,12.0,250.3,0F
[424000]	$DSM00,124601,+51.43422,+22.74953,7782.0,114.0,191.2,0F
[424107]	$DSM03,124601,+51.45009,+22.81474,206.0,12.0,187.0,0F
[424143]	$DSM04,124601,+51.45008,+22.81474,198.0,12.0,185.6,6F
[424321]	$DSM09,124601,+51.43819,+22.75147,7620.0,112.1,200.0,0F
[424393]	$DSM0B,124601,+51.44324,+22.80856,162.0,11.0,233.4,0F
[424429]	$DSM0C,124601,+51.44805,+22.81418,162.0,11.0,202.5,0F
[424464]	$DSM0D,124601,+51.44932,+22.81444,166.0,13.0,185.6,0F
[425536]	$DSM0F,124602,+51.43425,+22.77500,170.0,13.0,248.9,0F
[426000]	$DSM00,124603,+51.43220,+22.74902,7782.0,114.0,187.0,0F
[426107]	$DSM03,124603,+51.44988,+22.81470,206.0,12.0,189.8,0F
[426143]	$DSM04,124603,+51.44987,+22.81470,202.0,13.0,189.8,6F
[426393]	$DSM0B,124603,+51.44312,+22.80830,162.0,11.0,233.4,0F
[426429]	$DSM0C,124603,+51.44787,+22.81404,162.0,11.0,208.1,0F
[426464]	$DSM0D,124603,+51.44908,+22.81440,166.0,13.0,185.6,0F
[427000]	$DSM00,124605,+51.43013,+22.74874,7784.0,114.0,182.8,0F
[427107]	$DSM03,124605,+51.44965,+22.81464,208.0,13.0,188.4,0F
[427143]	$DSM04,124605,+51.44964,+22.81464,202.0,13.0,188.4,6F
[427393]	$DSM0B,124605,+51.44300,+22.80805,162.0,11.0,232.0,0F
[427429]	$DSM0C,124605,+51.44771,+22.81384,160.0,11.0,212.3,0F
[427464]	$DSM0D,124605,+51.44884,+22.81438,166.0,13.0,185.6,0F
[427536]	$DSM0F,124605,+51.43414,+22.77449,170.0,12.0,250.3,0F
[428321]	$DSM09,124606,+51.43354,+22.74943,7620.0,114.2,192.0,0F
[428107]	$DSM03,124606,+51.44952,+22.81462,208.0,14.0,185.6,0F
[428143]	$DSM04,124606,+51.44953,+22.81459,202.0,13.0,182.8,6F
[428393]	$DSM0B,124606,+51.44293,+22.80792,162.0,11.0,232.0,0F
[428429]	$DSM0C,124606,+51.44762,+22.81376,160.0,11.0,213.7,0F
[428464]	$DSM0D,124606,+51.44874,+22.81436,166.0,12.0,185.6,0F
[428536]	$DSM0F,124606,+51.43411,+22.77432,170.0,12.0,250.3,0F
[429000]	$DSM00,124607,+51.42807,+22.74870,7784.0,115.0,178.6,0F
[430321]	$DSM09,124608,+51.43140,+22.74892,7620.0,113.7,187.0,0F
[430000]	$DSM00,124608,+51.42702,+22.74878,7784.0,115.0,177.2,0F
[430107]	$DSM03,124608,+51.44928,+22.81459,208.0,13.0,184.2,0F
[430143]	$DSM04,124608,+51.44930,+22.81457,198.0,14.0,182.8,6F
[430393]	$DSM0B,124608,+51.44280,+22.80768,162.0,11.0,230.6,0F
[430429]	$DSM0C,124608,+51.44746,+22.81356,160.0,12.0,213.7,0F
[430464]	$DSM0D,124608,+51.44852,+22.81431,166.0,11.0,191.2,0F
[430536]	$DSM0F,124608,+51.43403,+22.77400,168.0,13.0,250.3,0F
[431000]	$DSM00,124610,+51.42496,+22.74915,7784.0,115.0,171.6,0F
[431107]	$DSM03,124610,+51.44905,+22.81457,208.0,13.0,182.8,0F
[431143]	$DSM04,124610,+51.44906,+22.81453,196.0,13.0,184.2,6F
[431321]	$DSM09,124610,+51.42924,+22.74883,7620.0,114.7,181.0,0F
[431393]	$DSM0B,124610,+51.44268,+22.80745,162.0,11.0,225.0,0F
[431429]	$DSM0C,124610,+51.44728,+22.81337,160.0,11.0,213.7,0F
[431464]	$DSM0D,124610,+51.44834,+22.81423,166.0,11.0,198.3,0F
[431536]	$DSM0F,124610,+51.43396,+22.77365,168.0,13.0,250.3,0F
[432107]	$DSM03,124612,+51.44881,+22.81455,208.0,13.0,185.6,0F
[433000]	$DSM00,124613,+51.42191,+22.75014,7784.0,115.0,165.9,0F
[433036]	$DSM01,124613,+51.46223,+22.60804,196.0,0.0,0.0,0F
[433143]	$DSM04,124613,+51.44871,+22.81453,196.0,13.0,185.6,6F
[433393]	$DSM0B,124613,+51.44245,+22.80715,162.0,11.0,216.6,0F
[433429]	$DSM0C,124613,+51.44704,+22.81309,162.0,11.0,215.2,0F
[433464]	$DSM0D,124613,+51.44804,+22.81401,166.0,12.0,208.1,0F
[433536]	$DSM0F,124613,+51.43384,+22.77314,166.0,12.0,248.9,0F
[434000]	$DSM00,124616,+51.41895,+22.75168,7784.0,114.0,158.9,0F
[434107]	$DSM03,124616,+51.44837,+22.81444,210.0,12.0,191.2,0F
[434143]	$DSM04,124616,+51.44836,+22.81442,198.0,12.0,191.2,6F
[434393]	$DSM0B,124616,+51.44221,+22.80689,162.0,10.0,210.9,0F
[434429]	$DSM0C,124616,+51.44677,+22.81279,162.0,12.0,213.7,0F
[434464]	$DSM0D,124616,+51.44776,+22.81376,166.0,12.0,213.7,0F
[434536]	$DSM0F,124616,+51.43373,+22.77264,166.0,12.0,251.7,0F
[435321]	$DSM09,124617,+51.42271,+22.75005,7620.0,114.2,165.0,0F
[435107]	$DSM03,124617,+51.44827,+22.81440,210.0,12.0,194.1,0F
[435143]	$DSM04,124617,+51.44827,+22.81438,198.0,12.0,192.7,6F
[435393]	$DSM0B,124617,+51.44213,+22.80682,162.0,10.0,208.1,0F
[435429]	$DSM0C,124617,+51.44669,+22.81270,162.0,12.0,215.2,0F
[435464]	$DSM0D,124617,+51.44768,+22.81365,166.0,12.0,215.2,0F
[435536]	$DSM0F,124617,+51.43370,+22.77247,166.0,12.0,253.1,0F
[436000]	$DSM00,124618,+51.41704,+22.75299,7784.0,114.0,154.7,0F
[437000]	$DSM00,124619,+51.41612,+22.75374,7784.0,114.0,153.3,0F
[437107]	$DSM03,124619,+51.44808,+22.81429,210.0,12.0,202.5,0F
[437143]	$DSM04,124619,+51.44809,+22.81425,194.0,11.0,202.5,6F
[437393]	$DSM0B,124619,+51.44197,+22.80668,162.0,11.0,209.5,0F
[437429]	$DSM0C,124619,+51.44652,+22.81249,162.0,12.0,213.7,0F
[437464]	$DSM0D,124619,+51.44749,+22.81346,166.0,13.0,213.7,0F
[437536]	$DSM0F,124619,+51.43362,+22.77213,164.0,13.0,248.9,0F
[438321]	$DSM09,124620,+51.41865,+22.75212,7620.0,114.2,159.0,0F
[438107]	$DSM03,124620,+51.44798,+22.81421,210.0,12.0,205.3,0F
[438143]	$DSM04,124620,+51.44801,+22.81418,192.0,12.0,208.1,6F
[438393]	$DSM0B,124620,+51.44189,+22.80659,164.0,11.0,209.5,0F
[438429]	$DSM0C,124620,+51.44642,+22.81240,162.0,12.0,213.7,0F
[438464]	$DSM0D,124620,+51.44740,+22.81335,166.0,13.0,215.2,0F
[438536]	$DSM0F,124620,+51.43358,+22.77196,164.0,13.0,250.3,0F
[439000]	$DSM00,124621,+51.41434,+22.75539,7784.0,113.0,147.7,0F
[440429]	$DSM0C,124622,+51.44625,+22.81221,162.0,12.0,212.3,0F
[440464]	$DSM0D,124622,+51.44720,+22.81313,166.0,13.0,213.7,0F
[440536]	$DSM0F,124622,+51.43349,+22.77161,166.0,12.0,247.5,0F
[441000]	$DSM00,124623,+51.41266,+22.75724,7784.0,113.0,143.4,0F
[441107]	$DSM03,124623,+51.44771,+22.81393,210.0,12.0,220.8,0F
[441143]	$DSM04,124623,+51.44775,+22.81391,188.0,12.0,210.9,6F
[441393]	$DSM0B,124623,+51.44164,+22.80638,164.0,10.0,209.5,0F
[442321]	$DSM09,124624,+51.41637,+22.75378,7620.0,113.2,152.0,0F
[442000]	$DSM00,124624,+51.41184,+22.75824,7784.0,112.0,142.0,0F
[442107]	$DSM03,124624,+51.44764,+22.81380,210.0,12.0,227.8,0F
[442143]	$DSM04,124624,+51.44765,+22.81380,188.0,12.0,215.2,6F
[442393]	$DSM0B,124624,+51.44156,+22.80629,164.0,10.0,209.5,0F
[442429]	$DSM0C,124624,+51.44607,+22.81202,162.0,12.0,213.7,0F
[442464]	$DSM0D,124624,+51.44702,+22.81292,166.0,13.0,215.2,0F
[443321]	$DSM09,124625,+51.41288,+22.75720,7620.0,112.7,143.0,0F
[443393]	$DSM0B,124625,+51.44148,+22.80622,164.0,10.0,210.9,0F
[443429]	$DSM0C,124625,+51.44599,+22.81193,162.0,12.0,215.2,0F
[443464]	$DSM0D,124625,+51.44692,+22.81281,166.0,13.0,213.7,0F
[443536]	$DSM0F,124625,+51.43337,+22.77110,166.0,12.0,248.9,0F
[444000]	$DSM00,124626,+51.41032,+22.76037,7784.0,111.0,137.8,0F
[444107]	$DSM03,124626,+51.44751,+22.81350,212.0,14.0,239.1,0F
[444143]	$DSM04,124626,+51.44748,+22.81356,190.0,12.0,225.0,6F
[445000]	$DSM00,124627,+51.40960,+22.76151,7784.0,111.0,135.0,0F
[445107]	$DSM03,124627,+51.44744,+22.81330,212.0,15.0,241.9,0F
[445143]	$DSM04,124627,+51.44741,+22.81344,192.0,13.0,232.0,6F
[445393]	$DSM0B,124627,+51.44133,+22.80605,164.0,10.0,225.0,0F
[445429]	$DSM0C,124627,+51.44581,+22.81174,164.0,12.0,213.7,0F
[445464]	$DSM0D,124627,+51.44672,+22.81260,166.0,13.0,213.7,0F
[446321]	$DSM09,124628,+51.41130,+22.75915,7620.0,111.6,139.0,0F
[446393]	$DSM0B,124628,+51.44127,+22.80592,164.0,11.0,233.4,0F
[446429]	$DSM0C,124628,+51.44572,+22.81163,164.0,11.0,215.2,0F
[446464]	$DSM0D,124628,+51.44663,+22.81249,166.0,13.0,213.7,0F
[447000]	$DSM00,124629,+51.40824,+22.76389,7784.0,110.0,130.8,0F
[447107]	$DSM03,124629,+51.44729,+22.81290,212.0,16.0,234.8,0F
[447143]	$DSM04,124629,+51.44728,+22.81298,188.0,17.0,237.7,6F
[447536]	$DSM0F,124629,+51.43324,+22.77043,166.0,12.0,250.3,0F
[448000]	$DSM00,124630,+51.40764,+22.76511,7784.0,110.0,128.0,0F
[448107]	$DSM03,124630,+51.44720,+22.81270,214.0,17.0,232.0,0F
[448143]	$DSM04,124630,+51.44720,+22.81277,188.0,18.0,232.0,6F
[448393]	$DSM0B,124630,+51.44117,+22.80564,164.0,11.0,244.7,0F
[448429]	$DSM0C,124630,+51.44556,+22.81146,164.0,11.0,213.7,0F
[448464]	$DSM0D,124630,+51.44643,+22.81230,166.0,13.0,213.7,0F
[449000]	$DSM00,124632,+51.40649,+22.76771,7784.0,108.0,123.7,0F
[449107]	$DSM03,124632,+51.44698,+22.81232,212.0,18.0,226.4,0F
[449143]	$DSM04,124632,+51.44699,+22.81234,188.0,18.0,232.0,6F
[449321]	$DSM09,124632,+51.40828,+22.76405,7620.0,109.6,127.0,0F
[449393]	$DSM0B,124632,+51.44110,+22.80537,164.0,11.0,247.5,0F
[449429]	$DSM0C,124632,+51.44539,+22.81127,164.0,12.0,212.3,0F
[449464]	$DSM0D,124632,+51.44624,+22.81208,166.0,13.0,213.7,0F
[450429]	$DSM0C,124634,+51.44522,+22.81107,164.0,11.0,213.7,0F
[450464]	$DSM0D,124634,+51.44604,+22.81187,166.0,13.0,213.7,0F
[451000]	$DSM00,124635,+51.40505,+22.77178,7784.0,107.0,116.7,0F
[451107]	$DSM03,124635,+51.44663,+22.81174,212.0,18.0,222.2,0F
[451143]	$DSM04,124635,+51.44664,+22.81172,186.0,18.0,223.6,6F
[451393]	$DSM0B,124635,+51.44100,+22.80492,164.0,10.0,250.3,0F
[452107]	$DSM03,124636,+51.44651,+22.81159,212.0,17.0,219.4,0F
[452143]	$DSM04,124636,+51.44653,+22.81157,184.0,17.0,220.8,6F
[452393]	$DSM0B,124636,+51.44097,+22.80476,164.0,10.0,250.3,0F
[452429]	$DSM0C,124636,+51.44504,+22.81092,166.0,11.0,210.9,0F
[452464]	$DSM0D,124636,+51.44585,+22.81165,166.0,13.0,215.2,0F
[452536]	$DSM0F,124636,+51.43296,+22.76925,166.0,13.0,248.9,0F
[453000]	$DSM00,124637,+51.40429,+22.77460,7784.0,105.0,112.5,0F
[453321]	$DSM09,124637,+51.40707,+22.76663,7620.0,108.0,123.0,0F
[454000]	$DSM00,124638,+51.40396,+22.77601,7784.0,105.0,109.7,0F
[454107]	$DSM03,124638,+51.44626,+22.81131,212.0,16.0,213.7,0F
[454143]	$DSM04,124638,+51.44630,+22.81127,182.0,16.0,213.7,6F
[454321]	$DSM09,124638,+51.40588,+22.76975,7620.0,107.0,118.0,0F
[454393]	$DSM0B,124638,+51.44089,+22.80449,164.0,11.0,250.3,0F
[454429]	$DSM0C,124638,+51.44488,+22.81075,164.0,9.0,213.7,0F
[454464]	$DSM0D,124638,+51.44565,+22.81142,166.0,13.0,213.7,0F
[455000]	$DSM00,124639,+51.40368,+22.77745,7784.0,104.0,106.9,0F
[455107]	$DSM03,124639,+51.44614,+22.81120,212.0,15.0,209.5,0F
[455143]	$DSM04,124639,+51.44617,+22.81114,182.0,17.0,210.9,6F
[455393]	$DSM0B,124639,+51.44086,+22.80434,164.0,11.0,250.3,0F
[455429]	$DSM0C,124639,+51.44482,+22.81067,164.0,10.0,218.0,0F
[455464]	$DSM0D,124639,+51.44556,+22.81131,166.0,13.0,213.7,0F
[455536]	$DSM0F,124639,+51.43284,+22.76872,164.0,13.0,250.3,0F
[456000]	$DSM00,124642,+51.40304,+22.78180,7784.0,102.0,99.8,0F
[456107]	$DSM03,124642,+51.44579,+22.81092,212.0,14.0,206.7,0F
[456143]	$DSM04,124642,+51.44578,+22.81086,186.0,13.0,206.7,6F
[456321]	$DSM09,124642,+51.40417,+22.77584,7620.0,104.4,109.0,0F
[456393]	$DSM0B,124642,+51.44078,+22.80391,164.0,10.0,250.3,0F
[456429]	$DSM0C,124642,+51.44460,+22.81036,160.0,11.0,213.7,0F
[456464]	$DSM0D,124642,+51.44526,+22.81099,166.0,13.0,215.2,0F
[456536]	$DSM0F,124642,+51.43273,+22.76818,164.0,13.0,250.3,0F
[457393]	$DSM0B,124644,+51.44070,+22.80365,164.0,10.0,250.3,0F
[457429]	$DSM0C,124644,+51.44443,+22.81017,156.0,10.0,215.2,0F
[457464]	$DSM0D,124644,+51.44508,+22.81080,166.0,13.0,215.2,0F
[457536]	$DSM0F,124644,+51.43264,+22.76784,164.0,13.0,250.3,0F
[458000]	$DSM00,124645,+51.40276,+22.78614,7784.0,100.0,92.8,0F
[458107]	$DSM03,124645,+51.44552,+22.81069,214.0,9.0,205.3,0F
[458143]	$DSM04,124645,+51.44548,+22.81064,196.0,11.0,209.5,6F
[458321]	$DSM09,124645,+51.40358,+22.77896,7620.0,102.9,104.0,0F
[459000]	$DSM00,124646,+51.40276,+22.78758,7784.0,99.0,90.0,0F
[459107]	$DSM03,124646,+51.44544,+22.81064,216.0,9.0,202.5,0F
[459143]	$DSM04,124646,+51.44540,+22.81058,198.0,9.0,203.9,6F
[459393]	$DSM0B,124646,+51.44065,+22.80335,164.0,10.0,250.3,0F
[459429]	$DSM0C,124646,+51.44424,+22.80998,154.0,12.0,213.7,0F
[459464]	$DSM0D,124646,+51.44488,+22.81058,166.0,13.0,213.7,0F
[459536]	$DSM0F,124646,+51.43257,+22.76749,162.0,13.0,251.7,0F
[460429]	$DSM0C,124647,+51.44415,+22.80987,154.0,13.0,215.2,0F
[460464]	$DSM0D,124647,+51.44480,+22.81050,166.0,13.0,213.7,0F
[460536]	$DSM0F,124647,+51.43252,+22.76732,162.0,13.0,251.7,0F
[461000]	$DSM00,124648,+51.40285,+22.79039,7784.0,97.0,85.8,0F
[461107]	$DSM03,124648,+51.44531,+22.81056,216.0,9.0,194.1,0F
[461143]	$DSM04,124648,+51.44525,+22.81054,200.0,8.0,192.7,6F
[461321]	$DSM09,124648,+51.40295,+22.78535,7620.0,99.3,92.0,0F
[461393]	$DSM0B,124648,+51.44059,+22.80307,164.0,10.0,250.3,0F
[461429]	$DSM0C,124648,+51.44405,+22.80974,154.0,12.0,215.2,0F
[462000]	$DSM00,124649,+51.40295,+22.79178,7784.0,96.0,83.0,0F
[462107]	$DSM03,124649,+51.44522,+22.81054,216.0,9.0,188.4,0F
[462143]	$DSM04,124649,+51.44519,+22.81052,200.0,8.0,191.2,6F
[462393]	$DSM0B,124649,+51.44056,+22.80294,164.0,10.0,250.3,0F
[462464]	$DSM0D,124649,+51.44460,+22.81028,164.0,13.0,213.7,0F
[462536]	$DSM0F,124649,+51.43244,+22.76696,164.0,13.0,248.9,0F
[463536]	$DSM0F,124650,+51.43240,+22.76676,164.0,13.0,250.3,0F
[464000]	$DSM00,124651,+51.40327,+22.79451,7784.0,95.0,77.3,0F
[464107]	$DSM03,124651,+51.44504,+22.81052,216.0,10.0,182.8,0F
[464143]	$DSM04,124651,+51.44501,+22.81047,202.0,10.0,182.8,6F
[464321]	$DSM09,124651,+51.40297,+22.78816,7620.0,98.3,87.0,0F
[464393]	$DSM0B,124651,+51.44050,+22.80266,164.0,10.0,250.3,0F
[464429]	$DSM0C,124651,+51.44375,+22.80944,156.0,12.0,215.2,0F
[464464]	$DSM0D,124651,+51.44441,+22.81006,164.0,13.0,215.2,0F
[465000]	$DSM00,124652,+51.40348,+22.79584,7782.0,94.0,74.5,0F
[465107]	$DSM03,124652,+51.44496,+22.81052,216.0,10.0,184.2,0F
[465143]	$DSM04,124652,+51.44493,+22.81047,202.0,10.0,178.6,6F
[465393]	$DSM0B,124652,+51.44047,+22.80251,164.0,11.0,248.9,0F
[465429]	$DSM0C,124652,+51.44365,+22.80936,156.0,12.0,213.7,0F
[465464]	$DSM0D,124652,+51.44432,+22.80998,164.0,12.0,213.7,0F
[465536]	$DSM0F,124652,+51.43232,+22.76642,166.0,13.0,250.3,0F
[466536]	$DSM0F,124653,+51.43228,+22.76625,166.0,13.0,247.5,0F
[467000]	$DSM00,124654,+51.40402,+22.79839,7782.0,93.0,68.9,0F
[467107]	$DSM03,124654,+51.44476,+22.81050,216.0,11.0,187.0,0F
[467143]	$DSM04,124654,+51.44476,+22.81047,202.0,10.0,185.6,6F
[467321]	$DSM09,124654,+51.40339,+22.79419,7620.0,94.7,77.0,0F
[467393]	$DSM0B,124654,+51.44039,+22.80223,164.0,10.0,250.3,0F
[467429]	$DSM0C,124654,+51.44348,+22.80916,158.0,11.0,220.8,0F
[467464]	$DSM0D,124654,+51.44413,+22.80976,164.0,13.0,215.2,0F
[468107]	$DSM03,124655,+51.44464,+22.81047,216.0,12.0,189.8,0F
[468143]	$DSM04,124655,+51.44464,+22.81047,202.0,12.0,185.6,6F
[468393]	$DSM0B,124655,+51.44036,+22.80208,164.0,10.0,250.3,0F
[468429]	$DSM0C,124655,+51.44340,+22.80904,158.0,11.0,222.2,0F
[468464]	$DSM0D,124655,+51.44404,+22.80966,164.0,13.0,215.2,0F
[468536]	$DSM0F,124655,+51.43220,+22.76593,166.0,13.0,250.3,0F
[469000]	$DSM00,124656,+51.40470,+22.80082,7782.0,91.0,63.3,0F
[470321]	$DSM09,124658,+51.40397,+22.79736,7620.0,92.6,69.0,0F
[470393]	$DSM0B,124658,+51.44028,+22.80168,164.0,10.0,250.3,0F
[470429]	$DSM0C,124658,+51.44320,+22.80867,160.0,11.0,233.4,0F
[470464]	$DSM0D,124658,+51.44375,+22.80936,164.0,12.0,213.7,0F
[470536]	$DSM0F,124658,+51.43207,+22.76535,166.0,14.0,250.3,0F
[471000]	$DSM00,124659,+51.40594,+22.80418,7782.0,89.0,56.2,0F
[471107]	$DSM03,124659,+51.44417,+22.81026,214.0,14.0,202.5,0F
[471143]	$DSM04,124659,+51.44419,+22.81034,206.0,12.0,195.5,6F
[472321]	$DSM09,124700,+51.40556,+22.80261,7620.0,89.5,59.0,0F
[473000]	$DSM00,124701,+51.40688,+22.80629,7782.0,89.0,53.4,0F
[473107]	$DSM03,124701,+51.44396,+22.81006,212.0,14.0,215.2,0F
[473143]	$DSM04,124701,+51.44397,+22.81017,208.0,12.0,209.5,6F
[473393]	$DSM0B,124701,+51.44018,+22.80125,164.0,11.0,250.3,0F
[473429]	$DSM0C,124701,+51.44302,+22.80826,162.0,11.0,233.4,0F
[473464]	$DSM0D,124701,+51.44350,+22.80906,164.0,12.0,222.2,0F
[473536]	$DSM0F,124701,+51.43194,+22.76479,166.0,14.0,250.3,0F
[474321]	$DSM09,124703,+51.40647,+22.80479,7620.0,89.0,55.0,0F
[475000]	$DSM00,124704,+51.40836,+22.80932,7782.0,88.0,52.0,0F
[475107]	$DSM03,124704,+51.44365,+22.80968,208.0,15.0,218.0,0F
[475143]	$DSM04,124704,+51.44368,+22.80974,208.0,14.0,219.4,6F
[475393]	$DSM0B,124704,+51.44008,+22.80080,164.0,10.0,250.3,0F
[475429]	$DSM0C,124704,+51.44283,+22.80788,162.0,11.0,229.2,0F
[475464]	$DSM0D,124704,+51.44329,+22.80869,162.0,11.0,230.6,0F
[475536]	$DSM0F,124704,+51.43181,+22.76421,166.0,14.0,250.3,0F
[476000]	$DSM00,124706,+51.40939,+22.81129,7782.0,88.0,50.6,0F
[476107]	$DSM03,124706,+51.44344,+22.80940,208.0,15.0,216.6,0F
[476143]	$DSM04,124706,+51.44346,+22.80944,204.0,15.0,218.0,6F
[476393]	$DSM0B,124706,+51.44001,+22.80052,164.0,10.0,250.3,0F
[476429]	$DSM0C,124706,+51.44268,+22.80762,162.0,11.0,226.4,0F
[476464]	$DSM0D,124706,+51.44316,+22.80844,162.0,12.0,233.4,0F
[476536]	$DSM0F,124706,+51.43172,+22.76380,168.0,14.0,250.3,0F
[477321]	$DSM09,124707,+51.40745,+22.80696,7620.0,88.5,52.0,0F
[477393]	$DSM0B,124707,+51.43998,+22.80039,164.0,11.0,250.3,0F
[477429]	$DSM0C,124707,+51.44261,+22.80749,162.0,11.0,222.2,0F
[477464]	$DSM0D,124707,+51.44311,+22.80828,162.0,12.0,234.8,0F
[477536]	$DSM0F,124707,+51.43168,+22.76361,168.0,14.0,248.9,0F
[478000]	$DSM00,124708,+51.41038,+22.81326,7782.0,88.0,52.0,0F
[478107]	$DSM03,124708,+51.44321,+22.80914,206.0,16.0,213.7,0F
[478143]	$DSM04,124708,+51.44321,+22.80916,198.0,17.0,215.2,6F
[479000]	$DSM00,124709,+51.41088,+22.81427,7784.0,88.0,52.0,0F
[479036]	$DSM01,124709,+51.46223,+22.60804,194.0,0.0,0.0,0F
[479107]	$DSM03,124709,+51.44308,+22.80904,204.0,17.0,210.9,0F
[479143]	$DSM04,124709,+51.44309,+22.80901,196.0,17.0,215.2,6F
[479393]	$DSM0B,124709,+51.43992,+22.80009,164.0,10.0,251.7,0F
[479429]	$DSM0C,124709,+51.44246,+22.80728,162.0,11.0,219.4,0F
[479464]	$DSM0D,124709,+51.44298,+22.80800,162.0,11.0,233.4,0F
[479536]	$DSM0F,124709,+51.43160,+22.76324,168.0,13.0,250.3,0F
[480107]	$DSM03,124710,+51.44295,+22.80888,202.0,18.0,210.9,0F
[480143]	$DSM04,124710,+51.44296,+22.80888,194.0,18.0,212.3,6F
[480321]	$DSM09,124710,+51.40978,+22.81152,7620.0,88.0,51.0,0F
[480393]	$DSM0B,124710,+51.43988,+22.79996,164.0,10.0,250.3,0F
[480429]	$DSM0C,124710,+51.44238,+22.80717,162.0,11.0,213.7,0F
[480464]	$DSM0D,124710,+51.44292,+22.80790,162.0,11.0,232.0,0F
[480536]	$DSM0F,124710,+51.43156,+22.76305,168.0,13.0,250.3,0F
[481000]	$DSM00,124711,+51.41188,+22.81627,7784.0,89.0,52.0,0F
[481536]	$DSM0F,124711,+51.43152,+22.76288,168.0,13.0,250.3,0F
[482000]	$DSM00,124712,+51.41238,+22.81728,7784.0,89.0,52.0,0F
[482107]	$DSM03,124712,+51.44265,+22.80865,198.0,18.0,206.7,0F
[482143]	$DSM04,124712,+51.44265,+22.80863,190.0,18.0,205.3,6F
[482393]	$DSM0B,124712,+51.43984,+22.79966,164.0,11.0,251.7,0F
[482429]	$DSM0C,124712,+51.44221,+22.80700,160.0,11.0,209.5,0F
[482464]	$DSM0D,124712,+51.44279,+22.80764,162.0,12.0,229.2,0F
[483000]	$DSM00,124713,+51.41288,+22.81828,7784.0,89.0,52.0,0F
[483107]	$DSM03,124713,+51.44252,+22.80854,196.0,19.0,203.9,0F
[483143]	$DSM04,124713,+51.44251,+22.80850,188.0,18.0,203.9,6F
[483321]	$DSM09,124713,+51.41072,+22.81352,7620.0,88.5,51.0,0F
[483393]	$DSM0B,124713,+51.43980,+22.79953,166.0,10.0,250.3,0F
[483429]	$DSM0C,124713,+51.44213,+22.80691,160.0,11.0,210.9,0F
[483464]	$DSM0D,124713,+51.44271,+22.80751,162.0,12.0,226.4,0F
[483536]	$DSM0F,124713,+51.43144,+22.76254,168.0,13.0,248.9,0F
[484393]	$DSM0B,124714,+51.43976,+22.79938,166.0,10.0,248.9,0F
[484429]	$DSM0C,124714,+51.44204,+22.80682,162.0,11.0,210.9,0F
[484464]	$DSM0D,124714,+51.44264,+22.80738,162.0,12.0,222.2,0F
[484536]	$DSM0F,124714,+51.43139,+22.76236,170.0,13.0,248.9,0F
[485000]	$DSM00,124715,+51.41385,+22.82030,7784.0,89.0,52.0,0F
[485107]	$DSM03,124715,+51.44220,+22.80833,192.0,19.0,201.1,0F
[485143]	$DSM04,124715,+51.44220,+22.80830,184.0,18.0,201.1,6F
[486000]	$DSM00,124716,+51.41434,+22.82131,7784.0,89.0,53.4,0F
[486107]	$DSM03,124716,+51.44204,+22.80824,190.0,19.0,201.1,0F
[486143]	$DSM04,124716,+51.44204,+22.80822,184.0,19.0,199.7,6F
[486321]	$DSM09,124716,+51.41275,+22.81765,7620.0,88.5,52.0,0F
[486393]	$DSM0B,124716,+51.43969,+22.79908,166.0,11.0,250.3,0F
[486429]	$DSM0C,124716,+51.44188,+22.80668,162.0,11.0,208.1,0F
[486464]	$DSM0D,124716,+51.44248,+22.80717,162.0,11.0,216.6,0F
[486536]	$DSM0F,124716,+51.43132,+22.76202,170.0,13.0,250.3,0F
[487393]	$DSM0B,124717,+51.43966,+22.79893,166.0,11.0,251.7,0F
[487429]	$DSM0C,124717,+51.44179,+22.80661,162.0,11.0,205.3,0F
[487464]	$DSM0D,124717,+51.44240,+22.80708,162.0,11.0,213.7,0F
[487536]	$DSM0F,124717,+51.43127,+22.76185,170.0,13.0,250.3,0F
[488000]	$DSM00,124718,+51.41532,+22.82337,7784.0,89.0,53.4,0F
[488107]	$DSM03,124718,+51.44173,+22.80805,188.0,18.0,201.1,0F
[488143]	$DSM04,124718,+51.44172,+22.80805,182.0,19.0,198.3,6F
[489000]	$DSM00,124719,+51.41580,+22.82438,7782.0,89.0,53.4,0F
[489107]	$DSM03,124719,+51.44160,+22.80794,188.0,17.0,205.3,0F
[489143]	$DSM04,124719,+51.44157,+22.80796,184.0,17.0,201.1,6F
[489321]	$DSM09,124719,+51.41388,+22.81993,7620.0,89.0,52.0,0F
[489393]	$DSM0B,124719,+51.43960,+22.79865,166.0,11.0,250.3,0F
[489429]	$DSM0C,124719,+51.44160,+22.80648,162.0,11.0,208.1,0F
[489464]	$DSM0D,124719,+51.44224,+22.80693,162.0,11.0,209.5,0F
[489536]	$DSM0F,124719,+51.43120,+22.76151,172.0,12.0,250.3,0F
[490393]	$DSM0B,124720,+51.43956,+22.79850,166.0,11.0,250.3,0F
[490429]	$DSM0C,124720,+51.44152,+22.80640,164.0,11.0,208.1,0F
[490464]	$DSM0D,124720,+51.44214,+22.80685,164.0,11.0,208.1,0F
[490536]	$DSM0F,124720,+51.43117,+22.76134,172.0,12.0,250.3,0F
[491000]	$DSM00,124721,+51.41678,+22.82644,7782.0,89.0,53.4,0F
[491036]	$DSM01,124721,+51.46223,+22.60802,196.0,0.0,0.0,0F
[491107]	$DSM03,124721,+51.44136,+22.80775,186.0,13.0,213.7,0F
[491143]	$DSM04,124721,+51.44133,+22.80775,182.0,14.0,210.9,6F
[492429]	$DSM0C,124722,+51.44133,+22.80622,164.0,12.0,216.6,0F
[492464]	$DSM0D,124722,+51.44197,+22.80670,164.0,10.0,209.5,0F
[492536]	$DSM0F,124722,+51.43109,+22.76101,172.0,13.0,248.9,0F
[493000]	$DSM00,124723,+51.41776,+22.82850,7782.0,90.0,53.4,0F
[493107]	$DSM03,124723,+51.44124,+22.80753,186.0,9.0,247.5,0F
[493143]	$DSM04,124723,+51.44122,+22.80753,184.0,9.0,239.1,6F
[493321]	$DSM09,124723,+51.41587,+22.82417,7620.0,89.5,53.0,0F
[493393]	$DSM0B,124723,+51.43947,+22.79807,166.0,11.0,250.3,0F
[493536]	$DSM0F,124723,+51.43106,+22.76084,172.0,12.0,248.9,0F
[494000]	$DSM00,124724,+51.41824,+22.82953,7782.0,90.0,53.4,0F
[494107]	$DSM03,124724,+51.44124,+22.80743,186.0,8.0,272.8,0F
[494143]	$DSM04,124724,+51.44120,+22.80740,184.0,9.0,251.7,6F
[494393]	$DSM0B,124724,+51.43944,+22.79792,166.0,11.0,250.3,0F
[494429]	$DSM0C,124724,+51.44119,+22.80594,164.0,12.0,237.7,0F
[494464]	$DSM0D,124724,+51.44180,+22.80657,164.0,11.0,209.5,0F
[495393]	$DSM0B,124725,+51.43940,+22.79777,166.0,11.0,251.7,0F
[495429]	$DSM0C,124725,+51.44114,+22.80580,164.0,11.0,244.7,0F
[495464]	$DSM0D,124725,+51.44173,+22.80648,164.0,10.0,209.5,0F
[495536]	$DSM0F,124725,+51.43097,+22.76052,170.0,12.0,246.1,0F
[496000]	$DSM00,124726,+51.41922,+22.83156,7780.0,90.0,53.4,0F
[496107]	$DSM03,124726,+51.44132,+22.80717,188.0,11.0,309.4,0F
[496143]	$DSM04,124726,+51.44126,+22.80717,184.0,10.0,295.3,6F
[496321]	$DSM09,124726,+51.41681,+22.82622,7620.0,89.5,52.0,0F
[497000]	$DSM00,124727,+51.41971,+22.83260,7780.0,90.0,52.0,0F
[497107]	$DSM03,124727,+51.44140,+22.80706,188.0,11.0,312.2,0F
[497143]	$DSM04,124727,+51.44135,+22.80704,186.0,11.0,313.6,6F
[497393]	$DSM0B,124727,+51.43933,+22.79747,166.0,11.0,250.3,0F
[497429]	$DSM0C,124727,+51.44106,+22.80550,166.0,12.0,247.5,0F
[497464]	$DSM0D,124727,+51.44156,+22.80633,164.0,11.0,210.9,0F
[497536]	$DSM0F,124727,+51.43088,+22.76020,170.0,13.0,250.3,0F
[498393]	$DSM0B,124728,+51.43931,+22.79732,166.0,11.0,248.9,0F
[498429]	$DSM0C,124728,+51.44103,+22.80534,166.0,12.0,248.9,0F
[498464]	$DSM0D,124728,+51.44148,+22.80624,164.0,10.0,212.3,0F
[498536]	$DSM0F,124728,+51.43084,+22.76003,170.0,13.0,250.3,0F
[499000]	$DSM00,124729,+51.42069,+22.83464,7780.0,90.0,52.0,0F
[499107]	$DSM03,124729,+51.44153,+22.80682,188.0,11.0,300.9,0F
[499143]	$DSM04,124729,+51.44151,+22.80680,184.0,11.0,303.7,6F
[499321]	$DSM09,124729,+51.41805,+22.82880,7620.0,89.5,52.0,0F
[500000]	$DSM00,124730,+51.42119,+22.83566,7780.0,90.0,52.0,0F
[500107]	$DSM03,124730,+51.44157,+22.80668,190.0,11.0,293.9,0F
[500143]	$DSM04,124730,+51.44156,+22.80665,184.0,10.0,296.7,6F
[500393]	$DSM0B,124730,+51.43924,+22.79704,166.0,11.0,250.3,0F
[500429]	$DSM0C,124730,+51.44094,+22.80502,168.0,11.0,247.5,0F
[500464]	$DSM0D,124730,+51.44133,+22.80608,164.0,10.0,223.6,0F
[500536]	$DSM0F,124730,+51.43078,+22.75968,170.0,12.0,250.3,0F
[501107]	$DSM03,124731,+51.44161,+22.80652,190.0,11.0,285.5,0F
[501393]	$DSM0B,124731,+51.43920,+22.79689,166.0,11.0,250.3,0F
[501429]	$DSM0C,124731,+51.44091,+22.80487,168.0,11.0,246.1,0F
[501464]	$DSM0D,124731,+51.44128,+22.80597,164.0,10.0,232.0,0F
[501536]	$DSM0F,124731,+51.43073,+22.75951,168.0,13.0,251.7,0F
[502000]	$DSM00,124732,+51.42217,+22.83770,7780.0,90.0,52.0,0F
[502321]	$DSM09,124732,+51.42019,+22.83329,7620.0,89.5,52.0,0F
[503000]	$DSM00,124733,+51.42267,+22.83873,7780.0,90.0,52.0,0F
[503107]	$DSM03,124733,+51.44164,+22.80622,192.0,12.0,265.8,0F
[503143]	$DSM04,124733,+51.44163,+22.80627,186.0,8.0,275.6,6F
[503393]	$DSM0B,124733,+51.43914,+22.79659,166.0,10.0,250.3,0F
[503429]	$DSM0C,124733,+51.44084,+22.80455,170.0,11.0,248.9,0F
[503464]	$DSM0D,124733,+51.44119,+22.80571,166.0,11.0,247.5,0F
[503536]	$DSM0F,124733,+51.43066,+22.75917,166.0,12.0,250.3,0F
[504393]	$DSM0B,124734,+51.43911,+22.79646,166.0,10.0,250.3,0F
[504429]	$DSM0C,124734,+51.44081,+22.80440,170.0,11.0,250.3,0F
[504464]	$DSM0D,124734,+51.44116,+22.80556,166.0,11.0,251.7,0F
[504536]	$DSM0F,124734,+51.43062,+22.75902,166.0,12.0,248.9,0F
[505000]	$DSM00,124735,+51.42367,+22.84075,7780.0,89.0,52.0,0F
[505107]	$DSM03,124735,+51.44160,+22.80586,192.0,12.0,253.1,0F
[505143]	$DSM04,124735,+51.44163,+22.80601,188.0,7.0,260.2,6F
[505321]	$DSM09,124735,+51.42131,+22.83547,7620.0,89.5,52.0,0F
[506107]	$DSM03,124736,+51.44155,+22.80569,192.0,12.0,248.9,0F
[506143]	$DSM04,124736,+51.44160,+22.80590,190.0,8.0,251.7,6F
[506393]	$DSM0B,124736,+51.43904,+22.79616,166.0,10.0,248.9,0F
[506429]	$DSM0C,124736,+51.44073,+22.80410,170.0,11.0,250.3,0F
[506464]	$DSM0D,124736,+51.44108,+22.80524,166.0,12.0,250.3,0F
[506536]	$DSM0F,124736,+51.43056,+22.75870,166.0,12.0,250.3,0F
[507000]	$DSM00,124737,+51.42468,+22.84272,7780.0,89.0,49.2,0F
[507536]	$DSM0F,124737,+51.43051,+22.75854,166.0,11.0,250.3,0F
[508000]	$DSM00,124738,+51.42521,+22.84369,7780.0,88.0,47.8,0F
[508107]	$DSM03,124738,+51.44148,+22.80537,192.0,11.0,244.7,0F
[508143]	$DSM04,124738,+51.44153,+22.80560,190.0,10.0,243.3,6F
[508321]	$DSM09,124738,+51.42254,+22.83809,7620.0,89.5,52.0,0F
[508393]	$DSM0B,124738,+51.43897,+22.79588,166.0,11.0,250.3,0F
[508429]	$DSM0C,124738,+51.44068,+22.80380,172.0,11.0,248.9,0F
[508464]	$DSM0D,124738,+51.44100,+22.80490,166.0,12.0,251.7,0F
[509107]	$DSM03,124739,+51.44142,+22.80524,194.0,11.0,243.3,0F
[509143]	$DSM04,124739,+51.44148,+22.80545,190.0,11.0,244.7,6F
[509393]	$DSM0B,124739,+51.43894,+22.79575,166.0,11.0,250.3,0F
[509429]	$DSM0C,124739,+51.44065,+22.80365,172.0,11.0,248.9,0F
[509464]	$DSM0D,124739,+51.44097,+22.80474,166.0,12.0,251.7,0F
[509536]	$DSM0F,124739,+51.43046,+22.75822,164.0,11.0,250.3,0F
[510000]	$DSM00,124740,+51.42632,+22.84551,7780.0,88.0,45.0,0F
[510536]	$DSM0F,124740,+51.43043,+22.75807,164.0,12.0,250.3,0F
[511000]	$DSM00,124741,+51.42688,+22.84637,7778.0,87.0,42.2,0F
[511107]	$DSM03,124741,+51.44133,+22.80498,194.0,8.0,241.9,0F
[511143]	$DSM04,124741,+51.44138,+22.80520,190.0,10.0,240.5,6F
[511321]	$DSM09,124741,+51.42491,+22.84293,7620.0,88.5,48.0,0F
[511393]	$DSM0B,124741,+51.43888,+22.79545,166.0,11.0,250.3,0F
[511429]	$DSM0C,124741,+51.44057,+22.80335,172.0,11.0,248.9,0F
[511464]	$DSM0D,124741,+51.44092,+22.80442,166.0,11.0,250.3,0F
[512143]	$DSM04,124742,+51.44133,+22.80504,192.0,11.0,240.5,6F
[512393]	$DSM0B,124742,+51.43884,+22.79530,166.0,11.0,250.3,0F
[512429]	$DSM0C,124742,+51.44054,+22.80320,172.0,11.0,248.9,0F
[512464]	$DSM0D,124742,+51.44088,+22.80427,166.0,11.0,248.9,0F
[512536]	$DSM0F,124742,+51.43035,+22.75773,162.0,12.0,250.3,0F
[513000]	$DSM00,124743,+51.42807,+22.84800,7778.0,86.0,39.4,0F
[513107]	$DSM03,124743,+51.44126,+22.80479,194.0,8.0,230.6,0F
[514000]	$DSM00,124744,+51.42868,+22.84875,7778.0,86.0,36.6,0F
[514107]	$DSM03,124744,+51.44120,+22.80470,194.0,8.0,226.4,0F
[514143]	$DSM04,124744,+51.44123,+22.80479,194.0,10.0,230.6,6F
[514321]	$DSM09,124744,+51.42618,+22.84508,7620.0,87.5,44.0,0F
[514393]	$DSM0B,124744,+51.43878,+22.79500,166.0,11.0,250.3,0F
[514429]	$DSM0C,124744,+51.44047,+22.80290,172.0,11.0,250.3,0F
[514464]	$DSM0D,124744,+51.44080,+22.80397,166.0,11.0,248.9,0F
[514536]	$DSM0F,124744,+51.43028,+22.75741,164.0,12.0,250.3,0F
[515107]	$DSM03,124745,+51.44116,+22.80464,194.0,8.0,223.6,0F
[515393]	$DSM0B,124745,+51.43874,+22.79485,166.0,11.0,251.7,0F
[515429]	$DSM0C,124745,+51.44044,+22.80273,172.0,11.0,250.3,0F
[515464]	$DSM0D,124745,+51.44076,+22.80382,166.0,11.0,248.9,0F
[515536]	$DSM0F,124745,+51.43023,+22.75724,164.0,13.0,250.3,0F
[516000]	$DSM00,124746,+51.42996,+22.85015,7778.0,85.0,32.3,0F
[516429]	$DSM0C,124746,+51.44041,+22.80258,172.0,11.0,248.9,0F
[516464]	$DSM0D,124746,+51.44073,+22.80367,166.0,11.0,251.7,0F
[516536]	$DSM0F,124746,+51.43020,+22.75706,166.0,13.0,250.3,0F
[517000]	$DSM00,124747,+51.43062,+22.85079,7778.0,85.0,30.9,0F
[517107]	$DSM03,124747,+51.44106,+22.80444,194.0,8.0,232.0,0F
[517143]	$DSM04,124747,+51.44107,+22.80451,194.0,9.0,233.4,6F
[517321]	$DSM09,124747,+51.42862,+22.84835,7620.0,85.9,36.0,0F
[517393]	$DSM0B,124747,+51.43868,+22.79455,166.0,11.0,250.3,0F
[518143]	$DSM04,124750,+51.44094,+22.80414,198.0,10.0,240.5,6F
[518393]	$DSM0B,124750,+51.43859,+22.79412,166.0,11.0,251.7,0F
[518429]	$DSM0C,124750,+51.44028,+22.80198,172.0,11.0,248.9,0F
[518464]	$DSM0D,124750,+51.44060,+22.80307,166.0,11.0,248.9,0F
[518536]	$DSM0F,124750,+51.43005,+22.75640,168.0,12.0,251.7,0F
[519000]	$DSM00,124751,+51.43332,+22.85298,7778.0,84.0,22.5,0F
[519036]	$DSM01,124751,+51.46223,+22.60802,194.0,0.0,0.0,0F
[519107]	$DSM03,124751,+51.44088,+22.80399,194.0,10.0,241.9,0F
[520143]	$DSM04,124753,+51.44081,+22.80378,200.0,9.0,243.3,6F
[520321]	$DSM09,124753,+51.43299,+22.85241,7620.0,83.3,23.0,0F
[520393]	$DSM0B,124753,+51.43848,+22.79367,166.0,11.0,250.3,0F
[520429]	$DSM0C,124753,+51.44016,+22.80152,172.0,11.0,251.7,0F
[520464]	$DSM0D,124753,+51.44049,+22.80260,166.0,11.0,250.3,0F
[520536]	$DSM0F,124753,+51.42994,+22.75588,168.0,13.0,250.3,0F
[521000]	$DSM00,124754,+51.43544,+22.85418,7778.0,83.0,16.9,0F
[521107]	$DSM03,124754,+51.44076,+22.80363,196.0,9.0,246.1,0F
[522536]	$DSM0F,124756,+51.42982,+22.75533,166.0,14.0,250.3,0F
[523000]	$DSM00,124757,+51.43759,+22.85504,7780.0,82.0,11.2,0F
[523107]	$DSM03,124757,+51.44065,+22.80326,198.0,9.0,244.7,0F
[523143]	$DSM04,124757,+51.44068,+22.80328,204.0,9.0,246.1,6F
[523393]	$DSM0B,124757,+51.43836,+22.79307,166.0,11.0,250.3,0F
[523429]	$DSM0C,124757,+51.44005,+22.80092,170.0,11.0,250.3,0F
[523464]	$DSM0D,124757,+51.44035,+22.80200,168.0,11.0,248.9,0F
[524000]	$DSM00,124700,+51.43978,+22.85556,7780.0,81.0,5.6,0F
[525107]	$DSM03,124759,+51.44057,+22.80303,200.0,10.0,244.7,0F
[525143]	$DSM04,124759,+51.44060,+22.80303,202.0,10.0,244.7,6F
[525321]	$DSM09,124759,+51.43599,+22.85402,7620.0,82.3,15.0,0F
[525393]	$DSM0B,124759,+51.43828,+22.79277,166.0,11.0,250.3,0F
[525429]	$DSM0C,124759,+51.43996,+22.80062,172.0,11.0,248.9,0F
[525464]	$DSM0D,124759,+51.44028,+22.80168,168.0,11.0,248.9,0F
[526036]	$DSM01,124800,+51.46223,+22.60802,196.0,0.0,0.0,0F
[527000]	$DSM00,124802,+51.44124,+22.85568,7780.0,81.0,1.4,0F
[527107]	$DSM03,124802,+51.44044,+22.80260,200.0,11.0,239.1,0F
[527143]	$DSM04,124802,+51.44047,+22.80260,206.0,11.0,243.3,6F
[527393]	$DSM0B,124802,+51.43820,+22.79232,166.0,11.0,250.3,0F
[527429]	$DSM0C,124802,+51.43985,+22.80017,172.0,11.0,248.9,0F
[527464]	$DSM0D,124802,+51.44016,+22.80122,168.0,12.0,251.7,0F
[527536]	$DSM0F,124802,+51.42952,+22.75415,166.0,16.0,240.5,0F
[528393]	$DSM0B,124803,+51.43815,+22.79217,166.0,11.0,250.3,0F
[528429]	$DSM0C,124803,+51.43982,+22.80002,174.0,11.0,248.9,0F
[528464]	$DSM0D,124803,+51.44013,+22.80105,168.0,12.0,250.3,0F
[528536]	$DSM0F,124803,+51.42945,+22.75395,166.0,16.0,239.1,0F
[529000]	$DSM00,124804,+51.44271,+22.85564,7780.0,81.0,357.2,0F
[529107]	$DSM03,124804,+51.44032,+22.80230,200.0,13.0,240.5,0F
[529143]	$DSM04,124804,+51.44036,+22.80230,206.0,12.0,243.3,6F
[529321]	$DSM09,124804,+51.43909,+22.85505,7620.0,81.3,7.0,0F
[530107]	$DSM03,124806,+51.44022,+22.80196,202.0,14.0,248.9,0F
[530143]	$DSM04,124806,+51.44026,+22.80200,206.0,12.0,248.9,6F
[530393]	$DSM0B,124806,+51.43805,+22.79174,166.0,11.0,250.3,0F
[530429]	$DSM0C,124806,+51.43972,+22.79957,174.0,11.0,248.9,0F
[530464]	$DSM0D,124806,+51.44003,+22.80060,168.0,11.0,250.3,0F
[530536]	$DSM0F,124806,+51.42924,+22.75335,168.0,15.0,240.5,0F
[531000]	$DSM00,124807,+51.44488,+22.85530,7780.0,81.0,351.6,0F
[531321]	$DSM09,124807,+51.44223,+22.85526,7620.0,80.8,357.0,0F
[532536]	$DSM0F,124813,+51.42877,+22.75211,170.0,14.0,240.5,0F
[533143]	$DSM04,124814,+51.44005,+22.80075,202.0,10.0,255.9,6F
[534000]	$DSM00,124815,+51.45048,+22.85268,7780.0,81.0,336.1,0F
[534036]	$DSM01,124815,+51.46224,+22.60804,196.0,0.0,0.0,0F
[534107]	$DSM03,124815,+51.44000,+22.80056,210.0,11.0,255.9,0F
[534393]	$DSM0B,124815,+51.43776,+22.79041,166.0,11.0,250.3,0F
[534429]	$DSM0C,124815,+51.43940,+22.79826,178.0,10.0,246.1,0F
[534464]	$DSM0D,124815,+51.43972,+22.79921,168.0,10.0,248.9,0F
[535321]	$DSM09,124816,+51.44825,+22.85352,7620.0,80.8,342.0,0F
[536393]	$DSM0B,124820,+51.43756,+22.78962,166.0,12.0,250.3,0F
[536429]	$DSM0C,124820,+51.43921,+22.79749,180.0,12.0,248.9,0F
[536464]	$DSM0D,124820,+51.43956,+22.79850,168.0,11.0,251.7,0F
[537000]	$DSM00,124821,+51.45430,+22.84918,7780.0,82.0,324.8,0F
[537107]	$DSM03,124821,+51.43987,+22.79966,218.0,10.0,250.3,0F
[537143]	$DSM04,124821,+51.43988,+22.79966,214.0,11.0,247.5,6F
[537321]	$DSM09,124821,+51.44967,+22.85260,7620.0,80.8,338.0,0F
[538393]	$DSM0B,124822,+51.43749,+22.78930,166.0,11.0,251.7,0F
[538429]	$DSM0C,124822,+51.43914,+22.79717,180.0,12.0,247.5,0F
[538464]	$DSM0D,124822,+51.43949,+22.79820,168.0,11.0,250.3,0F
[539000]	$DSM00,124823,+51.45547,+22.84774,7780.0,82.0,320.6,0F
[539107]	$DSM03,124823,+51.43981,+22.79942,218.0,9.0,246.1,0F
[539143]	$DSM04,124823,+51.43981,+22.79938,218.0,11.0,248.9,6F
[539321]	$DSM09,124823,+51.45232,+22.85043,7620.0,80.8,328.0,0F
[540393]	$DSM0B,124824,+51.43743,+22.78899,166.0,12.0,248.9,0F
[540429]	$DSM0C,124824,+51.43907,+22.79685,180.0,12.0,248.9,0F
[540464]	$DSM0D,124824,+51.43944,+22.79790,168.0,11.0,251.7,0F
[541000]	$DSM00,124825,+51.45660,+22.84618,7780.0,82.0,317.8,0F
[541036]	$DSM01,124825,+51.46223,+22.60804,196.0,0.0,0.0,0F
[541107]	$DSM03,124825,+51.43975,+22.79916,218.0,9.0,248.9,0F
[541143]	$DSM04,124825,+51.43972,+22.79908,220.0,11.0,247.5,6F
[541321]	$DSM09,124825,+51.45375,+22.84910,7620.0,81.3,325.0,0F
[542000]	$DSM00,124826,+51.45713,+22.84536,7780.0,83.0,316.4,0F
[542107]	$DSM03,124826,+51.43972,+22.79904,218.0,9.0,250.3,0F
[542393]	$DSM0B,124826,+51.43736,+22.78867,166.0,12.0,251.7,0F
[542429]	$DSM0C,124826,+51.43900,+22.79652,180.0,12.0,251.7,0F
[542464]	$DSM0D,124826,+51.43936,+22.79760,168.0,12.0,250.3,0F
[543393]	$DSM0B,124827,+51.43732,+22.78850,166.0,12.0,250.3,0F
[543429]	$DSM0C,124827,+51.43896,+22.79635,178.0,11.0,248.9,0F
[543464]	$DSM0D,124827,+51.43933,+22.79743,170.0,11.0,250.3,0F
[544000]	$DSM00,124828,+51.45816,+22.84362,7780.0,83.0,312.2,0F
[544107]	$DSM03,124828,+51.43965,+22.79882,220.0,9.0,246.1,0F
[544143]	$DSM04,124828,+51.43962,+22.79867,222.0,11.0,247.5,6F
[544321]	$DSM09,124828,+51.45610,+22.84625,7620.0,82.3,319.0,0F
[545000]	$DSM00,124829,+51.45865,+22.84270,7780.0,83.0,310.8,0F
[545107]	$DSM03,124829,+51.43962,+22.79869,220.0,9.0,244.7,0F
[545143]	$DSM04,124829,+51.43958,+22.79854,224.0,10.0,244.7,6F
[545393]	$DSM0B,124829,+51.43724,+22.78820,166.0,11.0,250.3,0F
[545429]	$DSM0C,124829,+51.43890,+22.79605,180.0,11.0,247.5,0F
[545464]	$DSM0D,124829,+51.43925,+22.79713,168.0,11.0,248.9,0F
[545536]	$DSM0F,124829,+51.42776,+22.74930,168.0,14.0,240.5,0F
[546143]	$DSM04,124830,+51.43954,+22.79844,224.0,9.0,244.7,6F
[547000]	$DSM00,124831,+51.45959,+22.84082,7782.0,84.0,306.6,0F
[547107]	$DSM03,124831,+51.43956,+22.79848,220.0,8.0,246.1,0F
[547321]	$DSM09,124831,+51.45835,+22.84253,7620.0,83.3,310.0,0F
[547393]	$DSM0B,124831,+51.43718,+22.78788,166.0,11.0,250.3,0F
[547429]	$DSM0C,124831,+51.43883,+22.79575,180.0,11.0,248.9,0F
[547464]	$DSM0D,124831,+51.43919,+22.79682,168.0,11.0,250.3,0F
[547536]	$DSM0F,124831,+51.42763,+22.74895,168.0,15.0,239.1,0F
[548393]	$DSM0B,124834,+51.43708,+22.78743,166.0,11.0,250.3,0F
[548429]	$DSM0C,124834,+51.43873,+22.79528,180.0,11.0,248.9,0F
[548464]	$DSM0D,124834,+51.43908,+22.79633,170.0,12.0,250.3,0F
[548536]	$DSM0F,124834,+51.42742,+22.74840,168.0,15.0,240.5,0F
[549000]	$DSM00,124835,+51.46123,+22.83670,7782.0,85.0,299.5,0F
[549107]	$DSM03,124835,+51.43944,+22.79811,222.0,7.0,240.5,0F
[549143]	$DSM04,124835,+51.43941,+22.79798,222.0,7.0,241.9,6F
[550321]	$DSM09,124836,+51.45932,+22.84065,7620.0,83.9,306.0,0F
[551536]	$DSM0F,124835,+51.42735,+22.74820,168.0,15.0,240.5,0F
[552464]	$DSM0D,124836,+51.43900,+22.79601,170.0,12.0,250.3,0F
[553000]	$DSM00,124837,+51.46193,+22.83448,7782.0,86.0,295.3,0F
[553036]	$DSM01,124837,+51.46223,+22.60804,194.0,0.0,0.0,0F
[553107]	$DSM03,124837,+51.43937,+22.79794,220.0,6.0,237.7,0F
[553143]	$DSM04,124837,+51.43936,+22.79784,222.0,6.0,237.7,6F
[553393]	$DSM0B,124837,+51.43697,+22.78696,166.0,12.0,248.9,0F
[553429]	$DSM0C,124837,+51.43862,+22.79483,180.0,11.0,250.3,0F
[554321]	$DSM09,124838,+51.46022,+22.83854,7620.0,84.4,302.0,0F
[555000]	$DSM00,124839,+51.46256,+22.83219,7784.0,87.0,292.5,0F
[555036]	$DSM01,124839,+51.46224,+22.60804,194.0,0.0,0.0,0F
[555107]	$DSM03,124839,+51.43932,+22.79777,220.0,6.0,241.9,0F
[555143]	$DSM04,124839,+51.43931,+22.79770,222.0,6.0,241.9,6F
[555393]	$DSM0B,124839,+51.43689,+22.78663,166.0,12.0,250.3,0F
[555429]	$DSM0C,124839,+51.43855,+22.79451,178.0,11.0,248.9,0F
[555464]	$DSM0D,124839,+51.43889,+22.79552,170.0,12.0,248.9,0F
[555536]	$DSM0F,124839,+51.42708,+22.74747,168.0,14.0,240.5,0F
[556107]	$DSM03,124840,+51.43928,+22.79770,220.0,6.0,244.7,0F
[556143]	$DSM04,124840,+51.43928,+22.79764,222.0,6.0,241.9,6F
[556393]	$DSM0B,124840,+51.43686,+22.78648,166.0,12.0,250.3,0F
[556429]	$DSM0C,124840,+51.43852,+22.79436,178.0,11.0,248.9,0F
[556464]	$DSM0D,124840,+51.43886,+22.79537,170.0,12.0,250.3,0F
[556536]	$DSM0F,124840,+51.42701,+22.74730,168.0,14.0,239.1,0F
[557000]	$DSM00,124841,+51.46312,+22.82983,7784.0,87.0,289.7,0F
[557321]	$DSM09,124841,+51.46178,+22.83400,7620.0,85.9,294.0,0F
[558000]	$DSM00,124842,+51.46336,+22.82863,7784.0,88.0,286.9,0F
[558107]	$DSM03,124842,+51.43924,+22.79754,220.0,6.0,247.5,0F
[558143]	$DSM04,124842,+51.43924,+22.79747,222.0,6.0,244.7,6F
[558393]	$DSM0B,124842,+51.43679,+22.78616,166.0,12.0,248.9,0F
[558429]	$DSM0C,124842,+51.43844,+22.79404,178.0,12.0,248.9,0F
[558464]	$DSM0D,124842,+51.43878,+22.79504,170.0,12.0,250.3,0F
[558536]	$DSM0F,124842,+51.42688,+22.74694,170.0,14.0,239.1,0F
[559000]	$DSM00,124843,+51.46358,+22.82740,7784.0,88.0,285.5,0F
[559107]	$DSM03,124843,+51.43922,+22.79747,218.0,6.0,244.7,0F
[559143]	$DSM04,124843,+51.43921,+22.79738,220.0,6.0,244.7,6F
[559393]	$DSM0B,124843,+51.43674,+22.78601,166.0,12.0,250.3,0F
[559429]	$DSM0C,124843,+51.43840,+22.79389,178.0,12.0,250.3,0F
[559464]	$DSM0D,124843,+51.43875,+22.79487,170.0,12.0,251.7,0F
[559536]	$DSM0F,124843,+51.42681,+22.74674,170.0,14.0,240.5,0F
[560321]	$DSM09,124844,+51.46293,+22.82904,7620.0,87.5,287.0,0F
[561000]	$DSM00,124845,+51.46396,+22.82489,7784.0,89.0,282.7,0F
[561107]	$DSM03,124845,+51.43918,+22.79730,220.0,6.0,250.3,0F
[561143]	$DSM04,124845,+51.43917,+22.79721,220.0,7.0,247.5,6F
[561393]	$DSM0B,124845,+51.43667,+22.78569,166.0,12.0,250.3,0F
[561429]	$DSM0C,124845,+51.43833,+22.79354,180.0,12.0,248.9,0F
[561464]	$DSM0D,124845,+51.43868,+22.79455,170.0,11.0,250.3,0F
[561536]	$DSM0F,124845,+51.42669,+22.74640,168.0,13.0,239.1,0F
[562107]	$DSM03,124846,+51.43916,+22.79721,218.0,6.0,255.9,0F
[562143]	$DSM04,124846,+51.43915,+22.79715,220.0,6.0,253.1,6F
[562393]	$DSM0B,124846,+51.43664,+22.78554,166.0,12.0,250.3,0F
[562429]	$DSM0C,124846,+51.43830,+22.79339,180.0,12.0,248.9,0F
[562464]	$DSM0D,124846,+51.43864,+22.79440,170.0,11.0,250.3,0F
[562536]	$DSM0F,124846,+51.42663,+22.74623,168.0,14.0,240.5,0F
[563000]	$DSM00,124847,+51.46426,+22.82234,7784.0,90.0,279.8,0F
[563321]	$DSM09,124847,+51.46346,+22.82654,7620.0,88.0,285.0,0F
[563536]	$DSM0F,124847,+51.42655,+22.74606,170.0,14.0,240.5,0F
[564000]	$DSM00,124848,+51.46437,+22.82105,7784.0,91.0,277.0,0F
[564107]	$DSM03,124848,+51.43915,+22.79702,218.0,8.0,264.4,0F
[564143]	$DSM04,124848,+51.43914,+22.79696,218.0,7.0,264.4,6F
[564393]	$DSM0B,124848,+51.43656,+22.78522,164.0,11.0,248.9,0F
[564429]	$DSM0C,124848,+51.43823,+22.79307,180.0,11.0,248.9,0F
[564464]	$DSM0D,124848,+51.43856,+22.79410,170.0,12.0,250.3,0F
[565000]	$DSM00,124850,+51.46454,+22.81843,7784.0,91.0,274.2,0F
[565107]	$DSM03,124850,+51.43912,+22.79676,218.0,10.0,260.2,0F
[565143]	$DSM04,124850,+51.43912,+22.79672,216.0,9.0,263.0,6F
[565393]	$DSM0B,124850,+51.43650,+22.78492,164.0,11.0,251.7,0F
[565429]	$DSM0C,124850,+51.43815,+22.79277,180.0,11.0,248.9,0F
[565464]	$DSM0D,124850,+51.43849,+22.79376,170.0,12.0,251.7,0F
[565536]	$DSM0F,124850,+51.42636,+22.74552,170.0,15.0,239.1,0F
[566321]	$DSM09,124851,+51.46379,+22.82392,7620.0,89.5,280.0,0F
[567393]	$DSM0B,124852,+51.43642,+22.78460,164.0,12.0,248.9,0F
[567429]	$DSM0C,124852,+51.43808,+22.79247,180.0,11.0,248.9,0F
[567464]	$DSM0D,124852,+51.43843,+22.79344,170.0,12.0,250.3,0F
[567536]	$DSM0F,124852,+51.42623,+22.74516,168.0,15.0,239.1,0F
[568000]	$DSM00,124853,+51.46462,+22.81442,7784.0,93.0,270.0,0F
[568107]	$DSM03,124853,+51.43907,+22.79629,218.0,13.0,257.3,0F
[568143]	$DSM04,124853,+51.43907,+22.79627,216.0,13.0,257.3,6F
[568321]	$DSM09,124853,+51.46432,+22.81851,7620.0,91.1,274.0,0F
[569464]	$DSM0D,124854,+51.43836,+22.79314,170.0,12.0,250.3,0F
[569536]	$DSM0F,124854,+51.42610,+22.74477,168.0,15.0,239.1,0F
[570000]	$DSM00,124855,+51.46456,+22.81172,7784.0,94.0,267.2,0F
[570107]	$DSM03,124855,+51.43900,+22.79586,218.0,16.0,255.9,0F
[570143]	$DSM04,124855,+51.43902,+22.79586,216.0,16.0,254.5,6F
[570393]	$DSM0B,124855,+51.43632,+22.78412,164.0,12.0,250.3,0F
[570429]	$DSM0C,124855,+51.43799,+22.79198,178.0,11.0,250.3,0F
[571000]	$DSM00,124856,+51.46450,+22.81036,7784.0,94.0,265.8,0F
[571107]	$DSM03,124856,+51.43896,+22.79562,216.0,17.0,254.5,0F
[571143]	$DSM04,124856,+51.43896,+22.79562,216.0,17.0,254.5,6F
[571321]	$DSM09,124856,+51.46439,+22.81546,7620.0,92.6,271.0,0F
[571393]	$DSM0B,124856,+51.43628,+22.78397,164.0,12.0,250.3,0F
[571429]	$DSM0C,124856,+51.43796,+22.79183,178.0,11.0,250.3,0F
[571464]	$DSM0D,124856,+51.43828,+22.79281,170.0,12.0,248.9,0F
[571536]	$DSM0F,124856,+51.42596,+22.74440,166.0,15.0,239.1,0F
[572000]	$DSM00,124858,+51.46431,+22.80764,7784.0,95.0,263.0,0F
[572107]	$DSM03,124858,+51.43888,+22.79513,214.0,18.0,251.7,0F
[572143]	$DSM04,124858,+51.43888,+22.79511,214.0,19.0,251.7,6F
[572393]	$DSM0B,124858,+51.43620,+22.78365,164.0,12.0,250.3,0F
[572429]	$DSM0C,124858,+51.43788,+22.79152,178.0,11.0,248.9,0F
[572464]	$DSM0D,124858,+51.43821,+22.79249,170.0,11.0,248.9,0F
[573000]	$DSM00,124800,+51.46403,+22.80492,7784.0,96.0,258.7,0F
[574107]	$DSM03,124859,+51.43881,+22.79485,214.0,19.0,250.3,0F
[574143]	$DSM04,124859,+51.43881,+22.79485,212.0,19.0,250.3,6F
[574393]	$DSM0B,124859,+51.43617,+22.78350,164.0,11.0,248.9,0F
[574429]	$DSM0C,124859,+51.43785,+22.79138,178.0,11.0,248.9,0F
[574464]	$DSM0D,124859,+51.43817,+22.79234,170.0,12.0,250.3,0F
[574536]	$DSM0F,124859,+51.42575,+22.74385,166.0,16.0,240.5,0F
[575321]	$DSM09,124900,+51.46425,+22.80980,7620.0,94.7,263.0,0F
[575536]	$DSM0F,124900,+51.42567,+22.74365,166.0,16.0,239.1,0F
[576000]	$DSM00,124901,+51.46384,+22.80354,7784.0,97.0,257.3,0F
[576107]	$DSM03,124901,+51.43870,+22.79434,214.0,19.0,250.3,0F
[576143]	$DSM04,124901,+51.43870,+22.79432,210.0,19.0,250.3,6F
[576393]	$DSM0B,124901,+51.43610,+22.78320,164.0,11.0,250.3,0F
[576429]	$DSM0C,124901,+51.43779,+22.79108,178.0,11.0,248.9,0F
[576464]	$DSM0D,124901,+51.43811,+22.79202,170.0,12.0,251.7,0F
[577000]	$DSM00,124902,+51.46365,+22.80217,7784.0,97.0,255.9,0F
[577107]	$DSM03,124902,+51.43864,+22.79408,214.0,19.0,248.9,0F
[577143]	$DSM04,124902,+51.43863,+22.79406,210.0,20.0,250.3,6F
[577393]	$DSM0B,124902,+51.43606,+22.78303,164.0,11.0,248.9,0F
[577429]	$DSM0C,124902,+51.43776,+22.79092,178.0,11.0,247.5,0F
[577464]	$DSM0D,124902,+51.43808,+22.79187,170.0,12.0,250.3,0F
[577536]	$DSM0F,124902,+51.42552,+22.74329,166.0,15.0,240.5,0F
[578321]	$DSM09,124903,+51.46404,+22.80684,7620.0,95.7,260.0,0F
[578393]	$DSM0B,124903,+51.43604,+22.78288,164.0,11.0,250.3,0F
[578429]	$DSM0C,124903,+51.43771,+22.79078,178.0,11.0,248.9,0F
[578464]	$DSM0D,124903,+51.43804,+22.79170,170.0,11.0,250.3,0F
[579000]	$DSM00,124904,+51.46318,+22.79944,7784.0,98.0,253.1,0F
[579107]	$DSM03,124904,+51.43852,+22.79356,214.0,19.0,248.9,0F
[579143]	$DSM04,124904,+51.43852,+22.79352,208.0,19.0,248.9,6F
[580000]	$DSM00,124905,+51.46291,+22.79809,7784.0,98.0,251.7,0F
[580107]	$DSM03,124905,+51.43845,+22.79331,214.0,19.0,248.9,0F
[580143]	$DSM04,124905,+51.43846,+22.79326,208.0,20.0,248.9,6F
[580321]	$DSM09,124905,+51.46371,+22.80405,7620.0,96.7,258.0,0F
[580393]	$DSM0B,124905,+51.43595,+22.78258,164.0,11.0,250.3,0F
[580429]	$DSM0C,124905,+51.43764,+22.79045,178.0,12.0,247.5,0F
[580464]	$DSM0D,124905,+51.43796,+22.79140,170.0,11.0,248.9,0F
[581393]	$DSM0B,124906,+51.43593,+22.78243,164.0,11.0,250.3,0F
[581429]	$DSM0C,124906,+51.43760,+22.79028,178.0,12.0,250.3,0F
[581464]	$DSM0D,124906,+51.43793,+22.79125,170.0,11.0,248.9,0F
[582000]	$DSM00,124907,+51.46231,+22.79539,7784.0,99.0,248.9,0F
[582107]	$DSM03,124907,+51.43833,+22.79281,212.0,18.0,248.9,0F
[582143]	$DSM04,124907,+51.43833,+22.79275,206.0,19.0,247.5,6F
[583393]	$DSM0B,124908,+51.43585,+22.78213,164.0,11.0,250.3,0F
[583429]	$DSM0C,124908,+51.43754,+22.78994,178.0,12.0,248.9,0F
[583464]	$DSM0D,124908,+51.43786,+22.79095,172.0,11.0,250.3,0F
[584000]	$DSM00,124909,+51.46161,+22.79273,7784.0,100.0,246.1,0F
[584107]	$DSM03,124909,+51.43821,+22.79234,212.0,17.0,247.5,0F
[584143]	$DSM04,124909,+51.43820,+22.79226,206.0,18.0,247.5,6F
[584321]	$DSM09,124909,+51.46272,+22.79801,7620.0,98.8,250.0,0F
[585393]	$DSM0B,124910,+51.43579,+22.78183,164.0,11.0,250.3,0F
[585429]	$DSM0C,124910,+51.43746,+22.78962,176.0,12.0,251.7,0F
[585464]	$DSM0D,124910,+51.43779,+22.79065,170.0,12.0,248.9,0F
[586000]	$DSM00,124911,+51.46083,+22.79009,7784.0,101.0,243.3,0F
[586107]	$DSM03,124911,+51.43811,+22.79191,210.0,15.0,248.9,0F
[586143]	$DSM04,124911,+51.43809,+22.79180,204.0,17.0,250.3,6F
[587000]	$DSM00,124912,+51.46040,+22.78878,7784.0,102.0,241.9,0F
[587143]	$DSM04,124912,+51.43804,+22.79159,204.0,16.0,248.9,6F
[587321]	$DSM09,124912,+51.46204,+22.79496,7620.0,99.8,247.0,0F
[587393]	$DSM0B,124912,+51.43572,+22.78153,164.0,11.0,250.3,0F
[587429]	$DSM0C,124912,+51.43741,+22.78932,176.0,11.0,250.3,0F
[587464]	$DSM0D,124912,+51.43771,+22.79032,170.0,12.0,250.3,0F
[588107]	$DSM03,124913,+51.43801,+22.79152,210.0,14.0,247.5,0F
[588143]	$DSM04,124913,+51.43800,+22.79140,206.0,15.0,250.3,6F
[588393]	$DSM0B,124913,+51.43569,+22.78136,164.0,11.0,250.3,0F
[588429]	$DSM0C,124913,+51.43736,+22.78916,176.0,11.0,248.9,0F
[588464]	$DSM0D,124913,+51.43767,+22.79015,170.0,12.0,250.3,0F
[589000]	$DSM00,124914,+51.45948,+22.78622,7784.0,103.0,239.1,0F
[589393]	$DSM0B,124914,+51.43565,+22.78120,164.0,11.0,250.3,0F
[589429]	$DSM0C,124914,+51.43732,+22.78902,176.0,11.0,250.3,0F
[589464]	$DSM0D,124914,+51.43764,+22.79000,170.0,12.0,248.9,0F
[590000]	$DSM00,124915,+51.45899,+22.78496,7784.0,103.0,237.7,0F
[590107]	$DSM03,124915,+51.43792,+22.79116,210.0,13.0,247.5,0F
[590143]	$DSM04,124915,+51.43790,+22.79105,206.0,13.0,248.9,6F
[590321]	$DSM09,124915,+51.46033,+22.78900,7620.0,101.9,242.0,0F
[591107]	$DSM03,124916,+51.43787,+22.79099,210.0,13.0,247.5,0F
[591143]	$DSM04,124916,+51.43785,+22.79088,206.0,13.0,246.1,6F
[591393]	$DSM0B,124916,+51.43559,+22.78090,164.0,11.0,251.7,0F
[591429]	$DSM0C,124916,+51.43727,+22.78872,176.0,11.0,248.9,0F
[591464]	$DSM0D,124916,+51.43756,+22.78966,170.0,12.0,250.3,0F
[592000]	$DSM00,124917,+51.45793,+22.78247,7784.0,104.0,234.8,0F
[592321]	$DSM09,124917,+51.45942,+22.78642,7620.0,102.4,238.0,0F
[593000]	$DSM00,124918,+51.45739,+22.78125,7784.0,104.0,234.8,0F
[593107]	$DSM03,124918,+51.43777,+22.79067,208.0,13.0,248.9,0F
[593143]	$DSM04,124918,+51.43777,+22.79056,206.0,13.0,248.9,6F
[593393]	$DSM0B,124918,+51.43552,+22.78060,164.0,11.0,250.3,0F
[593429]	$DSM0C,124918,+51.43720,+22.78839,174.0,12.0,254.5,0F
[593464]	$DSM0D,124918,+51.43748,+22.78934,170.0,11.0,251.7,0F
[594393]	$DSM0B,124919,+51.43549,+22.78048,164.0,11.0,248.9,0F
[594429]	$DSM0C,124919,+51.43716,+22.78822,174.0,12.0,251.7,0F
[594464]	$DSM0D,124919,+51.43745,+22.78919,170.0,11.0,251.7,0F
[595000]	$DSM00,124920,+51.45626,+22.77882,7784.0,104.0,233.4,0F
[595107]	$DSM03,124920,+51.43770,+22.79032,208.0,12.0,248.9,0F
[595143]	$DSM04,124920,+51.43768,+22.79024,206.0,12.0,248.9,6F
[596000]	$DSM00,124921,+51.45569,+22.77762,7784.0,105.0,233.4,0F
[596107]	$DSM03,124921,+51.43767,+22.79018,208.0,12.0,250.3,0F
[596143]	$DSM04,124921,+51.43764,+22.79009,204.0,12.0,250.3,6F
[596393]	$DSM0B,124921,+51.43543,+22.78018,164.0,11.0,248.9,0F
[596429]	$DSM0C,124921,+51.43710,+22.78792,172.0,11.0,250.3,0F
[596464]	$DSM0D,124921,+51.43739,+22.78886,170.0,12.0,248.9,0F
[597321]	$DSM09,124922,+51.45729,+22.78124,7620.0,103.9,234.0,0F
[597107]	$DSM03,124922,+51.43762,+22.79000,206.0,11.0,251.7,0F
[597143]	$DSM04,124922,+51.43761,+22.78994,204.0,11.0,253.1,6F
[597393]	$DSM0B,124922,+51.43538,+22.78002,164.0,11.0,250.3,0F
[597429]	$DSM0C,124922,+51.43707,+22.78775,172.0,11.0,250.3,0F
[597464]	$DSM0D,124922,+51.43736,+22.78872,170.0,12.0,251.7,0F
[598000]	$DSM00,124923,+51.45453,+22.77522,7784.0,105.0,232.0,0F
[599000]	$DSM00,124924,+51.45396,+22.77402,7784.0,105.0,232.0,0F
[599107]	$DSM03,124924,+51.43756,+22.78972,206.0,11.0,250.3,0F
[599143]	$DSM04,124924,+51.43755,+22.78964,200.0,11.0,250.3,6F
[599393]	$DSM0B,124924,+51.43532,+22.77972,164.0,11.0,250.3,0F
[599429]	$DSM0C,124924,+51.43699,+22.78745,170.0,11.0,247.5,0F
[599464]	$DSM0D,124924,+51.43728,+22.78839,170.0,11.0,250.3,0F
[600393]	$DSM0B,124925,+51.43528,+22.77957,166.0,11.0,250.3,0F
[600429]	$DSM0C,124925,+51.43696,+22.78730,172.0,11.0,248.9,0F
[600464]	$DSM0D,124925,+51.43724,+22.78824,170.0,11.0,248.9,0F
[601000]	$DSM00,124926,+51.45278,+22.77164,7786.0,105.0,232.0,0F
[601107]	$DSM03,124926,+51.43749,+22.78944,206.0,10.0,247.5,0F
[601143]	$DSM04,124926,+51.43748,+22.78938,200.0,10.0,248.9,6F
[602000]	$DSM00,124927,+51.45220,+22.77043,7786.0,105.0,232.0,0F
[602107]	$DSM03,124927,+51.43745,+22.78932,206.0,10.0,248.9,0F
[602143]	$DSM04,124927,+51.43745,+22.78925,200.0,9.0,247.5,6F
[602393]	$DSM0B,124927,+51.43521,+22.77927,166.0,12.0,250.3,0F
[602429]	$DSM0C,124927,+51.43688,+22.78704,172.0,10.0,250.3,0F
[602464]	$DSM0D,124927,+51.43717,+22.78794,170.0,12.0,248.9,0F
[603107]	$DSM03,124928,+51.43743,+22.78919,206.0,10.0,247.5,0F
[603143]	$DSM04,124928,+51.43743,+22.78914,200.0,9.0,247.5,6F
[603393]	$DSM0B,124928,+51.43519,+22.77912,164.0,12.0,250.3,0F
[603429]	$DSM0C,124928,+51.43685,+22.78689,172.0,10.0,248.9,0F
[603464]	$DSM0D,124928,+51.43714,+22.78777,170.0,12.0,250.3,0F
[604000]	$DSM00,124929,+51.45104,+22.76805,7786.0,105.0,232.0,0F
[605000]	$DSM00,124930,+51.45045,+22.76685,7786.0,105.0,232.0,0F
[605107]	$DSM03,124930,+51.43736,+22.78895,206.0,10.0,247.5,0F
[605143]	$DSM04,124930,+51.43736,+22.78891,200.0,9.0,246.1,6F
[605393]	$DSM0B,124930,+51.43510,+22.77880,164.0,12.0,248.9,0F
[605429]	$DSM0C,124930,+51.43680,+22.78666,172.0,9.0,248.9,0F
[605464]	$DSM0D,124930,+51.43707,+22.78745,170.0,12.0,250.3,0F
[606000]	$DSM00,124932,+51.44928,+22.76449,7786.0,105.0,230.6,0F
[606107]	$DSM03,124932,+51.43730,+22.78867,206.0,10.0,255.9,0F
[606143]	$DSM04,124932,+51.43732,+22.78865,200.0,10.0,255.9,6F
[606393]	$DSM0B,124932,+51.43504,+22.77850,164.0,11.0,248.9,0F
[606429]	$DSM0C,124932,+51.43673,+22.78640,172.0,10.0,250.3,0F
[606464]	$DSM0D,124932,+51.43698,+22.78713,170.0,12.0,250.3,0F
[606536]	$DSM0F,124932,+51.42340,+22.73752,166.0,14.0,240.5,0F
[607000]	$DSM00,124933,+51.44868,+22.76331,7786.0,105.0,230.6,0F
[607107]	$DSM03,124933,+51.43727,+22.78852,204.0,11.0,255.9,0F
[607143]	$DSM04,124933,+51.43729,+22.78850,200.0,10.0,257.3,6F
[607393]	$DSM0B,124933,+51.43500,+22.77833,164.0,12.0,248.9,0F
[607429]	$DSM0C,124933,+51.43670,+22.78627,174.0,10.0,247.5,0F
[607464]	$DSM0D,124933,+51.43695,+22.78696,170.0,12.0,251.7,0F
[607536]	$DSM0F,124933,+51.42334,+22.73732,166.0,15.0,240.5,0F
[608393]	$DSM0B,124934,+51.43496,+22.77818,164.0,12.0,248.9,0F
[608429]	$DSM0C,124934,+51.43667,+22.78612,174.0,10.0,248.9,0F
[608464]	$DSM0D,124934,+51.43692,+22.78678,170.0,12.0,251.7,0F
[608536]	$DSM0F,124934,+51.42328,+22.73713,166.0,15.0,240.5,0F
[609000]	$DSM00,124935,+51.44742,+22.76101,7786.0,106.0,227.8,0F
[609107]	$DSM03,124935,+51.43721,+22.78820,206.0,12.0,254.5,0F
[609143]	$DSM04,124935,+51.43724,+22.78820,202.0,10.0,254.5,6F
[610000]	$DSM00,124936,+51.44676,+22.75990,7786.0,107.0,225.0,0F
[610107]	$DSM03,124936,+51.43720,+22.78801,206.0,14.0,261.6,0F
[610143]	$DSM04,124936,+51.43723,+22.78805,202.0,11.0,264.4,6F
[610393]	$DSM0B,124936,+51.43488,+22.77786,164.0,12.0,250.3,0F
[610429]	$DSM0C,124936,+51.43660,+22.78584,174.0,10.0,248.9,0F
[610464]	$DSM0D,124936,+51.43684,+22.78648,170.0,12.0,248.9,0F
[610536]	$DSM0F,124936,+51.42314,+22.73676,166.0,15.0,240.5,0F
[611000]	$DSM00,124938,+51.44535,+22.75777,7784.0,108.0,220.8,0F
[611107]	$DSM03,124938,+51.43718,+22.78756,208.0,17.0,271.4,0F
[611143]	$DSM04,124938,+51.43724,+22.78768,204.0,14.0,275.6,6F
[611393]	$DSM0B,124938,+51.43481,+22.77754,164.0,12.0,250.3,0F
[611429]	$DSM0C,124938,+51.43654,+22.78556,174.0,10.0,250.3,0F
[611464]	$DSM0D,124938,+51.43676,+22.78616,168.0,12.0,250.3,0F
[611536]	$DSM0F,124938,+51.42301,+22.73638,166.0,15.0,240.5,0F
[612536]	$DSM0F,124939,+51.42293,+22.73616,166.0,16.0,240.5,0F
[613000]	$DSM00,124940,+51.44380,+22.75582,7782.0,109.0,216.6,0F
[613107]	$DSM03,124940,+51.43720,+22.78704,210.0,18.0,275.6,0F
[613143]	$DSM04,124940,+51.43728,+22.78726,206.0,15.0,281.2,6F
[613393]	$DSM0B,124940,+51.43474,+22.77721,164.0,12.0,250.3,0F
[613429]	$DSM0C,124940,+51.43647,+22.78526,174.0,12.0,250.3,0F
[613464]	$DSM0D,124940,+51.43670,+22.78584,168.0,12.0,251.7,0F
[613536]	$DSM0F,124940,+51.42287,+22.73597,166.0,16.0,240.5,0F
[614000]	$DSM00,124941,+51.44300,+22.75490,7782.0,110.0,213.7,0F
[614107]	$DSM03,124941,+51.43723,+22.78678,212.0,18.0,278.4,0F
[614143]	$DSM04,124941,+51.43730,+22.78702,206.0,16.0,282.7,6F
[614393]	$DSM0B,124941,+51.43471,+22.77704,164.0,12.0,250.3,0F
[614429]	$DSM0C,124941,+51.43644,+22.78509,172.0,12.0,250.3,0F
[614464]	$DSM0D,124941,+51.43667,+22.78569,168.0,11.0,251.7,0F
[615429]	$DSM0C,124942,+51.43640,+22.78494,172.0,12.0,250.3,0F
[615464]	$DSM0D,124942,+51.43664,+22.78554,168.0,11.0,250.3,0F
[615536]	$DSM0F,124942,+51.42272,+22.73561,166.0,15.0,239.1,0F
[616000]	$DSM00,124943,+51.44130,+22.75322,7782.0,111.0,209.5,0F
[616107]	$DSM03,124943,+51.43728,+22.78631,212.0,16.0,279.8,0F
[616143]	$DSM04,124943,+51.43736,+22.78648,210.0,17.0,278.4,6F
[616393]	$DSM0B,124943,+51.43463,+22.77672,164.0,12.0,250.3,0F
[617393]	$DSM0B,124944,+51.43460,+22.77657,164.0,12.0,250.3,0F
[617429]	$DSM0C,124944,+51.43632,+22.78460,170.0,12.0,250.3,0F
[617464]	$DSM0D,124944,+51.43656,+22.78524,168.0,12.0,247.5,0F
[617536]	$DSM0F,124944,+51.42260,+22.73522,166.0,15.0,240.5,0F
[618000]	$DSM00,124945,+51.43954,+22.75168,7782.0,111.0,208.1,0F
[618107]	$DSM03,124945,+51.43732,+22.78588,214.0,14.0,274.2,0F
[618143]	$DSM04,124945,+51.43738,+22.78599,212.0,16.0,272.8,6F
[618393]	$DSM0B,124945,+51.43456,+22.77640,164.0,12.0,248.9,0F
[618536]	$DSM0F,124945,+51.42252,+22.73505,166.0,15.0,239.1,0F
[619000]	$DSM00,124946,+51.43864,+22.75095,7782.0,111.0,206.7,0F
[619107]	$DSM03,124946,+51.43732,+22.78569,216.0,13.0,271.4,0F
[619143]	$DSM04,124946,+51.43739,+22.78578,214.0,14.0,272.8,6F
[619429]	$DSM0C,124946,+51.43625,+22.78425,172.0,12.0,248.9,0F
[619464]	$DSM0D,124946,+51.43648,+22.78492,168.0,12.0,248.9,0F
[620393]	$DSM0B,124947,+51.43448,+22.77610,164.0,12.0,250.3,0F
[620429]	$DSM0C,124947,+51.43622,+22.78408,170.0,12.0,250.3,0F
[620464]	$DSM0D,124947,+51.43644,+22.78477,168.0,12.0,250.3,0F
[621000]	$DSM00,124948,+51.43685,+22.74949,7782.0,111.0,206.7,0F
[621107]	$DSM03,124948,+51.43732,+22.78532,216.0,13.0,268.6,0F
[621143]	$DSM04,124948,+51.43739,+22.78539,216.0,13.0,271.4,6F
[622000]	$DSM00,124949,+51.43595,+22.74876,7782.0,111.0,208.1,0F
[622107]	$DSM03,124949,+51.43732,+22.78513,218.0,12.0,267.2,0F
[622143]	$DSM04,124949,+51.43739,+22.78520,218.0,11.0,270.0,6F
[622393]	$DSM0B,124949,+51.43441,+22.77578,164.0,12.0,250.3,0F
[622429]	$DSM0C,124949,+51.43614,+22.78374,170.0,12.0,248.9,0F
[622464]	$DSM0D,124949,+51.43638,+22.78444,168.0,12.0,250.3,0F
[622536]	$DSM0F,124949,+51.42225,+22.73432,168.0,15.0,239.1,0F
[623393]	$DSM0B,124950,+51.43437,+22.77560,164.0,12.0,251.7,0F
[623464]	$DSM0D,124950,+51.43632,+22.78427,168.0,12.0,250.3,0F
[623536]	$DSM0F,124950,+51.42219,+22.73413,168.0,15.0,240.5,0F
[624000]	$DSM00,124951,+51.43420,+22.74722,7786.0,110.0,209.5,0F
[624107]	$DSM03,124951,+51.43730,+22.78479,218.0,11.0,263.0,0F
[624143]	$DSM04,124951,+51.43736,+22.78485,218.0,10.0,263.0,6F
[625107]	$DSM03,124953,+51.43726,+22.78449,216.0,10.0,255.9,0F
[625143]	$DSM04,124953,+51.43732,+22.78455,216.0,10.0,257.3,6F
[625393]	$DSM0B,124953,+51.43427,+22.77513,164.0,12.0,250.3,0F
[625429]	$DSM0C,124953,+51.43600,+22.78305,170.0,12.0,250.3,0F
[625464]	$DSM0D,124953,+51.43622,+22.78378,168.0,12.0,250.3,0F
[625536]	$DSM0F,124953,+51.42198,+22.73355,168.0,15.0,240.5,0F
[626000]	$DSM00,124954,+51.43171,+22.74466,7790.0,109.0,216.6,0F
[626464]	$DSM0D,124954,+51.43619,+22.78363,168.0,12.0,250.3,0F
[626536]	$DSM0F,124954,+51.42191,+22.73336,168.0,15.0,239.1,0F
[627000]	$DSM00,124955,+51.43093,+22.74372,7790.0,108.0,219.4,0F
[627107]	$DSM03,124955,+51.43720,+22.78421,214.0,10.0,251.7,0F
[627143]	$DSM04,124955,+51.43726,+22.78430,214.0,9.0,251.7,6F
[627393]	$DSM0B,124955,+51.43420,+22.77483,164.0,11.0,250.3,0F
[627429]	$DSM0C,124955,+51.43592,+22.78271,170.0,12.0,250.3,0F
[628000]	$DSM00,124956,+51.43020,+22.74273,7790.0,107.0,222.2,0F
[628107]	$DSM03,124956,+51.43717,+22.78408,214.0,10.0,247.5,0F
[628393]	$DSM0B,124956,+51.43416,+22.77468,164.0,11.0,248.9,0F
[628464]	$DSM0D,124956,+51.43611,+22.78331,168.0,12.0,248.9,0F
[628536]	$DSM0F,124956,+51.42176,+22.73297,166.0,16.0,239.1,0F
[629000]	$DSM00,124900,+51.42755,+22.73831,7788.0,105.0,230.6,0F
[630107]	$DSM03,125000,+51.43691,+22.78369,214.0,12.0,202.5,0F
[630143]	$DSM04,125000,+51.43700,+22.78374,212.0,11.0,202.5,6F
[630393]	$DSM0B,125000,+51.43402,+22.77406,164.0,11.0,250.3,0F
[630429]	$DSM0C,125000,+51.43572,+22.78185,170.0,13.0,248.9,0F
[630464]	$DSM0D,125000,+51.43597,+22.78266,168.0,12.0,250.3,0F
[631393]	$DSM0B,125001,+51.43399,+22.77391,164.0,11.0,248.9,0F
[631429]	$DSM0C,125001,+51.43569,+22.78168,170.0,12.0,248.9,0F
[631464]	$DSM0D,125001,+51.43593,+22.78251,168.0,12.0,250.3,0F
[632000]	$DSM00,125002,+51.42637,+22.73597,7786.0,105.0,232.0,0F
[632143]	$DSM04,125002,+51.43676,+22.78365,210.0,13.0,191.2,6F
[633536]	$DSM0F,125003,+51.42125,+22.73160,168.0,15.0,239.1,0F
[634143]	$DSM04,125005,+51.43636,+22.78348,208.0,13.0,196.9,6F
[634393]	$DSM0B,125005,+51.43384,+22.77329,164.0,12.0,250.3,0F
[634429]	$DSM0C,125005,+51.43553,+22.78101,170.0,12.0,248.9,0F
[634464]	$DSM0D,125005,+51.43579,+22.78187,168.0,12.0,250.3,0F
[635000]	$DSM00,125006,+51.42406,+22.73119,7780.0,105.0,232.0,0F
[635107]	$DSM03,125006,+51.43614,+22.78320,216.0,17.0,212.3,0F
[636393]	$DSM0B,125010,+51.43368,+22.77252,164.0,11.0,250.3,0F
[637000]	$DSM00,125011,+51.42119,+22.72518,7780.0,105.0,232.0,0F
[637107]	$DSM03,125011,+51.43560,+22.78238,216.0,16.0,233.4,0F
[637143]	$DSM04,125011,+51.43569,+22.78264,208.0,15.0,232.0,6F
[637429]	$DSM0C,125011,+51.43531,+22.78002,170.0,12.0,250.3,0F
[637464]	$DSM0D,125011,+51.43559,+22.78095,170.0,11.0,250.3,0F
[638000]	$DSM00,125012,+51.42060,+22.72398,7780.0,105.0,232.0,0F
[638107]	$DSM03,125012,+51.43552,+22.78221,216.0,16.0,233.4,0F
[638143]	$DSM04,125012,+51.43560,+22.78247,208.0,15.0,233.4,6F
[638393]	$DSM0B,125012,+51.43360,+22.77219,164.0,12.0,251.7,0F
[638429]	$DSM0C,125012,+51.43526,+22.77985,170.0,13.0,250.3,0F
[638464]	$DSM0D,125012,+51.43556,+22.78080,170.0,11.0,251.7,0F
[639393]	$DSM0B,125013,+51.43358,+22.77204,164.0,12.0,250.3,0F
[639429]	$DSM0C,125013,+51.43523,+22.77968,170.0,13.0,250.3,0F
[639464]	$DSM0D,125013,+51.43552,+22.78065,170.0,11.0,250.3,0F
[640000]	$DSM00,125014,+51.41945,+22.72157,7782.0,105.0,232.0,0F
[640107]	$DSM03,125014,+51.43535,+22.78187,216.0,15.0,230.6,0F
[640143]	$DSM04,125014,+51.43543,+22.78204,206.0,15.0,232.0,6F
[641000]	$DSM00,125016,+51.41830,+22.71919,7782.0,105.0,232.0,0F
[641107]	$DSM03,125016,+51.43519,+22.78150,216.0,15.0,234.8,0F
[641143]	$DSM04,125016,+51.43526,+22.78168,210.0,15.0,234.8,6F
[641393]	$DSM0B,125016,+51.43347,+22.77155,164.0,13.0,251.7,0F
[641429]	$DSM0C,125016,+51.43512,+22.77914,170.0,12.0,248.9,0F
[641464]	$DSM0D,125016,+51.43541,+22.78015,170.0,12.0,250.3,0F
[642107]	$DSM03,125017,+51.43512,+22.78133,216.0,15.0,239.1,0F
[642143]	$DSM04,125017,+51.43519,+22.78148,210.0,14.0,239.1,6F
[642393]	$DSM0B,125017,+51.43344,+22.77138,164.0,13.0,251.7,0F
[642429]	$DSM0C,125017,+51.43508,+22.77900,172.0,12.0,250.3,0F
[642464]	$DSM0D,125017,+51.43537,+22.78000,170.0,12.0,250.3,0F
[643000]	$DSM00,125018,+51.41716,+22.71679,7782.0,105.0,232.0,0F
[644000]	$DSM00,125019,+51.41659,+22.71559,7784.0,105.0,232.0,0F
[644107]	$DSM03,125019,+51.43500,+22.78095,216.0,14.0,246.1,0F
[644143]	$DSM04,125019,+51.43505,+22.78103,212.0,15.0,244.7,6F
[644393]	$DSM0B,125019,+51.43336,+22.77101,164.0,13.0,250.3,0F
[644429]	$DSM0C,125019,+51.43500,+22.77865,172.0,12.0,248.9,0F
[644464]	$DSM0D,125019,+51.43531,+22.77968,170.0,12.0,250.3,0F
[645107]	$DSM03,125020,+51.43495,+22.78076,214.0,14.0,247.5,0F
[645143]	$DSM04,125020,+51.43499,+22.78084,210.0,15.0,246.1,6F
[645393]	$DSM0B,125020,+51.43331,+22.77082,164.0,14.0,248.9,0F
[645429]	$DSM0C,125020,+51.43496,+22.77848,172.0,12.0,250.3,0F
[645464]	$DSM0D,125020,+51.43526,+22.77953,170.0,12.0,250.3,0F
[646000]	$DSM00,125021,+51.41544,+22.71318,7784.0,105.0,232.0,0F
[647107]	$DSM03,125022,+51.43484,+22.78041,214.0,14.0,241.9,0F
[647143]	$DSM04,125022,+51.43488,+22.78045,212.0,14.0,244.7,6F
[647393]	$DSM0B,125022,+51.43324,+22.77046,164.0,13.0,250.3,0F
[647429]	$DSM0C,125022,+51.43488,+22.77816,172.0,12.0,248.9,0F
[647464]	$DSM0D,125022,+51.43519,+22.77921,168.0,12.0,250.3,0F
[648000]	$DSM00,125023,+51.41430,+22.71078,7784.0,105.0,233.4,0F
[649393]	$DSM0B,125024,+51.43315,+22.77011,164.0,13.0,250.3,0F
[649429]	$DSM0C,125024,+51.43481,+22.77782,172.0,12.0,248.9,0F
[649464]	$DSM0D,125024,+51.43512,+22.77884,168.0,13.0,250.3,0F
[649536]	$DSM0F,125024,+51.41972,+22.72741,160.0,16.0,240.5,0F
[650000]	$DSM00,125025,+51.41316,+22.70838,7784.0,105.0,233.4,0F
[650036]	$DSM01,125025,+51.46224,+22.60802,194.0,0.0,0.0,0F
[650107]	$DSM03,125025,+51.43468,+22.77992,214.0,13.0,240.5,0F
[650143]	$DSM04,125025,+51.43471,+22.77994,216.0,13.0,241.9,6F
[651000]	$DSM00,125026,+51.41258,+22.70718,7784.0,105.0,232.0,0F
[651107]	$DSM03,125026,+51.43462,+22.77974,214.0,12.0,244.7,0F
[651143]	$DSM04,125026,+51.43466,+22.77979,218.0,13.0,244.7,6F
[651393]	$DSM0B,125026,+51.43308,+22.76975,164.0,12.0,250.3,0F
[651429]	$DSM0C,125026,+51.43472,+22.77749,174.0,13.0,248.9,0F
[651464]	$DSM0D,125026,+51.43503,+22.77850,168.0,13.0,250.3,0F
[651536]	$DSM0F,125026,+51.41958,+22.72700,158.0,16.0,240.5,0F
[652143]	$DSM04,125027,+51.43461,+22.77962,218.0,12.0,246.1,6F
[652393]	$DSM0B,125027,+51.43304,+22.76960,164.0,12.0,250.3,0F
[652429]	$DSM0C,125027,+51.43468,+22.77732,172.0,13.0,248.9,0F
[652464]	$DSM0D,125027,+51.43500,+22.77833,168.0,13.0,250.3,0F
[652536]	$DSM0F,125027,+51.41950,+22.72681,158.0,16.0,240.5,0F
[653000]	$DSM00,125028,+51.41142,+22.70480,7784.0,105.0,232.0,0F
[653107]	$DSM03,125028,+51.43456,+22.77944,214.0,11.0,254.5,0F
[654000]	$DSM00,125029,+51.41084,+22.70361,7784.0,105.0,230.6,0F
[654107]	$DSM03,125029,+51.43453,+22.77930,214.0,11.0,255.9,0F
[654143]	$DSM04,125029,+51.43452,+22.77930,222.0,12.0,250.3,6F
[654393]	$DSM0B,125029,+51.43296,+22.76928,164.0,11.0,250.3,0F
[654429]	$DSM0C,125029,+51.43461,+22.77698,172.0,12.0,248.9,0F
[654464]	$DSM0D,125029,+51.43492,+22.77799,168.0,12.0,250.3,0F
[654536]	$DSM0F,125029,+51.41936,+22.72642,156.0,16.0,240.5,0F
[655000]	$DSM00,125031,+51.40958,+22.70132,7784.0,106.0,227.8,0F
[655107]	$DSM03,125031,+51.43447,+22.77897,214.0,12.0,246.1,0F
[655143]	$DSM04,125031,+51.43447,+22.77900,220.0,12.0,248.9,6F
[655393]	$DSM0B,125031,+51.43290,+22.76897,164.0,11.0,248.9,0F
[655429]	$DSM0C,125031,+51.43455,+22.77664,170.0,12.0,250.3,0F
[655464]	$DSM0D,125031,+51.43484,+22.77764,168.0,12.0,250.3,0F
[655536]	$DSM0F,125031,+51.41922,+22.72602,154.0,16.0,240.5,0F
[656000]	$DSM00,125032,+51.40892,+22.70020,7782.0,107.0,225.0,0F
[656107]	$DSM03,125032,+51.43441,+22.77882,212.0,13.0,239.1,0F
[656143]	$DSM04,125032,+51.43441,+22.77882,220.0,13.0,241.9,6F
[656393]	$DSM0B,125032,+51.43286,+22.76882,164.0,11.0,248.9,0F
[656429]	$DSM0C,125032,+51.43450,+22.77646,170.0,12.0,250.3,0F
[656464]	$DSM0D,125032,+51.43480,+22.77747,168.0,12.0,250.3,0F
[657464]	$DSM0D,125033,+51.43476,+22.77730,168.0,12.0,250.3,0F
[658000]	$DSM00,125034,+51.40751,+22.69810,7782.0,108.0,220.8,0F
[658107]	$DSM03,125034,+51.43425,+22.77846,214.0,17.0,233.4,0F
[658143]	$DSM04,125034,+51.43427,+22.77848,218.0,16.0,234.8,6F
[658393]	$DSM0B,125034,+51.43280,+22.76852,164.0,11.0,250.3,0F
[658429]	$DSM0C,125034,+51.43441,+22.77616,172.0,12.0,248.9,0F
[659000]	$DSM00,125035,+51.40676,+22.69711,7782.0,109.0,218.0,0F
[659107]	$DSM03,125035,+51.43416,+22.77824,212.0,20.0,233.4,0F
[659143]	$DSM04,125035,+51.43418,+22.77829,216.0,18.0,233.4,6F
[659393]	$DSM0B,125035,+51.43276,+22.76837,164.0,11.0,251.7,0F
[659429]	$DSM0C,125035,+51.43438,+22.77599,172.0,11.0,250.3,0F
[659464]	$DSM0D,125035,+51.43468,+22.77698,168.0,12.0,250.3,0F
[659536]	$DSM0F,125035,+51.41892,+22.72522,152.0,16.0,233.4,0F
[660393]	$DSM0B,125036,+51.43273,+22.76822,166.0,11.0,250.3,0F
[660429]	$DSM0C,125036,+51.43435,+22.77584,172.0,11.0,250.3,0F
[660464]	$DSM0D,125036,+51.43465,+22.77680,168.0,12.0,250.3,0F
[660536]	$DSM0F,125036,+51.41883,+22.72505,152.0,15.0,227.8,0F
[661000]	$DSM00,125037,+51.40516,+22.69527,7780.0,110.0,213.7,0F
[661107]	$DSM03,125037,+51.43390,+22.77773,210.0,24.0,230.6,0F
[661143]	$DSM04,125037,+51.43393,+22.77779,214.0,23.0,232.0,6F
[661536]	$DSM0F,125037,+51.41873,+22.72490,150.0,15.0,225.0,0F
[662000]	$DSM00,125038,+51.40432,+22.69443,7780.0,110.0,210.9,0F
[662107]	$DSM03,125038,+51.43375,+22.77745,210.0,26.0,227.8,0F
[662143]	$DSM04,125038,+51.43378,+22.77752,214.0,25.0,227.8,6F
[662393]	$DSM0B,125038,+51.43265,+22.76792,166.0,11.0,248.9,0F
[662429]	$DSM0C,125038,+51.43428,+22.77556,172.0,10.0,253.1,0F
[662464]	$DSM0D,125038,+51.43458,+22.77646,168.0,13.0,250.3,0F
[663393]	$DSM0B,125039,+51.43262,+22.76777,166.0,11.0,248.9,0F
[663429]	$DSM0C,125039,+51.43425,+22.77541,172.0,10.0,251.7,0F
[663464]	$DSM0D,125039,+51.43453,+22.77631,168.0,12.0,250.3,0F
[664000]	$DSM00,125040,+51.40257,+22.69293,7780.0,111.0,205.3,0F
[664107]	$DSM03,125040,+51.43340,+22.77689,212.0,28.0,223.6,0F
[664143]	$DSM04,125040,+51.43342,+22.77694,214.0,28.0,223.6,6F
[665000]	$DSM00,125041,+51.40165,+22.69226,7782.0,112.0,203.9,0F
[665107]	$DSM03,125041,+51.43321,+22.77661,212.0,28.0,222.2,0F
[665143]	$DSM04,125041,+51.43323,+22.77664,216.0,28.0,222.2,6F
[665393]	$DSM0B,125041,+51.43255,+22.76749,166.0,11.0,248.9,0F
[665429]	$DSM0C,125041,+51.43419,+22.77515,172.0,10.0,248.9,0F
[665464]	$DSM0D,125041,+51.43446,+22.77597,168.0,12.0,250.3,0F
[665536]	$DSM0F,125041,+51.41828,+22.72447,150.0,15.0,208.1,0F
[666464]	$DSM0D,125042,+51.43441,+22.77582,168.0,12.0,250.3,0F
[666536]	$DSM0F,125042,+51.41817,+22.72436,148.0,14.0,210.9,0F
[667000]	$DSM00,125043,+51.39977,+22.69110,7782.0,112.0,198.3,0F
[667107]	$DSM03,125043,+51.43284,+22.77608,214.0,27.0,222.2,0F
[667143]	$DSM04,125043,+51.43284,+22.77606,218.0,28.0,223.6,6F
[667393]	$DSM0B,125043,+51.43248,+22.76719,166.0,11.0,250.3,0F
[667429]	$DSM0C,125043,+51.43412,+22.77490,172.0,10.0,250.3,0F
[668000]	$DSM00,125044,+51.39880,+22.69063,7782.0,112.0,196.9,0F
[668107]	$DSM03,125044,+51.43267,+22.77580,214.0,26.0,223.6,0F
[668143]	$DSM04,125044,+51.43264,+22.77580,218.0,27.0,223.6,6F
[668393]	$DSM0B,125044,+51.43245,+22.76704,166.0,12.0,253.1,0F
[668429]	$DSM0C,125044,+51.43409,+22.77475,172.0,9.0,247.5,0F
[668464]	$DSM0D,125044,+51.43435,+22.77550,168.0,12.0,250.3,0F
[668536]	$DSM0F,125044,+51.41797,+22.72410,148.0,14.0,226.4,0F
[669143]	$DSM04,125045,+51.43248,+22.77554,218.0,26.0,225.0,6F
[669393]	$DSM0B,125045,+51.43242,+22.76687,166.0,12.0,253.1,0F
[669429]	$DSM0C,125045,+51.43405,+22.77462,174.0,10.0,244.7,0F
[669464]	$DSM0D,125045,+51.43432,+22.77532,168.0,12.0,250.3,0F
[669536]	$DSM0F,125045,+51.41788,+22.72396,150.0,14.0,237.7,0F
[670000]	$DSM00,125046,+51.39684,+22.68986,7784.0,113.0,191.2,0F
[670107]	$DSM03,125046,+51.43235,+22.77530,216.0,24.0,225.0,0F
[671000]	$DSM00,125047,+51.39584,+22.68956,7784.0,113.0,189.8,0F
[671107]	$DSM03,125047,+51.43220,+22.77505,218.0,23.0,226.4,0F
[671143]	$DSM04,125047,+51.43217,+22.77505,216.0,24.0,225.0,6F
[671393]	$DSM0B,125047,+51.43235,+22.76653,166.0,12.0,248.9,0F
[671429]	$DSM0C,125047,+51.43399,+22.77434,176.0,11.0,247.5,0F
[671464]	$DSM0D,125047,+51.43424,+22.77500,168.0,12.0,248.9,0F
[671536]	$DSM0F,125047,+51.41780,+22.72359,150.0,14.0,253.1,0F
[672107]	$DSM03,125048,+51.43205,+22.77481,218.0,22.0,226.4,0F
[672143]	$DSM04,125048,+51.43201,+22.77481,216.0,23.0,225.0,6F
[672393]	$DSM0B,125048,+51.43230,+22.76638,166.0,12.0,248.9,0F
[672429]	$DSM0C,125048,+51.43394,+22.77419,176.0,11.0,248.9,0F
[672464]	$DSM0D,125048,+51.43421,+22.77485,168.0,12.0,248.9,0F
[672536]	$DSM0F,125048,+51.41776,+22.72342,148.0,13.0,250.3,0F
[673000]	$DSM00,125049,+51.39380,+22.68915,7784.0,114.0,185.6,0F
[673429]	$DSM0C,125049,+51.43392,+22.77402,176.0,11.0,248.9,0F
[673464]	$DSM0D,125049,+51.43417,+22.77468,168.0,12.0,250.3,0F
[673536]	$DSM0F,125049,+51.41772,+22.72325,148.0,13.0,248.9,0F
[674000]	$DSM00,125050,+51.39278,+22.68906,7786.0,114.0,182.8,0F
[674107]	$DSM03,125050,+51.43180,+22.77436,220.0,20.0,229.2,0F
[674143]	$DSM04,125050,+51.43176,+22.77436,218.0,21.0,227.8,6F
[674393]	$DSM0B,125050,+51.43224,+22.76606,166.0,11.0,251.7,0F
[675000]	$DSM00,125051,+51.39175,+22.68902,7786.0,114.0,181.4,0F
[675107]	$DSM03,125051,+51.43168,+22.77414,220.0,19.0,232.0,0F
[675143]	$DSM04,125051,+51.43164,+22.77414,218.0,19.0,229.2,6F
[675393]	$DSM0B,125051,+51.43220,+22.76590,166.0,11.0,251.7,0F
[675429]	$DSM0C,125051,+51.43384,+22.77370,178.0,12.0,248.9,0F
[675464]	$DSM0D,125051,+51.43409,+22.77436,168.0,12.0,250.3,0F
[675536]	$DSM0F,125051,+51.41764,+22.72288,146.0,12.0,250.3,0F
[676393]	$DSM0B,125052,+51.43217,+22.76576,166.0,10.0,250.3,0F
[676429]	$DSM0C,125052,+51.43380,+22.77354,178.0,12.0,248.9,0F
[676464]	$DSM0D,125052,+51.43406,+22.77419,168.0,11.0,251.7,0F
[676536]	$DSM0F,125052,+51.41760,+22.72276,146.0,11.0,248.9,0F
[677000]	$DSM00,125053,+51.38970,+22.68913,7786.0,114.0,175.8,0F
[677107]	$DSM03,125053,+51.43148,+22.77372,220.0,18.0,239.1,0F
[677143]	$DSM04,125053,+51.43147,+22.77374,220.0,18.0,236.2,6F
[677536]	$DSM0F,125053,+51.41757,+22.72260,146.0,10.0,248.9,0F
[678000]	$DSM00,125054,+51.38867,+22.68928,7786.0,114.0,174.4,0F
[678107]	$DSM03,125054,+51.43141,+22.77350,220.0,17.0,241.9,0F
[678143]	$DSM04,125054,+51.43138,+22.77352,222.0,18.0,239.1,6F
[678393]	$DSM0B,125054,+51.43212,+22.76548,166.0,10.0,248.9,0F
[678429]	$DSM0C,125054,+51.43373,+22.77322,178.0,11.0,250.3,0F
[678464]	$DSM0D,125054,+51.43400,+22.77389,168.0,12.0,250.3,0F
[679000]	$DSM00,125056,+51.38663,+22.68975,7784.0,114.0,170.2,0F
[679107]	$DSM03,125056,+51.43131,+22.77307,220.0,16.0,250.3,0F
[679143]	$DSM04,125056,+51.43127,+22.77307,224.0,16.0,250.3,6F
[679393]	$DSM0B,125056,+51.43205,+22.76522,166.0,10.0,248.9,0F
[679429]	$DSM0C,125056,+51.43367,+22.77290,178.0,11.0,248.9,0F
[679464]	$DSM0D,125056,+51.43392,+22.77356,168.0,12.0,248.9,0F
[679536]	$DSM0F,125056,+51.41750,+22.72228,146.0,7.0,247.5,0F
[680107]	$DSM03,125057,+51.43126,+22.77288,220.0,15.0,253.1,0F
[680143]	$DSM04,125057,+51.43124,+22.77286,226.0,15.0,253.1,6F
[680393]	$DSM0B,125057,+51.43202,+22.76509,166.0,10.0,250.3,0F
[680429]	$DSM0C,125057,+51.43364,+22.77275,176.0,12.0,250.3,0F
[680464]	$DSM0D,125057,+51.43388,+22.77340,168.0,12.0,248.9,0F
[680536]	$DSM0F,125057,+51.41748,+22.72222,146.0,6.0,247.5,0F
[681000]	$DSM00,125058,+51.38462,+22.69050,7784.0,114.0,165.9,0F
[681393]	$DSM0B,125058,+51.43199,+22.76494,166.0,10.0,251.7,0F
[681429]	$DSM0C,125058,+51.43360,+22.77258,176.0,12.0,250.3,0F
[681464]	$DSM0D,125058,+51.43384,+22.77322,168.0,12.0,250.3,0F
[681536]	$DSM0F,125058,+51.41746,+22.72213,146.0,6.0,257.3,0F
[682000]	$DSM00,125059,+51.38364,+22.69095,7784.0,114.0,163.1,0F
[682107]	$DSM03,125059,+51.43123,+22.77249,222.0,14.0,267.2,0F
[682143]	$DSM04,125059,+51.43120,+22.77247,228.0,13.0,263.0,6F
[683000]	$DSM00,125000,+51.38265,+22.69147,7784.0,114.0,161.7,0F
[684107]	$DSM03,125100,+51.43124,+22.77230,224.0,13.0,274.2,0F
[684143]	$DSM04,125100,+51.43120,+22.77228,226.0,13.0,265.8,6F
[684393]	$DSM0B,125100,+51.43194,+22.76468,166.0,11.0,251.7,0F
[684429]	$DSM0C,125100,+51.43352,+22.77226,176.0,11.0,248.9,0F
[684464]	$DSM0D,125100,+51.43376,+22.77290,168.0,12.0,248.9,0F
[684536]	$DSM0F,125100,+51.41748,+22.72200,146.0,6.0,279.8,0F
[685393]	$DSM0B,125101,+51.43192,+22.76453,166.0,11.0,250.3,0F
[685429]	$DSM0C,125101,+51.43349,+22.77211,176.0,11.0,250.3,0F
[685464]	$DSM0D,125101,+51.43373,+22.77273,168.0,12.0,250.3,0F
[685536]	$DSM0F,125101,+51.41748,+22.72192,146.0,7.0,286.9,0F
[686000]	$DSM00,125102,+51.38073,+22.69269,7782.0,114.0,157.5,0F
[686107]	$DSM03,125102,+51.43127,+22.77194,224.0,13.0,284.1,0F
[686143]	$DSM04,125102,+51.43125,+22.77191,226.0,13.0,285.5,6F
[687000]	$DSM00,125103,+51.37980,+22.69338,7782.0,113.0,154.7,0F
[687107]	$DSM03,125103,+51.43132,+22.77176,224.0,13.0,289.7,0F
[687143]	$DSM04,125103,+51.43128,+22.77174,226.0,13.0,291.1,6F
[687393]	$DSM0B,125103,+51.43183,+22.76423,166.0,11.0,248.9,0F
[687429]	$DSM0C,125103,+51.43342,+22.77178,176.0,12.0,248.9,0F
[687464]	$DSM0D,125103,+51.43365,+22.77241,168.0,12.0,253.1,0F
[687536]	$DSM0F,125103,+51.41752,+22.72170,144.0,9.0,288.3,0F
[688393]	$DSM0B,125104,+51.43181,+22.76406,166.0,11.0,248.9,0F
[688429]	$DSM0C,125104,+51.43337,+22.77161,176.0,12.0,248.9,0F
[688464]	$DSM0D,125104,+51.43364,+22.77224,168.0,12.0,251.7,0F
[688536]	$DSM0F,125104,+51.41754,+22.72160,144.0,9.0,291.1,0F
[689000]	$DSM00,125105,+51.37798,+22.69492,7782.0,113.0,150.5,0F
[689107]	$DSM03,125105,+51.43140,+22.77144,220.0,12.0,296.7,0F
[689143]	$DSM04,125105,+51.43138,+22.77142,224.0,12.0,298.1,6F
[690000]	$DSM00,125106,+51.37712,+22.69578,7782.0,113.0,147.7,0F
[690107]	$DSM03,125106,+51.43145,+22.77129,220.0,12.0,300.9,0F
[690143]	$DSM04,125106,+51.43144,+22.77127,220.0,12.0,303.7,6F
[690393]	$DSM0B,125106,+51.43173,+22.76376,166.0,12.0,250.3,0F
[690429]	$DSM0C,125106,+51.43329,+22.77127,176.0,13.0,248.9,0F
[690464]	$DSM0D,125106,+51.43356,+22.77191,168.0,12.0,250.3,0F
[690536]	$DSM0F,125106,+51.41761,+22.72132,142.0,11.0,291.1,0F
[691393]	$DSM0B,125107,+51.43170,+22.76361,166.0,12.0,250.3,0F
[691429]	$DSM0C,125107,+51.43326,+22.77108,176.0,14.0,250.3,0F
[691464]	$DSM0D,125107,+51.43352,+22.77176,168.0,12.0,250.3,0F
[691536]	$DSM0F,125107,+51.41766,+22.72114,142.0,13.0,292.5,0F
[692000]	$DSM00,125108,+51.37543,+22.69763,7784.0,112.0,143.4,0F
[692107]	$DSM03,125108,+51.43158,+22.77103,216.0,10.0,315.0,0F
[692143]	$DSM04,125108,+51.43156,+22.77101,218.0,10.0,312.2,6F
[693000]	$DSM00,125109,+51.37462,+22.69862,7784.0,112.0,142.0,0F
[693107]	$DSM03,125109,+51.43164,+22.77095,216.0,10.0,323.4,0F
[693143]	$DSM04,125109,+51.43163,+22.77093,218.0,9.0,319.2,6F
[693393]	$DSM0B,125109,+51.43163,+22.76329,166.0,11.0,248.9,0F
[693429]	$DSM0C,125109,+51.43317,+22.77069,176.0,14.0,251.7,0F
[693464]	$DSM0D,125109,+51.43345,+22.77144,168.0,11.0,248.9,0F
[693536]	$DSM0F,125109,+51.41776,+22.72076,142.0,14.0,292.5,0F
[694107]	$DSM03,125110,+51.43173,+22.77086,214.0,10.0,331.9,0F
[694143]	$DSM04,125110,+51.43170,+22.77084,218.0,9.0,327.7,6F
[694393]	$DSM0B,125110,+51.43160,+22.76314,166.0,11.0,250.3,0F
[694429]	$DSM0C,125110,+51.43313,+22.77050,176.0,14.0,251.7,0F
[694464]	$DSM0D,125110,+51.43342,+22.77129,168.0,11.0,250.3,0F
[694536]	$DSM0F,125110,+51.41780,+22.72056,144.0,14.0,289.7,0F
[695000]	$DSM00,125111,+51.37311,+22.70074,7784.0,111.0,137.8,0F
[695464]	$DSM0D,125111,+51.43339,+22.77114,168.0,11.0,250.3,0F
[695536]	$DSM0F,125111,+51.41785,+22.72037,144.0,14.0,288.3,0F
[696000]	$DSM00,125112,+51.37240,+22.70186,7784.0,110.0,135.0,0F
[696107]	$DSM03,125112,+51.43191,+22.77076,212.0,10.0,336.1,0F
[696143]	$DSM04,125112,+51.43184,+22.77076,216.0,9.0,338.9,6F
[696393]	$DSM0B,125112,+51.43152,+22.76284,166.0,11.0,250.3,0F
[696429]	$DSM0C,125112,+51.43305,+22.77011,174.0,13.0,250.3,0F
[697000]	$DSM00,125113,+51.37171,+22.70301,7784.0,110.0,133.6,0F
[697107]	$DSM03,125113,+51.43199,+22.77071,212.0,10.0,336.1,0F
[697143]	$DSM04,125113,+51.43192,+22.77069,216.0,10.0,333.3,6F
[697393]	$DSM0B,125113,+51.43148,+22.76269,166.0,11.0,250.3,0F
[697429]	$DSM0C,125113,+51.43302,+22.76992,172.0,13.0,247.5,0F
[697464]	$DSM0D,125113,+51.43331,+22.77084,168.0,11.0,251.7,0F
[697536]	$DSM0F,125113,+51.41794,+22.71999,146.0,14.0,291.1,0F
[698393]	$DSM0B,125114,+51.43144,+22.76254,166.0,11.0,248.9,0F
[698429]	$DSM0C,125114,+51.43296,+22.76975,172.0,14.0,247.5,0F
[698464]	$DSM0D,125114,+51.43329,+22.77069,168.0,12.0,253.1,0F
[698536]	$DSM0F,125114,+51.41799,+22.71979,146.0,14.0,292.5,0F
[699000]	$DSM00,125115,+51.37043,+22.70542,7786.0,109.0,128.0,0F
[699107]	$DSM03,125115,+51.43215,+22.77063,210.0,9.0,337.5,0F
[699143]	$DSM04,125115,+51.43208,+22.77058,212.0,9.0,334.7,6F
[700000]	$DSM00,125116,+51.36985,+22.70668,7786.0,108.0,126.6,0F
[700107]	$DSM03,125116,+51.43220,+22.77058,208.0,8.0,338.9,0F
[700143]	$DSM04,125116,+51.43216,+22.77054,208.0,9.0,334.7,6F
[700393]	$DSM0B,125116,+51.43137,+22.76222,166.0,11.0,248.9,0F
[700429]	$DSM0C,125116,+51.43289,+22.76938,172.0,13.0,251.7,0F
[700464]	$DSM0D,125116,+51.43320,+22.77037,168.0,12.0,250.3,0F
[700536]	$DSM0F,125116,+51.41810,+22.71941,144.0,16.0,292.5,0F
[701393]	$DSM0B,125117,+51.43132,+22.76206,166.0,11.0,248.9,0F
[701429]	$DSM0C,125117,+51.43286,+22.76921,170.0,13.0,250.3,0F
[701464]	$DSM0D,125117,+51.43317,+22.77020,168.0,12.0,248.9,0F
[702000]	$DSM00,125118,+51.36876,+22.70928,7786.0,107.0,122.3,0F
[702107]	$DSM03,125118,+51.43235,+22.77050,208.0,8.0,337.5,0F
[702143]	$DSM04,125118,+51.43230,+22.77046,204.0,8.0,337.5,6F
[703000]	$DSM00,125119,+51.36829,+22.71061,7786.0,106.0,119.5,0F
[703107]	$DSM03,125119,+51.43241,+22.77046,206.0,9.0,336.1,0F
[703143]	$DSM04,125119,+51.43236,+22.77041,204.0,7.0,337.5,6F
[703393]	$DSM0B,125119,+51.43126,+22.76176,166.0,11.0,250.3,0F
[703429]	$DSM0C,125119,+51.43279,+22.76887,170.0,13.0,250.3,0F
[703464]	$DSM0D,125119,+51.43309,+22.76988,168.0,12.0,250.3,0F
[703536]	$DSM0F,125119,+51.41829,+22.71870,146.0,18.0,291.1,0F
[704393]	$DSM0B,125120,+51.43123,+22.76161,166.0,11.0,250.3,0F
[704429]	$DSM0C,125120,+51.43274,+22.76870,170.0,12.0,250.3,0F
[704464]	$DSM0D,125120,+51.43306,+22.76970,168.0,12.0,250.3,0F
[704536]	$DSM0F,125120,+51.41836,+22.71846,148.0,19.0,291.1,0F
[705000]	$DSM00,125121,+51.36743,+22.71334,7786.0,105.0,115.3,0F
[705107]	$DSM03,125121,+51.43257,+22.77035,206.0,10.0,331.9,0F
[705143]	$DSM04,125121,+51.43249,+22.77032,200.0,7.0,331.9,6F
[706000]	$DSM00,125123,+51.36672,+22.71612,7786.0,104.0,109.7,0F
[706107]	$DSM03,125123,+51.43273,+22.77018,208.0,10.0,319.2,0F
[706393]	$DSM0B,125123,+51.43112,+22.76116,166.0,11.0,250.3,0F
[706429]	$DSM0C,125123,+51.43262,+22.76818,170.0,12.0,248.9,0F
[706464]	$DSM0D,125123,+51.43296,+22.76925,170.0,11.0,248.9,0F
[706536]	$DSM0F,125123,+51.41852,+22.71762,148.0,19.0,288.3,0F
[707107]	$DSM03,125125,+51.43286,+22.76998,208.0,10.0,312.2,0F
[707143]	$DSM04,125125,+51.43279,+22.76994,202.0,11.0,309.4,6F
[707393]	$DSM0B,125125,+51.43106,+22.76086,166.0,11.0,250.3,0F
[707429]	$DSM0C,125125,+51.43255,+22.76786,170.0,12.0,250.3,0F
[707464]	$DSM0D,125125,+51.43289,+22.76893,170.0,11.0,250.3,0F
[707536]	$DSM0F,125125,+51.41865,+22.71711,148.0,20.0,291.1,0F
[708000]	$DSM00,125126,+51.36595,+22.72039,7786.0,102.0,102.7,0F
[709107]	$DSM03,125127,+51.43296,+22.76975,208.0,10.0,305.2,0F
[709143]	$DSM04,125127,+51.43292,+22.76970,200.0,10.0,305.2,6F
[709393]	$DSM0B,125127,+51.43100,+22.76056,166.0,11.0,250.3,0F
[709429]	$DSM0C,125127,+51.43248,+22.76756,170.0,11.0,248.9,0F
[709464]	$DSM0D,125127,+51.43282,+22.76863,168.0,11.0,250.3,0F
[709536]	$DSM0F,125127,+51.41877,+22.71658,148.0,20.0,289.7,0F
[710000]	$DSM00,125128,+51.36562,+22.72325,7786.0,100.0,98.4,0F
[711000]	$DSM00,125129,+51.36552,+22.72468,7786.0,99.0,95.6,0F
[711107]	$DSM03,125129,+51.43304,+22.76951,206.0,8.0,289.7,0F
[711143]	$DSM04,125129,+51.43299,+22.76951,198.0,8.0,295.3,6F
[711393]	$DSM0B,125129,+51.43093,+22.76026,166.0,12.0,251.7,0F
[711429]	$DSM0C,125129,+51.43241,+22.76726,172.0,11.0,251.7,0F
[711464]	$DSM0D,125129,+51.43276,+22.76833,170.0,11.0,248.9,0F
[711536]	$DSM0F,125129,+51.41890,+22.71604,148.0,20.0,292.5,0F
[712000]	$DSM00,125131,+51.36543,+22.72752,7786.0,98.0,91.4,0F
[712107]	$DSM03,125131,+51.43303,+22.76930,204.0,7.0,255.9,0F
[712143]	$DSM04,125131,+51.43300,+22.76932,196.0,6.0,260.2,6F
[712393]	$DSM0B,125131,+51.43085,+22.75994,166.0,12.0,248.9,0F
[712429]	$DSM0C,125131,+51.43235,+22.76696,172.0,11.0,250.3,0F
[712464]	$DSM0D,125131,+51.43268,+22.76801,170.0,12.0,250.3,0F
[712536]	$DSM0F,125131,+51.41905,+22.71550,148.0,20.0,292.5,0F
[713107]	$DSM03,125133,+51.43296,+22.76910,204.0,8.0,239.1,0F
[713143]	$DSM04,125133,+51.43295,+22.76912,196.0,7.0,237.7,6F
[713393]	$DSM0B,125133,+51.43078,+22.75960,166.0,12.0,248.9,0F
[713429]	$DSM0C,125133,+51.43228,+22.76664,172.0,11.0,246.1,0F
[713464]	$DSM0D,125133,+51.43260,+22.76769,170.0,12.0,250.3,0F
[713536]	$DSM0F,125133,+51.41918,+22.71494,150.0,20.0,291.1,0F
[714000]	$DSM00,125134,+51.36557,+22.73170,7784.0,96.0,83.0,0F
[715000]	$DSM00,125135,+51.36570,+22.73308,7784.0,95.0,81.6,0F
[715107]	$DSM03,125135,+51.43286,+22.76887,204.0,11.0,234.8,0F
[715143]	$DSM04,125135,+51.43285,+22.76889,200.0,10.0,233.4,6F
[715393]	$DSM0B,125135,+51.43070,+22.75928,166.0,12.0,250.3,0F
[715429]	$DSM0C,125135,+51.43220,+22.76634,172.0,11.0,250.3,0F
[715464]	$DSM0D,125135,+51.43252,+22.76736,170.0,12.0,250.3,0F
[715536]	$DSM0F,125135,+51.41932,+22.71441,150.0,20.0,293.9,0F
[716393]	$DSM0B,125137,+51.43064,+22.75898,166.0,11.0,251.7,0F
[716429]	$DSM0C,125137,+51.43213,+22.76601,172.0,11.0,250.3,0F
[716464]	$DSM0D,125137,+51.43245,+22.76704,170.0,11.0,250.3,0F
[716536]	$DSM0F,125137,+51.41945,+22.71391,152.0,18.0,292.5,0F
[717000]	$DSM00,125138,+51.36628,+22.73702,7784.0,93.0,73.1,0F
[717107]	$DSM03,125138,+51.43265,+22.76846,204.0,12.0,233.4,0F
[717143]	$DSM04,125138,+51.43264,+22.76846,202.0,11.0,233.4,6F
[718393]	$DSM0B,125139,+51.43056,+22.75865,168.0,11.0,250.3,0F
[718429]	$DSM0C,125139,+51.43207,+22.76571,172.0,11.0,248.9,0F
[718464]	$DSM0D,125139,+51.43238,+22.76674,168.0,12.0,248.9,0F
[718536]	$DSM0F,125139,+51.41956,+22.71340,152.0,18.0,291.1,0F
[719000]	$DSM00,125140,+51.36684,+22.73953,7784.0,92.0,68.9,0F
[719107]	$DSM03,125140,+51.43254,+22.76818,204.0,12.0,239.1,0F
[719143]	$DSM04,125140,+51.43252,+22.76816,204.0,11.0,237.7,6F
[720393]	$DSM0B,125141,+51.43050,+22.75835,168.0,11.0,248.9,0F
[720429]	$DSM0C,125141,+51.43200,+22.76539,174.0,11.0,250.3,0F
[720464]	$DSM0D,125141,+51.43230,+22.76640,168.0,12.0,250.3,0F
[720536]	$DSM0F,125141,+51.41968,+22.71293,150.0,18.0,292.5,0F
[721000]	$DSM00,125142,+51.36753,+22.74194,7784.0,90.0,63.3,0F
[721107]	$DSM03,125142,+51.43244,+22.76786,202.0,12.0,246.1,0F
[721143]	$DSM04,125142,+51.43241,+22.76784,200.0,11.0,246.1,6F
[722000]	$DSM00,125143,+51.36792,+22.74310,7784.0,90.0,61.9,0F
[722107]	$DSM03,125143,+51.43239,+22.76771,202.0,12.0,250.3,0F
[722143]	$DSM04,125143,+51.43238,+22.76766,202.0,11.0,250.3,6F
[722393]	$DSM0B,125143,+51.43044,+22.75805,168.0,11.0,250.3,0F
[722429]	$DSM0C,125143,+51.43194,+22.76507,172.0,11.0,248.9,0F
[722464]	$DSM0D,125143,+51.43223,+22.76608,170.0,12.0,250.3,0F
[722536]	$DSM0F,125143,+51.41981,+22.71246,150.0,17.0,291.1,0F
[723393]	$DSM0B,125146,+51.43032,+22.75758,168.0,11.0,250.3,0F
[723429]	$DSM0C,125146,+51.43183,+22.76460,172.0,12.0,250.3,0F
[723464]	$DSM0D,125146,+51.43212,+22.76560,170.0,12.0,248.9,0F
[723536]	$DSM0F,125146,+51.41997,+22.71175,150.0,17.0,289.7,0F
[724000]	$DSM00,125147,+51.36964,+22.74743,7782.0,88.0,54.8,0F
[724107]	$DSM03,125147,+51.43232,+22.76704,202.0,12.0,267.2,0F
[724143]	$DSM04,125147,+51.43232,+22.76704,202.0,11.0,268.6,6F
[725000]	$DSM00,125149,+51.37059,+22.74949,7782.0,88.0,53.4,0F
[725107]	$DSM03,125149,+51.43230,+22.76670,202.0,12.0,264.4,0F
[725143]	$DSM04,125149,+51.43232,+22.76670,204.0,12.0,267.2,6F
[725393]	$DSM0B,125149,+51.43022,+22.75713,168.0,11.0,250.3,0F
[725429]	$DSM0C,125149,+51.43172,+22.76412,170.0,12.0,251.7,0F
[725464]	$DSM0D,125149,+51.43200,+22.76509,170.0,12.0,248.9,0F
[725536]	$DSM0F,125149,+51.42013,+22.71104,152.0,17.0,292.5,0F
[726000]	$DSM00,125151,+51.37155,+22.75153,7784.0,88.0,53.4,0F
[726107]	$DSM03,125151,+51.43228,+22.76636,204.0,12.0,261.6,0F
[726143]	$DSM04,125151,+51.43230,+22.76636,206.0,11.0,263.0,6F
[726393]	$DSM0B,125151,+51.43016,+22.75685,170.0,11.0,250.3,0F
[726429]	$DSM0C,125151,+51.43166,+22.76380,170.0,12.0,248.9,0F
[726464]	$DSM0D,125151,+51.43192,+22.76477,170.0,12.0,250.3,0F
[726536]	$DSM0F,125151,+51.42025,+22.71059,154.0,17.0,292.5,0F
[727393]	$DSM0B,125152,+51.43013,+22.75670,170.0,11.0,250.3,0F
[727429]	$DSM0C,125152,+51.43161,+22.76365,170.0,12.0,250.3,0F
[727464]	$DSM0D,125152,+51.43188,+22.76460,170.0,12.0,250.3,0F
[727536]	$DSM0F,125152,+51.42031,+22.71035,154.0,17.0,289.7,0F
[728000]	$DSM00,125153,+51.37251,+22.75357,7784.0,88.0,53.4,0F
[728107]	$DSM03,125153,+51.43225,+22.76604,204.0,11.0,261.6,0F
[728143]	$DSM04,125153,+51.43227,+22.76604,206.0,11.0,261.6,6F
[729000]	$DSM00,125155,+51.37347,+22.75558,7784.0,88.0,53.4,0F
[729107]	$DSM03,125155,+51.43220,+22.76571,204.0,11.0,253.1,0F
[729143]	$DSM04,125155,+51.43223,+22.76569,208.0,11.0,254.5,6F
[729393]	$DSM0B,125155,+51.43004,+22.75625,170.0,11.0,250.3,0F
[729429]	$DSM0C,125155,+51.43151,+22.76318,170.0,12.0,248.9,0F
[729464]	$DSM0D,125155,+51.43179,+22.76412,170.0,12.0,251.7,0F
[729536]	$DSM0F,125155,+51.42043,+22.70966,152.0,17.0,279.8,0F
[730536]	$DSM0F,125156,+51.42044,+22.70943,152.0,16.0,275.6,0F
[731000]	$DSM00,125157,+51.37442,+22.75764,7786.0,88.0,53.4,0F
[731107]	$DSM03,125157,+51.43213,+22.76543,204.0,11.0,243.3,0F
[731143]	$DSM04,125157,+51.43215,+22.76539,208.0,12.0,244.7,6F
[731393]	$DSM0B,125157,+51.42997,+22.75595,172.0,11.0,251.7,0F
[731429]	$DSM0C,125157,+51.43144,+22.76288,172.0,11.0,250.3,0F
[731464]	$DSM0D,125157,+51.43172,+22.76382,170.0,11.0,250.3,0F
[732393]	$DSM0B,125158,+51.42994,+22.75582,172.0,11.0,251.7,0F
[732429]	$DSM0C,125158,+51.43140,+22.76273,172.0,11.0,250.3,0F
[732464]	$DSM0D,125158,+51.43168,+22.76367,170.0,11.0,250.3,0F
[732536]	$DSM0F,125158,+51.42044,+22.70898,150.0,16.0,268.6,0F
[733000]	$DSM00,125159,+51.37536,+22.75968,7786.0,88.0,53.4,0F
[733107]	$DSM03,125159,+51.43204,+22.76516,202.0,11.0,244.7,0F
[733143]	$DSM04,125159,+51.43205,+22.76509,210.0,11.0,244.7,6F
[734107]	$DSM03,125200,+51.43200,+22.76502,204.0,11.0,244.7,0F
[734143]	$DSM04,125200,+51.43201,+22.76496,208.0,10.0,246.1,6F
[734393]	$DSM0B,125200,+51.42988,+22.75552,172.0,11.0,250.3,0F
[734429]	$DSM0C,125200,+51.43134,+22.76243,170.0,11.0,250.3,0F
[734464]	$DSM0D,125200,+51.43161,+22.76337,170.0,11.0,250.3,0F
[734536]	$DSM0F,125200,+51.42044,+22.70851,150.0,16.0,272.8,0F
[735000]	$DSM00,125201,+51.37632,+22.76174,7786.0,89.0,54.8,0F
[735464]	$DSM0D,125201,+51.43158,+22.76322,170.0,11.0,250.3,0F
[736536]	$DSM0F,125202,+51.42044,+22.70804,150.0,16.0,268.6,0F
[737000]	$DSM00,125203,+51.37725,+22.76380,7784.0,89.0,54.8,0F
[737107]	$DSM03,125203,+51.43188,+22.76458,204.0,11.0,248.9,0F
[737143]	$DSM04,125203,+51.43191,+22.76455,208.0,10.0,247.5,6F
[737393]	$DSM0B,125203,+51.42977,+22.75507,172.0,11.0,248.9,0F
[737429]	$DSM0C,125203,+51.43124,+22.76198,172.0,10.0,248.9,0F
[738393]	$DSM0B,125204,+51.42974,+22.75492,172.0,11.0,248.9,0F
[738429]	$DSM0C,125204,+51.43120,+22.76185,172.0,9.0,248.9,0F
[738464]	$DSM0D,125204,+51.43148,+22.76280,170.0,11.0,250.3,0F
[738536]	$DSM0F,125204,+51.42044,+22.70756,148.0,16.0,268.6,0F
[739000]	$DSM00,125205,+51.37820,+22.76588,7784.0,89.0,54.8,0F
[739107]	$DSM03,125205,+51.43181,+22.76428,204.0,11.0,248.9,0F
[739143]	$DSM04,125205,+51.43183,+22.76425,206.0,11.0,247.5,6F
[740393]	$DSM0B,125206,+51.42966,+22.75462,172.0,11.0,248.9,0F
[740429]	$DSM0C,125206,+51.43114,+22.76161,172.0,9.0,250.3,0F
[740464]	$DSM0D,125206,+51.43141,+22.76247,170.0,11.0,250.3,0F
[740536]	$DSM0F,125206,+51.42044,+22.70711,148.0,16.0,268.6,0F
[741000]	$DSM00,125207,+51.37913,+22.76794,7784.0,89.0,54.8,0F
[741107]	$DSM03,125207,+51.43173,+22.76398,202.0,11.0,250.3,0F
[741143]	$DSM04,125207,+51.43176,+22.76398,204.0,11.0,250.3,6F
[742107]	$DSM03,125208,+51.43170,+22.76384,202.0,11.0,251.7,0F
[742143]	$DSM04,125208,+51.43171,+22.76382,202.0,10.0,247.5,6F
[742393]	$DSM0B,125208,+51.42959,+22.75432,172.0,11.0,244.7,0F
[742429]	$DSM0C,125208,+51.43109,+22.76136,172.0,10.0,250.3,0F
[742464]	$DSM0D,125208,+51.43134,+22.76217,170.0,12.0,250.3,0F
[742536]	$DSM0F,125208,+51.42044,+22.70664,148.0,17.0,270.0,0F
[743000]	$DSM00,125209,+51.38008,+22.77002,7784.0,89.0,54.8,0F
[744393]	$DSM0B,125210,+51.42949,+22.75406,172.0,11.0,240.5,0F
[744429]	$DSM0C,125210,+51.43104,+22.76108,172.0,11.0,251.7,0F
[744464]	$DSM0D,125210,+51.43127,+22.76185,170.0,12.0,250.3,0F
[744536]	$DSM0F,125210,+51.42044,+22.70617,148.0,16.0,271.4,0F
[745000]	$DSM00,125211,+51.38100,+22.77208,7782.0,89.0,54.8,0F
[745107]	$DSM03,125211,+51.43160,+22.76340,200.0,11.0,246.1,0F
[745143]	$DSM04,125211,+51.43160,+22.76340,202.0,11.0,246.1,6F
[746000]	$DSM00,125212,+51.38148,+22.77314,7782.0,89.0,54.8,0F
[746107]	$DSM03,125212,+51.43155,+22.76327,200.0,11.0,247.5,0F
[746143]	$DSM04,125212,+51.43156,+22.76324,200.0,11.0,247.5,6F
[746393]	$DSM0B,125212,+51.42940,+22.75378,172.0,11.0,240.5,0F
[746429]	$DSM0C,125212,+51.43096,+22.76076,172.0,12.0,248.9,0F
[746464]	$DSM0D,125212,+51.43120,+22.76153,170.0,12.0,250.3,0F
[746536]	$DSM0F,125212,+51.42046,+22.70572,148.0,16.0,270.0,0F
[747107]	$DSM03,125214,+51.43148,+22.76294,198.0,12.0,254.5,0F
[747143]	$DSM04,125214,+51.43148,+22.76292,198.0,12.0,254.5,6F
[747393]	$DSM0B,125214,+51.42930,+22.75352,172.0,10.0,239.1,0F
[747429]	$DSM0C,125214,+51.43088,+22.76046,174.0,12.0,248.9,0F
[747464]	$DSM0D,125214,+51.43112,+22.76121,170.0,12.0,248.9,0F
[747536]	$DSM0F,125214,+51.42046,+22.70524,148.0,16.0,268.6,0F
[748000]	$DSM00,125215,+51.38289,+22.77625,7782.0,89.0,53.4,0F
[749143]	$DSM04,125216,+51.43144,+22.76258,196.0,13.0,257.3,6F
[749393]	$DSM0B,125216,+51.42920,+22.75327,172.0,10.0,239.1,0F
[749429]	$DSM0C,125216,+51.43081,+22.76013,174.0,12.0,248.9,0F
[749464]	$DSM0D,125216,+51.43104,+22.76088,170.0,12.0,250.3,0F
[749536]	$DSM0F,125216,+51.42047,+22.70477,148.0,16.0,268.6,0F
[750000]	$DSM00,125217,+51.38384,+22.77831,7782.0,89.0,53.4,0F
[750107]	$DSM03,125217,+51.43141,+22.76243,196.0,12.0,258.7,0F
[751000]	$DSM00,125218,+51.38432,+22.77934,7782.0,89.0,53.4,0F
[751107]	$DSM03,125218,+51.43138,+22.76226,194.0,12.0,254.5,0F
[751143]	$DSM04,125218,+51.43140,+22.76224,194.0,12.0,257.3,6F
[751393]	$DSM0B,125218,+51.42911,+22.75301,172.0,10.0,239.1,0F
[751429]	$DSM0C,125218,+51.43072,+22.75983,176.0,11.0,246.1,0F
[751464]	$DSM0D,125218,+51.43098,+22.76056,170.0,12.0,250.3,0F
[751536]	$DSM0F,125218,+51.42047,+22.70430,150.0,16.0,268.6,0F
[752107]	$DSM03,125220,+51.43131,+22.76192,194.0,12.0,244.7,0F
[752143]	$DSM04,125220,+51.43132,+22.76192,194.0,12.0,243.3,6F
[752393]	$DSM0B,125220,+51.42901,+22.75275,172.0,11.0,240.5,0F
[752429]	$DSM0C,125220,+51.43066,+22.75951,176.0,12.0,250.3,0F
[752464]	$DSM0D,125220,+51.43091,+22.76022,170.0,12.0,250.3,0F
[752536]	$DSM0F,125220,+51.42047,+22.70381,152.0,17.0,268.6,0F
[753000]	$DSM00,125221,+51.38575,+22.78243,7782.0,89.0,53.4,0F
[754393]	$DSM0B,125222,+51.42890,+22.75250,172.0,12.0,239.1,0F
[754429]	$DSM0C,125222,+51.43059,+22.75919,176.0,12.0,248.9,0F
[754464]	$DSM0D,125222,+51.43084,+22.75990,170.0,12.0,250.3,0F
[754536]	$DSM0F,125222,+51.42048,+22.70331,152.0,17.0,270.0,0F
[755000]	$DSM00,125223,+51.38672,+22.78444,7782.0,89.0,52.0,0F
[755107]	$DSM03,125223,+51.43114,+22.76144,192.0,12.0,243.3,0F
[755143]	$DSM04,125223,+51.43114,+22.76142,192.0,13.0,241.9,6F
[756107]	$DSM03,125224,+51.43110,+22.76127,192.0,12.0,246.1,0F
[756143]	$DSM04,125224,+51.43109,+22.76125,190.0,12.0,246.1,6F
[756393]	$DSM0B,125224,+51.42880,+22.75219,172.0,12.0,239.1,0F
[756429]	$DSM0C,125224,+51.43051,+22.75889,176.0,12.0,250.3,0F
[756464]	$DSM0D,125224,+51.43076,+22.75960,170.0,11.0,248.9,0F
[756536]	$DSM0F,125224,+51.42048,+22.70282,152.0,17.0,268.6,0F
[757000]	$DSM00,125225,+51.38776,+22.78640,7782.0,88.0,49.2,0F
[758000]	$DSM00,125227,+51.38884,+22.78822,7780.0,87.0,45.0,0F
[758107]	$DSM03,125227,+51.43101,+22.76082,190.0,11.0,257.3,0F
[758143]	$DSM04,125227,+51.43100,+22.76078,186.0,12.0,257.3,6F
[758393]	$DSM0B,125227,+51.42864,+22.75176,172.0,11.0,240.5,0F
[758429]	$DSM0C,125227,+51.43040,+22.75837,178.0,12.0,250.3,0F
[758464]	$DSM0D,125227,+51.43065,+22.75912,170.0,12.0,251.7,0F
[758536]	$DSM0F,125227,+51.42048,+22.70209,150.0,17.0,270.0,0F
[759536]	$DSM0F,125228,+51.42047,+22.70186,148.0,17.0,270.0,0F
[760000]	$DSM00,125229,+51.38999,+22.78992,7778.0,87.0,40.8,0F
[760107]	$DSM03,125229,+51.43096,+22.76052,190.0,11.0,255.9,0F
[760143]	$DSM04,125229,+51.43096,+22.76046,184.0,11.0,255.9,6F
[760393]	$DSM0B,125229,+51.42852,+22.75148,172.0,10.0,239.1,0F
[760429]	$DSM0C,125229,+51.43032,+22.75803,178.0,13.0,250.3,0F
[760464]	$DSM0D,125229,+51.43059,+22.75878,170.0,12.0,250.3,0F
[761107]	$DSM03,125230,+51.43094,+22.76037,190.0,11.0,254.5,0F
[761143]	$DSM04,125230,+51.43093,+22.76033,184.0,11.0,253.1,6F
[761393]	$DSM0B,125230,+51.42848,+22.75136,172.0,10.0,239.1,0F
[761429]	$DSM0C,125230,+51.43028,+22.75786,178.0,13.0,250.3,0F
[761464]	$DSM0D,125230,+51.43054,+22.75863,170.0,12.0,251.7,0F
[761536]	$DSM0F,125230,+51.42048,+22.70136,148.0,17.0,270.0,0F
[762000]	$DSM00,125231,+51.39120,+22.79148,7778.0,86.0,36.6,0F
[763393]	$DSM0B,125232,+51.42839,+22.75110,172.0,10.0,240.5,0F
[763429]	$DSM0C,125232,+51.43020,+22.75750,178.0,13.0,250.3,0F
[763464]	$DSM0D,125232,+51.43048,+22.75829,170.0,12.0,251.7,0F
[763536]	$DSM0F,125232,+51.42048,+22.70087,144.0,17.0,272.8,0F
[764000]	$DSM00,125233,+51.39247,+22.79290,7778.0,85.0,33.7,0F
[764107]	$DSM03,125233,+51.43087,+22.75988,188.0,12.0,255.9,0F
[764143]	$DSM04,125233,+51.43087,+22.75988,180.0,11.0,255.9,6F
[765107]	$DSM03,125234,+51.43084,+22.75972,188.0,12.0,254.5,0F
[765143]	$DSM04,125234,+51.43084,+22.75970,180.0,12.0,254.5,6F
[765393]	$DSM0B,125234,+51.42830,+22.75086,172.0,10.0,240.5,0F
[765429]	$DSM0C,125234,+51.43012,+22.75713,176.0,13.0,250.3,0F
[765464]	$DSM0D,125234,+51.43040,+22.75799,172.0,11.0,250.3,0F
[765536]	$DSM0F,125234,+51.42048,+22.70037,146.0,17.0,268.6,0F
[766000]	$DSM00,125235,+51.39377,+22.79414,7778.0,85.0,29.5,0F
[767000]	$DSM00,125236,+51.39445,+22.79472,7778.0,84.0,26.7,0F
[767107]	$DSM03,125236,+51.43078,+22.75938,188.0,12.0,251.7,0F
[767143]	$DSM04,125236,+51.43078,+22.75938,178.0,12.0,253.1,6F
[767393]	$DSM0B,125236,+51.42821,+22.75061,172.0,10.0,240.5,0F
[767429]	$DSM0C,125236,+51.43006,+22.75678,176.0,12.0,250.3,0F
[767464]	$DSM0D,125236,+51.43034,+22.75771,172.0,11.0,248.9,0F
[767536]	$DSM0F,125236,+51.42044,+22.69992,146.0,16.0,263.0,0F
[768143]	$DSM04,125238,+51.43072,+22.75906,180.0,12.0,247.5,6F
[768393]	$DSM0B,125238,+51.42811,+22.75035,172.0,10.0,239.1,0F
[768429]	$DSM0C,125238,+51.42999,+22.75644,176.0,12.0,250.3,0F
[768464]	$DSM0D,125238,+51.43026,+22.75739,172.0,11.0,248.9,0F
[768536]	$DSM0F,125238,+51.42040,+22.69947,146.0,16.0,257.3,0F
[769000]	$DSM00,125239,+51.39654,+22.79608,7778.0,83.0,18.3,0F
[769107]	$DSM03,125239,+51.43065,+22.75889,188.0,13.0,241.9,0F
[770000]	$DSM00,125240,+51.39726,+22.79642,7780.0,83.0,15.5,0F
[770107]	$DSM03,125240,+51.43059,+22.75872,190.0,15.0,236.2,0F
[770143]	$DSM04,125240,+51.43059,+22.75872,180.0,13.0,237.7,6F
[770393]	$DSM0B,125240,+51.42801,+22.75009,172.0,11.0,240.5,0F
[770429]	$DSM0C,125240,+51.42992,+22.75612,176.0,12.0,250.3,0F
[770464]	$DSM0D,125240,+51.43020,+22.75711,172.0,11.0,248.9,0F
[770536]	$DSM0F,125240,+51.42035,+22.69902,148.0,15.0,263.0,0F
[771000]	$DSM00,125242,+51.39871,+22.79687,7780.0,82.0,8.4,0F
[771107]	$DSM03,125242,+51.43040,+22.75835,192.0,16.0,229.2,0F
[771143]	$DSM04,125242,+51.43043,+22.75835,182.0,16.0,230.6,6F
[771393]	$DSM0B,125242,+51.42792,+22.74981,172.0,11.0,239.1,0F
[771429]	$DSM0C,125242,+51.42985,+22.75582,176.0,11.0,248.9,0F
[771464]	$DSM0D,125242,+51.43012,+22.75681,172.0,10.0,251.7,0F
[771536]	$DSM0F,125242,+51.42033,+22.69862,148.0,15.0,267.2,0F
[772107]	$DSM03,125244,+51.43019,+22.75801,194.0,17.0,225.0,0F
[772143]	$DSM04,125244,+51.43022,+22.75801,186.0,16.0,225.0,6F
[772393]	$DSM0B,125244,+51.42782,+22.74956,172.0,10.0,240.5,0F
[772429]	$DSM0C,125244,+51.42978,+22.75552,176.0,10.0,250.3,0F
[772464]	$DSM0D,125244,+51.43006,+22.75653,172.0,11.0,250.3,0F
[772536]	$DSM0F,125244,+51.42035,+22.69818,146.0,14.0,270.0,0F
[773000]	$DSM00,125245,+51.40091,+22.79706,7780.0,81.0,0.0,0F
[774000]	$DSM00,125246,+51.40165,+22.79704,7780.0,81.0,358.6,0F
[774107]	$DSM03,125246,+51.42999,+22.75764,198.0,17.0,234.8,0F
[774143]	$DSM04,125246,+51.43000,+22.75764,190.0,18.0,233.4,6F
[774393]	$DSM0B,125246,+51.42772,+22.74930,172.0,10.0,240.5,0F
[774429]	$DSM0C,125246,+51.42972,+22.75524,176.0,10.0,251.7,0F
[774464]	$DSM0D,125246,+51.43000,+22.75625,174.0,10.0,250.3,0F
[774536]	$DSM0F,125246,+51.42037,+22.69780,144.0,14.0,270.0,0F
[775000]	$DSM00,125248,+51.40311,+22.79691,7780.0,81.0,355.8,0F
[775107]	$DSM03,125248,+51.42988,+22.75722,202.0,16.0,264.4,0F
[775143]	$DSM04,125248,+51.42988,+22.75724,196.0,15.0,255.9,6F
[775393]	$DSM0B,125248,+51.42764,+22.74904,172.0,10.0,239.1,0F
[775429]	$DSM0C,125248,+51.42966,+22.75496,178.0,10.0,253.1,0F
[775464]	$DSM0D,125248,+51.42994,+22.75597,174.0,11.0,250.3,0F
[775536]	$DSM0F,125248,+51.42040,+22.69739,144.0,14.0,270.0,0F
[776536]	$DSM0F,125249,+51.42040,+22.69718,142.0,15.0,270.0,0F
[777107]	$DSM03,125250,+51.42994,+22.75676,202.0,16.0,289.7,0F
[777143]	$DSM04,125250,+51.42993,+22.75676,200.0,17.0,291.1,6F
[777393]	$DSM0B,125250,+51.42754,+22.74878,170.0,10.0,240.5,0F
[777429]	$DSM0C,125250,+51.42961,+22.75468,176.0,10.0,251.7,0F
[777464]	$DSM0D,125250,+51.42988,+22.75567,174.0,11.0,250.3,0F
[778000]	$DSM00,125251,+51.40531,+22.79659,7782.0,81.0,354.4,0F
[779000]	$DSM00,125252,+51.40604,+22.79648,7782.0,81.0,354.4,0F
[779107]	$DSM03,125252,+51.43007,+22.75634,202.0,16.0,296.7,0F
[779143]	$DSM04,125252,+51.43007,+22.75631,200.0,16.0,293.9,6F
[779393]	$DSM0B,125252,+51.42744,+22.74852,170.0,11.0,240.5,0F
[779429]	$DSM0C,125252,+51.42953,+22.75445,176.0,10.0,243.3,0F
[779464]	$DSM0D,125252,+51.42980,+22.75537,174.0,11.0,250.3,0F
[779536]	$DSM0F,125252,+51.42040,+22.69656,142.0,15.0,268.6,0F
[780536]	$DSM0F,125253,+51.42040,+22.69634,142.0,15.0,265.8,0F
[781393]	$DSM0B,125254,+51.42735,+22.74827,170.0,11.0,241.9,0F
[781429]	$DSM0C,125254,+51.42944,+22.75419,178.0,10.0,244.7,0F
[781464]	$DSM0D,125254,+51.42974,+22.75507,174.0,11.0,250.3,0F
[782000]	$DSM00,125255,+51.40823,+22.79614,7784.0,81.0,354.4,0F
[782107]	$DSM03,125255,+51.43023,+22.75567,200.0,17.0,286.9,0F
[782143]	$DSM04,125255,+51.43025,+22.75569,202.0,16.0,291.1,6F
[783000]	$DSM00,125256,+51.40896,+22.79601,7786.0,81.0,354.4,0F
[783107]	$DSM03,125256,+51.43028,+22.75544,198.0,17.0,281.2,0F
[783143]	$DSM04,125256,+51.43029,+22.75546,200.0,16.0,284.1,6F
[783393]	$DSM0B,125256,+51.42725,+22.74799,170.0,11.0,240.5,0F
[783429]	$DSM0C,125256,+51.42934,+22.75393,178.0,10.0,239.1,0F
[783464]	$DSM0D,125256,+51.42966,+22.75479,174.0,10.0,248.9,0F
[783536]	$DSM0F,125256,+51.42038,+22.69568,142.0,15.0,268.6,0F
[784536]	$DSM0F,125257,+51.42038,+22.69546,142.0,15.0,267.2,0F
[785000]	$DSM00,125258,+51.41041,+22.79575,7786.0,81.0,354.4,0F
[785107]	$DSM03,125258,+51.43028,+22.75494,194.0,16.0,264.4,0F
[785143]	$DSM04,125258,+51.43031,+22.75500,198.0,16.0,270.0,6F
[785393]	$DSM0B,125258,+51.42716,+22.74771,170.0,11.0,240.5,0F
[785429]	$DSM0C,125258,+51.42924,+22.75368,178.0,10.0,240.5,0F
[785464]	$DSM0D,125258,+51.42959,+22.75451,174.0,10.0,246.1,0F
[786000]	$DSM00,125200,+51.41186,+22.79548,7786.0,82.0,353.0,0F
[787107]	$DSM03,125300,+51.43020,+22.75453,192.0,14.0,239.1,0F
[787143]	$DSM04,125300,+51.43025,+22.75458,196.0,15.0,248.9,6F
[787393]	$DSM0B,125300,+51.42705,+22.74743,170.0,11.0,240.5,0F
[787429]	$DSM0C,125300,+51.42915,+22.75344,178.0,9.0,237.7,0F
[787464]	$DSM0D,125300,+51.42952,+22.75425,174.0,9.0,243.3,0F
[787536]	$DSM0F,125300,+51.42037,+22.69482,142.0,15.0,264.4,0F
[788000]	$DSM00,125302,+51.41333,+22.79520,7786.0,82.0,353.0,0F
[788107]	$DSM03,125302,+51.43002,+22.75425,192.0,13.0,213.7,0F
[788143]	$DSM04,125302,+51.43006,+22.75428,192.0,14.0,216.6,6F
[788393]	$DSM0B,125302,+51.42695,+22.74715,170.0,11.0,240.5,0F
[788429]	$DSM0C,125302,+51.42906,+22.75320,178.0,10.0,240.5,0F
[788464]	$DSM0D,125302,+51.42943,+22.75400,174.0,10.0,240.5,0F
[789536]	$DSM0F,125303,+51.42036,+22.69415,140.0,15.0,270.0,0F
[790000]	$DSM00,125304,+51.41480,+22.79490,7784.0,82.0,353.0,0F
[790107]	$DSM03,125304,+51.42980,+22.75410,196.0,13.0,199.7,0F
[790143]	$DSM04,125304,+51.42980,+22.75410,192.0,14.0,201.1,6F
[790393]	$DSM0B,125304,+51.42686,+22.74687,172.0,11.0,239.1,0F
[790429]	$DSM0C,125304,+51.42896,+22.75294,178.0,10.0,240.5,0F
[790464]	$DSM0D,125304,+51.42934,+22.75374,174.0,11.0,240.5,0F
[791000]	$DSM00,125306,+51.41625,+22.79460,7784.0,82.0,353.0,0F
[791107]	$DSM03,125306,+51.42956,+22.75398,200.0,12.0,198.3,0F
[791143]	$DSM04,125306,+51.42956,+22.75400,194.0,13.0,199.7,6F
[791393]	$DSM0B,125306,+51.42676,+22.74659,172.0,11.0,239.1,0F
[791429]	$DSM0C,125306,+51.42887,+22.75269,178.0,10.0,240.5,0F
[791464]	$DSM0D,125306,+51.42924,+22.75346,174.0,11.0,239.1,0F
[792107]	$DSM03,125307,+51.42947,+22.75393,200.0,12.0,202.5,0F
[792393]	$DSM0B,125307,+51.42672,+22.74646,172.0,11.0,239.1,0F
[792429]	$DSM0C,125307,+51.42881,+22.75256,178.0,10.0,240.5,0F
[792464]	$DSM0D,125307,+51.42919,+22.75333,174.0,11.0,239.1,0F
[792536]	$DSM0F,125307,+51.42047,+22.69329,142.0,15.0,284.1,0F
[793000]	$DSM00,125308,+51.41771,+22.79429,7784.0,82.0,353.0,0F
[794000]	$DSM00,125309,+51.41844,+22.79412,7784.0,82.0,353.0,0F
[794107]	$DSM03,125309,+51.42927,+22.75378,202.0,13.0,208.1,0F
[794143]	$DSM04,125309,+51.42924,+22.75385,192.0,11.0,199.7,6F
[794393]	$DSM0B,125309,+51.42660,+22.74618,172.0,11.0,240.5,0F
[794429]	$DSM0C,125309,+51.42872,+22.75228,178.0,11.0,240.5,0F
[794464]	$DSM0D,125309,+51.42908,+22.75305,174.0,11.0,239.1,0F
[794536]	$DSM0F,125309,+51.42056,+22.69286,142.0,16.0,293.9,0F
[795000]	$DSM00,125311,+51.41990,+22.79380,7784.0,82.0,351.6,0F
[795107]	$DSM03,125311,+51.42906,+22.75359,200.0,14.0,213.7,0F
[795143]	$DSM04,125311,+51.42904,+22.75372,188.0,11.0,203.9,6F
[795393]	$DSM0B,125311,+51.42650,+22.74588,172.0,12.0,239.1,0F
[795429]	$DSM0C,125311,+51.42862,+22.75200,178.0,11.0,240.5,0F
[795464]	$DSM0D,125311,+51.42897,+22.75277,174.0,12.0,240.5,0F
[795536]	$DSM0F,125311,+51.42075,+22.69248,144.0,16.0,306.6,0F
[796393]	$DSM0B,125312,+51.42644,+22.74576,172.0,11.0,239.1,0F
[796429]	$DSM0C,125312,+51.42858,+22.75187,178.0,11.0,240.5,0F
[796464]	$DSM0D,125312,+51.42892,+22.75262,174.0,12.0,239.1,0F
[796536]	$DSM0F,125312,+51.42084,+22.69230,144.0,16.0,310.8,0F
[797000]	$DSM00,125313,+51.42137,+22.79346,7784.0,82.0,351.6,0F
[797107]	$DSM03,125313,+51.42886,+22.75331,198.0,14.0,226.4,0F
[797143]	$DSM04,125313,+51.42887,+22.75354,182.0,11.0,219.4,6F
[798393]	$DSM0B,125314,+51.42634,+22.74548,172.0,11.0,239.1,0F
[798429]	$DSM0C,125314,+51.42847,+22.75159,178.0,11.0,239.1,0F
[798464]	$DSM0D,125314,+51.42883,+22.75234,174.0,11.0,239.1,0F
[798536]	$DSM0F,125314,+51.42104,+22.69196,144.0,17.0,313.6,0F
[799000]	$DSM00,125315,+51.42283,+22.79311,7784.0,82.0,351.6,0F
[799107]	$DSM03,125315,+51.42868,+22.75299,194.0,15.0,234.8,0F
[799143]	$DSM04,125315,+51.42872,+22.75327,176.0,13.0,230.6,6F
[800393]	$DSM0B,125316,+51.42623,+22.74520,172.0,11.0,239.1,0F
[800429]	$DSM0C,125316,+51.42837,+22.75129,176.0,11.0,240.5,0F
[800464]	$DSM0D,125316,+51.42872,+22.75206,174.0,11.0,239.1,0F
[800536]	$DSM0F,125316,+51.42128,+22.69160,146.0,17.0,313.6,0F
[801000]	$DSM00,125317,+51.42430,+22.79277,7784.0,82.0,351.6,0F
[801107]	$DSM03,125317,+51.42855,+22.75264,190.0,14.0,236.2,0F
[801143]	$DSM04,125317,+51.42858,+22.75294,170.0,13.0,236.2,6F
[802107]	$DSM03,125318,+51.42847,+22.75247,186.0,14.0,236.2,0F
[802143]	$DSM04,125318,+51.42852,+22.75277,170.0,13.0,234.8,6F
[802393]	$DSM0B,125318,+51.42613,+22.74492,172.0,11.0,239.1,0F
[802429]	$DSM0C,125318,+51.42827,+22.75101,176.0,11.0,241.9,0F
[802464]	$DSM0D,125318,+51.42861,+22.75179,174.0,11.0,240.5,0F
[802536]	$DSM0F,125318,+51.42148,+22.69123,148.0,16.0,309.4,0F
[803000]	$DSM00,125319,+51.42576,+22.79240,7784.0,82.0,351.6,0F
[804000]	$DSM00,125320,+51.42650,+22.79224,7784.0,82.0,351.6,0F
[804107]	$DSM03,125320,+51.42832,+22.75213,184.0,14.0,233.4,0F
[804143]	$DSM04,125320,+51.42837,+22.75243,168.0,14.0,234.8,6F
[804393]	$DSM0B,125320,+51.42603,+22.74464,172.0,11.0,239.1,0F
[804429]	$DSM0C,125320,+51.42818,+22.75074,174.0,11.0,241.9,0F
[804464]	$DSM0D,125320,+51.42852,+22.75151,174.0,11.0,240.5,0F
[804536]	$DSM0F,125320,+51.42166,+22.69087,150.0,17.0,310.8,0F
[805000]	$DSM00,125322,+51.42796,+22.79187,7784.0,82.0,351.6,0F
[805107]	$DSM03,125322,+51.42817,+22.75183,182.0,13.0,227.8,0F
[805143]	$DSM04,125322,+51.42821,+22.75206,168.0,13.0,227.8,6F
[805393]	$DSM0B,125322,+51.42592,+22.74434,170.0,11.0,239.1,0F
[805429]	$DSM0C,125322,+51.42808,+22.75048,174.0,10.0,239.1,0F
[805464]	$DSM0D,125322,+51.42843,+22.75125,174.0,10.0,239.1,0F
[805536]	$DSM0F,125322,+51.42185,+22.69050,150.0,16.0,309.4,0F
[806393]	$DSM0B,125323,+51.42587,+22.74421,170.0,11.0,239.1,0F
[806429]	$DSM0C,125323,+51.42803,+22.75035,174.0,10.0,240.5,0F
[806464]	$DSM0D,125323,+51.42837,+22.75112,174.0,10.0,239.1,0F
[806536]	$DSM0F,125323,+51.42194,+22.69033,148.0,16.0,310.8,0F
[807000]	$DSM00,125324,+51.42943,+22.79150,7784.0,83.0,351.6,0F
[807107]	$DSM03,125324,+51.42801,+22.75157,180.0,12.0,220.8,0F
[807143]	$DSM04,125324,+51.42803,+22.75176,168.0,13.0,220.8,6F
[807536]	$DSM0F,125324,+51.42202,+22.69014,148.0,15.0,310.8,0F
[808429]	$DSM0C,125325,+51.42793,+22.75007,174.0,11.0,239.1,0F
[808464]	$DSM0D,125325,+51.42828,+22.75086,174.0,10.0,239.1,0F
[809000]	$DSM00,125326,+51.43091,+22.79114,7784.0,83.0,351.6,0F
[809107]	$DSM03,125326,+51.42785,+22.75138,178.0,11.0,218.0,0F
[809143]	$DSM04,125326,+51.42787,+22.75153,168.0,11.0,219.4,6F
[809393]	$DSM0B,125326,+51.42572,+22.74378,170.0,11.0,239.1,0F
[810393]	$DSM0B,125327,+51.42566,+22.74363,170.0,11.0,239.1,0F
[810429]	$DSM0C,125327,+51.42784,+22.74979,174.0,11.0,239.1,0F
[810464]	$DSM0D,125327,+51.42818,+22.75061,174.0,10.0,240.5,0F
[810536]	$DSM0F,125327,+51.42230,+22.68964,148.0,15.0,312.2,0F
[811000]	$DSM00,125328,+51.43236,+22.79073,7784.0,83.0,350.2,0F
[811107]	$DSM03,125328,+51.42771,+22.75118,178.0,10.0,219.4,0F
[811143]	$DSM04,125328,+51.42772,+22.75132,166.0,9.0,222.2,6F
[812000]	$DSM00,125329,+51.43309,+22.79052,7784.0,83.0,350.2,0F
[812107]	$DSM03,125329,+51.42764,+22.75110,178.0,9.0,222.2,0F
[812393]	$DSM0B,125329,+51.42556,+22.74335,170.0,12.0,239.1,0F
[812429]	$DSM0C,125329,+51.42773,+22.74949,174.0,11.0,240.5,0F
[812464]	$DSM0D,125329,+51.42811,+22.75037,174.0,10.0,240.5,0F
[812536]	$DSM0F,125329,+51.42249,+22.68930,148.0,16.0,313.6,0F
[813000]	$DSM00,125331,+51.43456,+22.79002,7784.0,83.0,345.9,0F
[813107]	$DSM03,125331,+51.42755,+22.75093,178.0,8.0,230.6,0F
[813143]	$DSM04,125331,+51.42755,+22.75101,170.0,9.0,233.4,6F
[813393]	$DSM0B,125331,+51.42544,+22.74305,170.0,12.0,239.1,0F
[813429]	$DSM0C,125331,+51.42764,+22.74923,174.0,11.0,240.5,0F
[813464]	$DSM0D,125331,+51.42800,+22.75011,174.0,11.0,239.1,0F
[813536]	$DSM0F,125331,+51.42269,+22.68898,148.0,15.0,310.8,0F
[814000]	$DSM00,125333,+51.43598,+22.78936,7784.0,83.0,341.7,0F
[814107]	$DSM03,125333,+51.42746,+22.75074,176.0,7.0,239.1,0F
[814143]	$DSM04,125333,+51.42748,+22.75084,170.0,7.0,240.5,6F
[814393]	$DSM0B,125333,+51.42534,+22.74275,170.0,12.0,240.5,0F
[814429]	$DSM0C,125333,+51.42752,+22.74893,174.0,11.0,240.5,0F
[814464]	$DSM0D,125333,+51.42789,+22.74981,172.0,12.0,240.5,0F
[814536]	$DSM0F,125333,+51.42287,+22.68864,150.0,15.0,309.4,0F
[815393]	$DSM0B,125334,+51.42528,+22.74260,170.0,12.0,240.5,0F
[815429]	$DSM0C,125334,+51.42748,+22.74880,174.0,12.0,240.5,0F
[815464]	$DSM0D,125334,+51.42784,+22.74966,172.0,12.0,240.5,0F
[815536]	$DSM0F,125334,+51.42296,+22.68846,150.0,16.0,312.2,0F
[816000]	$DSM00,125335,+51.43736,+22.78846,7782.0,83.0,334.7,0F
[816107]	$DSM03,125335,+51.42742,+22.75056,176.0,6.0,257.3,0F
[816143]	$DSM04,125335,+51.42744,+22.75069,168.0,6.0,257.3,6F
[817000]	$DSM00,125336,+51.43804,+22.78790,7782.0,84.0,331.9,0F
[817107]	$DSM03,125336,+51.42742,+22.75048,176.0,6.0,264.4,0F
[817143]	$DSM04,125336,+51.42743,+22.75061,168.0,6.0,264.4,6F
[817393]	$DSM0B,125336,+51.42518,+22.74232,170.0,12.0,240.5,0F
[817429]	$DSM0C,125336,+51.42736,+22.74850,174.0,12.0,240.5,0F
[817464]	$DSM0D,125336,+51.42773,+22.74936,172.0,12.0,239.1,0F
[817536]	$DSM0F,125336,+51.42317,+22.68814,150.0,15.0,313.6,0F
[818393]	$DSM0B,125338,+51.42507,+22.74202,170.0,12.0,240.5,0F
[818429]	$DSM0C,125338,+51.42726,+22.74822,174.0,12.0,241.9,0F
[818464]	$DSM0D,125338,+51.42763,+22.74906,172.0,12.0,240.5,0F
[818536]	$DSM0F,125338,+51.42336,+22.68780,148.0,16.0,310.8,0F
[819000]	$DSM00,125339,+51.43991,+22.78586,7780.0,85.0,320.6,0F
[819107]	$DSM03,125339,+51.42740,+22.75024,176.0,5.0,261.6,0F
[819143]	$DSM04,125339,+51.42742,+22.75035,168.0,5.0,261.6,6F
[820393]	$DSM0B,125340,+51.42496,+22.74172,170.0,12.0,240.5,0F
[820429]	$DSM0C,125340,+51.42716,+22.74792,174.0,12.0,240.5,0F
[820464]	$DSM0D,125340,+51.42751,+22.74876,172.0,12.0,239.1,0F
[820536]	$DSM0F,125340,+51.42357,+22.68746,148.0,16.0,310.8,0F
[821000]	$DSM00,125341,+51.44104,+22.78419,7780.0,86.0,313.6,0F
[821107]	$DSM03,125341,+51.42740,+22.75011,178.0,5.0,263.0,0F
[821143]	$DSM04,125341,+51.42742,+22.75022,172.0,4.0,267.2,6F
[822143]	$DSM04,125342,+51.42742,+22.75014,172.0,5.0,270.0,6F
[822393]	$DSM0B,125342,+51.42484,+22.74142,170.0,12.0,239.1,0F
[822429]	$DSM0C,125342,+51.42704,+22.74762,174.0,12.0,240.5,0F
[822464]	$DSM0D,125342,+51.42740,+22.74848,172.0,11.0,240.5,0F
[822536]	$DSM0F,125342,+51.42377,+22.68711,148.0,17.0,313.6,0F
[823000]	$DSM00,125343,+51.44205,+22.78228,7780.0,87.0,308.0,0F
[823107]	$DSM03,125343,+51.42738,+22.74994,178.0,6.0,264.4,0F
[823536]	$DSM0F,125343,+51.42387,+22.68694,148.0,16.0,310.8,0F
[824429]	$DSM0C,125344,+51.42692,+22.74730,174.0,13.0,237.7,0F
[824464]	$DSM0D,125344,+51.42732,+22.74820,172.0,11.0,241.9,0F
[825000]	$DSM00,125345,+51.44295,+22.78022,7782.0,88.0,302.3,0F
[825107]	$DSM03,125345,+51.42736,+22.74977,178.0,7.0,257.3,0F
[825143]	$DSM04,125345,+51.42740,+22.74988,170.0,7.0,260.2,6F
[825393]	$DSM0B,125345,+51.42468,+22.74097,168.0,13.0,239.1,0F
[826393]	$DSM0B,125348,+51.42450,+22.74048,170.0,13.0,240.5,0F
[826429]	$DSM0C,125348,+51.42668,+22.74668,174.0,13.0,239.1,0F
[826464]	$DSM0D,125348,+51.42711,+22.74764,172.0,12.0,239.1,0F
[826536]	$DSM0F,125348,+51.42427,+22.68596,148.0,17.0,291.1,0F
[827000]	$DSM00,125349,+51.44446,+22.77571,7784.0,89.0,296.7,0F
[827107]	$DSM03,125349,+51.42722,+22.74934,180.0,11.0,233.4,0F
[827143]	$DSM04,125349,+51.42728,+22.74945,172.0,9.0,233.4,6F
[828107]	$DSM03,125350,+51.42716,+22.74921,182.0,11.0,229.2,0F
[828143]	$DSM04,125350,+51.42723,+22.74932,174.0,9.0,233.4,6F
[828393]	$DSM0B,125350,+51.42439,+22.74016,170.0,13.0,240.5,0F
[828429]	$DSM0C,125350,+51.42656,+22.74636,172.0,12.0,239.1,0F
[828464]	$DSM0D,125350,+51.42699,+22.74734,172.0,13.0,240.5,0F
[828536]	$DSM0F,125350,+51.42436,+22.68548,146.0,17.0,288.3,0F
[829000]	$DSM00,125351,+51.44515,+22.77337,7786.0,89.0,295.3,0F
[830393]	$DSM0B,125352,+51.42428,+22.73986,170.0,12.0,240.5,0F
[830429]	$DSM0C,125352,+51.42644,+22.74604,172.0,13.0,239.1,0F
[830464]	$DSM0D,125352,+51.42688,+22.74702,172.0,13.0,239.1,0F
[830536]	$DSM0F,125352,+51.42445,+22.68499,146.0,17.0,286.9,0F
[831000]	$DSM00,125353,+51.44582,+22.77103,7786.0,89.0,295.3,0F
[831107]	$DSM03,125353,+51.42692,+22.74882,188.0,12.0,226.4,0F
[831143]	$DSM04,125353,+51.42701,+22.74898,176.0,12.0,227.8,6F
[832000]	$DSM00,125355,+51.44648,+22.76870,7788.0,89.0,295.3,0F
[832107]	$DSM03,125355,+51.42676,+22.74855,192.0,13.0,230.6,0F
[832143]	$DSM04,125355,+51.42686,+22.74870,178.0,13.0,229.2,6F
[832393]	$DSM0B,125355,+51.42412,+22.73940,170.0,11.0,240.5,0F
[832429]	$DSM0C,125355,+51.42628,+22.74556,174.0,12.0,239.1,0F
[832464]	$DSM0D,125355,+51.42669,+22.74653,172.0,13.0,239.1,0F
[832536]	$DSM0F,125355,+51.42460,+22.68426,146.0,17.0,285.5,0F
[833000]	$DSM00,125357,+51.44715,+22.76636,7790.0,89.0,293.9,0F
[833107]	$DSM03,125357,+51.42661,+22.74822,194.0,15.0,233.4,0F
[833143]	$DSM04,125357,+51.42670,+22.74838,180.0,15.0,233.4,6F
[833393]	$DSM0B,125357,+51.42402,+22.73913,170.0,11.0,240.5,0F
[833429]	$DSM0C,125357,+51.42617,+22.74526,174.0,12.0,240.5,0F
[833464]	$DSM0D,125357,+51.42657,+22.74621,172.0,12.0,240.5,0F
[833536]	$DSM0F,125357,+51.42469,+22.68379,146.0,18.0,288.3,0F
[834000]	$DSM00,125359,+51.44780,+22.76400,7790.0,89.0,293.9,0F
[834107]	$DSM03,125359,+51.42644,+22.74786,194.0,16.0,234.8,0F
[834143]	$DSM04,125359,+51.42652,+22.74797,184.0,16.0,234.8,6F
[834393]	$DSM0B,125359,+51.42391,+22.73882,202.0,11.0,234.8,0F
[834429]	$DSM0C,125359,+51.42606,+22.74494,174.0,12.0,237.7,0F
[834464]	$DSM0D,125359,+51.42647,+22.74591,172.0,12.0,239.1,0F
[834536]	$DSM0F,125359,+51.42479,+22.68329,146.0,18.0,286.9,0F
[835107]	$DSM03,125401,+51.42628,+22.74747,192.0,16.0,236.2,0F
[835143]	$DSM04,125401,+51.42634,+22.74756,184.0,16.0,236.2,6F
[835393]	$DSM0B,125401,+51.42381,+22.73855,172.0,11.0,240.5,0F
[835429]	$DSM0C,125401,+51.42595,+22.74464,174.0,12.0,239.1,0F
[835464]	$DSM0D,125401,+51.42636,+22.74561,172.0,12.0,240.5,0F
[835536]	$DSM0F,125401,+51.42489,+22.68282,144.0,17.0,285.5,0F
[836000]	$DSM00,125402,+51.44876,+22.76046,7790.0,89.0,293.9,0F
[837000]	$DSM00,125403,+51.44909,+22.75930,7790.0,89.0,293.9,0F
[837107]	$DSM03,125403,+51.42612,+22.74706,190.0,16.0,237.7,0F
[837143]	$DSM04,125403,+51.42616,+22.74715,182.0,16.0,237.7,6F
[837393]	$DSM0B,125403,+51.42372,+22.73827,172.0,11.0,240.5,0F
[837429]	$DSM0C,125403,+51.42584,+22.74434,174.0,12.0,239.1,0F
[837464]	$DSM0D,125403,+51.42625,+22.74531,172.0,12.0,240.5,0F
[837536]	$DSM0F,125403,+51.42500,+22.68235,144.0,17.0,285.5,0F
[838000]	$DSM00,125406,+51.45006,+22.75576,7790.0,89.0,293.9,0F
[838107]	$DSM03,125406,+51.42582,+22.74649,190.0,19.0,225.0,0F
[838143]	$DSM04,125406,+51.42588,+22.74657,182.0,19.0,226.4,6F
[838393]	$DSM0B,125406,+51.42357,+22.73786,172.0,11.0,240.5,0F
[838429]	$DSM0C,125406,+51.42568,+22.74389,174.0,12.0,239.1,0F
[838464]	$DSM0D,125406,+51.42609,+22.74488,172.0,12.0,240.5,0F
[838536]	$DSM0F,125406,+51.42515,+22.68164,146.0,17.0,288.3,0F
[839000]	$DSM00,125408,+51.45069,+22.75340,7790.0,89.0,293.9,0F
[839107]	$DSM03,125408,+51.42556,+22.74608,190.0,20.0,225.0,0F
[839143]	$DSM04,125408,+51.42563,+22.74616,182.0,19.0,223.6,6F
[839393]	$DSM0B,125408,+51.42346,+22.73758,172.0,11.0,240.5,0F
[839429]	$DSM0C,125408,+51.42557,+22.74359,172.0,12.0,240.5,0F
[839464]	$DSM0D,125408,+51.42600,+22.74460,172.0,11.0,239.1,0F
[839536]	$DSM0F,125408,+51.42523,+22.68117,144.0,17.0,286.9,0F
[840000]	$DSM00,125411,+51.45166,+22.74983,7790.0,89.0,293.9,0F
[840107]	$DSM03,125411,+51.42523,+22.74546,190.0,17.0,230.6,0F
[840143]	$DSM04,125411,+51.42526,+22.74556,184.0,17.0,229.2,6F
[840393]	$DSM0B,125411,+51.42332,+22.73717,172.0,11.0,239.1,0F
[840429]	$DSM0C,125411,+51.42541,+22.74314,172.0,12.0,239.1,0F
[840464]	$DSM0D,125411,+51.42584,+22.74419,170.0,10.0,240.5,0F
[840536]	$DSM0F,125411,+51.42537,+22.68046,144.0,17.0,286.9,0F
[841536]	$DSM0F,125412,+51.42543,+22.68022,144.0,17.0,288.3,0F
[842000]	$DSM00,125413,+51.45230,+22.74747,7790.0,89.0,293.9,0F
[842107]	$DSM03,125413,+51.42505,+22.74511,190.0,15.0,232.0,0F
[842143]	$DSM04,125413,+51.42509,+22.74520,186.0,15.0,233.4,6F
[842393]	$DSM0B,125413,+51.42321,+22.73692,172.0,10.0,239.1,0F
[842429]	$DSM0C,125413,+51.42530,+22.74282,172.0,13.0,240.5,0F
[842464]	$DSM0D,125413,+51.42575,+22.74393,170.0,10.0,240.5,0F
[843393]	$DSM0B,125414,+51.42316,+22.73679,172.0,10.0,236.2,0F
[843429]	$DSM0C,125414,+51.42524,+22.74267,172.0,13.0,240.5,0F
[843464]	$DSM0D,125414,+51.42570,+22.74380,170.0,10.0,240.5,0F
[843536]	$DSM0F,125414,+51.42552,+22.67978,142.0,17.0,288.3,0F
[844000]	$DSM00,125415,+51.45292,+22.74509,7792.0,90.0,292.5,0F
[844107]	$DSM03,125415,+51.42489,+22.74479,190.0,13.0,230.6,0F
[844143]	$DSM04,125415,+51.42492,+22.74486,186.0,14.0,230.6,6F
[845000]	$DSM00,125417,+51.45349,+22.74267,7792.0,90.0,289.7,0F
[845107]	$DSM03,125417,+51.42474,+22.74449,190.0,12.0,230.6,0F
[845143]	$DSM04,125417,+51.42478,+22.74458,188.0,12.0,230.6,6F
[845393]	$DSM0B,125417,+51.42301,+22.73644,172.0,9.0,239.1,0F
[845429]	$DSM0C,125417,+51.42507,+22.74220,170.0,13.0,239.1,0F
[845464]	$DSM0D,125417,+51.42554,+22.74340,170.0,12.0,239.1,0F
[845536]	$DSM0F,125417,+51.42567,+22.67904,142.0,18.0,288.3,0F
[846393]	$DSM0B,125419,+51.42293,+22.73621,172.0,9.0,239.1,0F
[846429]	$DSM0C,125419,+51.42494,+22.74187,170.0,13.0,240.5,0F
[846464]	$DSM0D,125419,+51.42544,+22.74310,170.0,13.0,239.1,0F
[846536]	$DSM0F,125419,+51.42577,+22.67855,144.0,18.0,288.3,0F
[847000]	$DSM00,125420,+51.45415,+22.73887,7790.0,92.0,282.7,0F
[847107]	$DSM03,125420,+51.42455,+22.74408,190.0,11.0,237.7,0F
[847143]	$DSM04,125420,+51.42459,+22.74415,188.0,12.0,239.1,6F
[848000]	$DSM00,125422,+51.45444,+22.73623,7790.0,93.0,278.4,0F
[848107]	$DSM03,125422,+51.42445,+22.74380,190.0,12.0,243.3,0F
[848143]	$DSM04,125422,+51.42447,+22.74382,186.0,12.0,243.3,6F
[848393]	$DSM0B,125422,+51.42280,+22.73586,172.0,9.0,239.1,0F
[848429]	$DSM0C,125422,+51.42478,+22.74140,170.0,12.0,240.5,0F
[848464]	$DSM0D,125422,+51.42525,+22.74262,170.0,13.0,239.1,0F
[848536]	$DSM0F,125422,+51.42591,+22.67784,146.0,16.0,286.9,0F
[849393]	$DSM0B,125423,+51.42276,+22.73574,172.0,10.0,239.1,0F
[849429]	$DSM0C,125423,+51.42472,+22.74125,170.0,12.0,240.5,0F
[849464]	$DSM0D,125423,+51.42520,+22.74245,170.0,12.0,240.5,0F
[849536]	$DSM0F,125423,+51.42594,+22.67761,146.0,16.0,286.9,0F
[850000]	$DSM00,125424,+51.45460,+22.73352,7788.0,94.0,274.2,0F
[850107]	$DSM03,125424,+51.42436,+22.74348,188.0,12.0,247.5,0F
[850143]	$DSM04,125424,+51.42439,+22.74350,184.0,11.0,247.5,6F
[851536]	$DSM0F,125425,+51.42603,+22.67716,148.0,16.0,286.9,0F
[852000]	$DSM00,125426,+51.45469,+22.73080,7788.0,95.0,272.8,0F
[852107]	$DSM03,125426,+51.42430,+22.74316,186.0,12.0,257.3,0F
[852143]	$DSM04,125426,+51.42431,+22.74318,182.0,12.0,255.9,6F
[852393]	$DSM0B,125426,+51.42263,+22.73539,172.0,9.0,239.1,0F
[852429]	$DSM0C,125426,+51.42456,+22.74082,170.0,12.0,240.5,0F
[852464]	$DSM0D,125426,+51.42503,+22.74198,170.0,13.0,239.1,0F
[853536]	$DSM0F,125427,+51.42612,+22.67673,148.0,16.0,291.1,0F
[854000]	$DSM00,125428,+51.45473,+22.72806,7788.0,95.0,271.4,0F
[854107]	$DSM03,125428,+51.42428,+22.74284,184.0,11.0,265.8,0F
[854143]	$DSM04,125428,+51.42425,+22.74282,176.0,12.0,261.6,6F
[854393]	$DSM0B,125428,+51.42255,+22.73516,172.0,9.0,240.5,0F
[854429]	$DSM0C,125428,+51.42445,+22.74052,168.0,12.0,240.5,0F
[854464]	$DSM0D,125428,+51.42491,+22.74166,170.0,14.0,239.1,0F
[855429]	$DSM0C,125429,+51.42440,+22.74037,168.0,12.0,239.1,0F
[855464]	$DSM0D,125429,+51.42484,+22.74149,170.0,15.0,239.1,0F
[855536]	$DSM0F,125429,+51.42622,+22.67630,146.0,17.0,289.7,0F
[856000]	$DSM00,125430,+51.45477,+22.72531,7788.0,95.0,271.4,0F
[856107]	$DSM03,125430,+51.42424,+22.74252,182.0,11.0,257.3,0F
[856143]	$DSM04,125430,+51.42424,+22.74250,174.0,11.0,258.7,6F
[856393]	$DSM0B,125430,+51.42246,+22.73494,172.0,9.0,239.1,0F
[856464]	$DSM0D,125430,+51.42477,+22.74129,170.0,15.0,239.1,0F
[857393]	$DSM0B,125431,+51.42242,+22.73481,172.0,9.0,240.5,0F
[857429]	$DSM0C,125431,+51.42428,+22.74005,168.0,12.0,240.5,0F
[857536]	$DSM0F,125431,+51.42632,+22.67585,146.0,17.0,289.7,0F
[858000]	$DSM00,125432,+51.45478,+22.72258,7790.0,95.0,271.4,0F
[858107]	$DSM03,125432,+51.42420,+22.74224,180.0,10.0,254.5,0F
[858143]	$DSM04,125432,+51.42420,+22.74222,170.0,10.0,254.5,6F
[859464]	$DSM0D,125433,+51.42456,+22.74074,170.0,14.0,240.5,0F
[860107]	$DSM03,125434,+51.42415,+22.74198,180.0,9.0,244.7,0F
[860143]	$DSM04,125434,+51.42414,+22.74194,170.0,9.0,246.1,6F
[860393]	$DSM0B,125434,+51.42229,+22.73447,172.0,10.0,240.5,0F
[860429]	$DSM0C,125434,+51.42412,+22.73960,170.0,12.0,239.1,0F
[860536]	$DSM0F,125434,+51.42650,+22.67522,142.0,16.0,296.7,0F
[861000]	$DSM00,125435,+51.45481,+22.71846,7792.0,95.0,270.0,0F
[862000]	$DSM00,125436,+51.45481,+22.71709,7792.0,95.0,270.0,0F
[862107]	$DSM03,125436,+51.42408,+22.74176,180.0,8.0,240.5,0F
[862143]	$DSM04,125436,+51.42406,+22.74172,170.0,8.0,240.5,6F
[862393]	$DSM0B,125436,+51.42220,+22.73421,172.0,10.0,239.1,0F
[862429]	$DSM0C,125436,+51.42401,+22.73930,170.0,12.0,239.1,0F
[862464]	$DSM0D,125436,+51.42439,+22.74024,170.0,13.0,239.1,0F
[862536]	$DSM0F,125436,+51.42663,+22.67482,138.0,16.0,300.9,0F
[863143]	$DSM04,125438,+51.42400,+22.74153,170.0,8.0,240.5,6F
[863393]	$DSM0B,125438,+51.42210,+22.73396,172.0,11.0,239.1,0F
[863429]	$DSM0C,125438,+51.42390,+22.73902,170.0,11.0,239.1,0F
[863464]	$DSM0D,125438,+51.42428,+22.73992,170.0,12.0,239.1,0F
[864000]	$DSM00,125439,+51.45484,+22.71299,7794.0,95.0,270.0,0F
[864107]	$DSM03,125439,+51.42398,+22.74149,178.0,7.0,241.9,0F
[865000]	$DSM00,125440,+51.45484,+22.71162,7794.0,95.0,270.0,0F
[865107]	$DSM03,125440,+51.42395,+22.74140,178.0,7.0,241.9,0F
[865143]	$DSM04,125440,+51.42395,+22.74136,170.0,6.0,243.3,6F
[865393]	$DSM0B,125440,+51.42200,+22.73370,172.0,10.0,239.1,0F
[865429]	$DSM0C,125440,+51.42380,+22.73874,172.0,11.0,240.5,0F
[865464]	$DSM0D,125440,+51.42417,+22.73964,170.0,12.0,240.5,0F
[865536]	$DSM0F,125440,+51.42696,+22.67402,136.0,16.0,300.9,0F
[866464]	$DSM0D,125441,+51.42412,+22.73947,170.0,12.0,240.5,0F
[867000]	$DSM00,125442,+51.45480,+22.70889,7792.0,95.0,268.6,0F
[867107]	$DSM03,125442,+51.42389,+22.74123,178.0,6.0,244.7,0F
[867143]	$DSM04,125442,+51.42390,+22.74121,172.0,6.0,246.1,6F
[867393]	$DSM0B,125442,+51.42191,+22.73342,172.0,11.0,240.5,0F
[867429]	$DSM0C,125442,+51.42370,+22.73846,172.0,11.0,240.5,0F
[868107]	$DSM03,125443,+51.42387,+22.74114,178.0,6.0,251.7,0F
[868143]	$DSM04,125443,+51.42388,+22.74114,172.0,5.0,247.5,6F
[868393]	$DSM0B,125443,+51.42185,+22.73329,172.0,11.0,240.5,0F
[868429]	$DSM0C,125443,+51.42365,+22.73833,170.0,11.0,240.5,0F
[868464]	$DSM0D,125443,+51.42401,+22.73917,170.0,12.0,240.5,0F
[868536]	$DSM0F,125443,+51.42719,+22.67340,132.0,16.0,298.1,0F
[869000]	$DSM00,125444,+51.45472,+22.70612,7792.0,96.0,267.2,0F
[870000]	$DSM00,125445,+51.45467,+22.70473,7792.0,96.0,265.8,0F
[870107]	$DSM03,125445,+51.42384,+22.74099,178.0,5.0,255.9,0F
[870143]	$DSM04,125445,+51.42386,+22.74099,174.0,5.0,260.2,6F
[870393]	$DSM0B,125445,+51.42176,+22.73301,172.0,11.0,240.5,0F
[870429]	$DSM0C,125445,+51.42356,+22.73805,170.0,11.0,240.5,0F
[870464]	$DSM0D,125445,+51.42390,+22.73889,170.0,11.0,239.1,0F
[870536]	$DSM0F,125445,+51.42735,+22.67293,134.0,17.0,293.9,0F
[871000]	$DSM00,125447,+51.45452,+22.70196,7790.0,97.0,264.4,0F
[871107]	$DSM03,125447,+51.42381,+22.74086,178.0,5.0,246.1,0F
[871143]	$DSM04,125447,+51.42383,+22.74086,172.0,5.0,246.1,6F
[871393]	$DSM0B,125447,+51.42166,+22.73275,170.0,11.0,239.1,0F
[871429]	$DSM0C,125447,+51.42346,+22.73778,170.0,11.0,240.5,0F
[871464]	$DSM0D,125447,+51.42380,+22.73861,170.0,11.0,240.5,0F
[871536]	$DSM0F,125447,+51.42748,+22.67246,134.0,18.0,286.9,0F
[872464]	$DSM0D,125448,+51.42375,+22.73846,170.0,11.0,240.5,0F
[872536]	$DSM0F,125448,+51.42751,+22.67220,136.0,18.0,284.1,0F
[873000]	$DSM00,125449,+51.45433,+22.69919,7790.0,97.0,263.0,0F
[873107]	$DSM03,125449,+51.42377,+22.74074,176.0,6.0,234.8,0F
[873143]	$DSM04,125449,+51.42377,+22.74074,172.0,6.0,236.2,6F
[873393]	$DSM0B,125449,+51.42156,+22.73248,170.0,12.0,240.5,0F
[873429]	$DSM0C,125449,+51.42337,+22.73752,170.0,10.0,239.1,0F
[874464]	$DSM0D,125450,+51.42364,+22.73820,170.0,11.0,240.5,0F
[875000]	$DSM00,125451,+51.45412,+22.69640,7790.0,97.0,263.0,0F
[875107]	$DSM03,125451,+51.42370,+22.74058,176.0,7.0,234.8,0F
[875143]	$DSM04,125451,+51.42371,+22.74058,170.0,7.0,233.4,6F
[875393]	$DSM0B,125451,+51.42144,+22.73217,170.0,11.0,239.1,0F
[875429]	$DSM0C,125451,+51.42328,+22.73726,170.0,10.0,240.5,0F
[876393]	$DSM0B,125452,+51.42139,+22.73204,170.0,11.0,239.1,0F
[876429]	$DSM0C,125452,+51.42324,+22.73715,170.0,9.0,239.1,0F
[876464]	$DSM0D,125452,+51.42355,+22.73792,170.0,11.0,240.5,0F
[876536]	$DSM0F,125452,+51.42766,+22.67115,140.0,18.0,285.5,0F
[877000]	$DSM00,125453,+51.45389,+22.69362,7790.0,97.0,263.0,0F
[877107]	$DSM03,125453,+51.42362,+22.74039,178.0,8.0,234.8,0F
[877143]	$DSM04,125453,+51.42362,+22.74041,170.0,8.0,236.2,6F
[878393]	$DSM0B,125454,+51.42129,+22.73177,170.0,12.0,239.1,0F
[878429]	$DSM0C,125454,+51.42315,+22.73692,170.0,9.0,240.5,0F
[878464]	$DSM0D,125454,+51.42345,+22.73764,170.0,11.0,239.1,0F
[878536]	$DSM0F,125454,+51.42776,+22.67066,140.0,18.0,289.7,0F
[879000]	$DSM00,125455,+51.45366,+22.69082,7790.0,97.0,263.0,0F
[879107]	$DSM03,125455,+51.42354,+22.74020,178.0,9.0,236.2,0F
[879143]	$DSM04,125455,+51.42354,+22.74022,170.0,9.0,236.2,6F
[880107]	$DSM03,125456,+51.42349,+22.74009,178.0,9.0,234.8,0F
[880143]	$DSM04,125456,+51.42349,+22.74009,170.0,9.0,234.8,6F
[880393]	$DSM0B,125456,+51.42118,+22.73146,170.0,12.0,239.1,0F
[880429]	$DSM0C,125456,+51.42307,+22.73670,170.0,10.0,239.1,0F
[880464]	$DSM0D,125456,+51.42336,+22.73739,170.0,10.0,240.5,0F
[880536]	$DSM0F,125456,+51.42790,+22.67018,142.0,18.0,298.1,0F
[881000]	$DSM00,125457,+51.45344,+22.68806,7790.0,97.0,263.0,0F
[882107]	$DSM03,125458,+51.42340,+22.73990,178.0,9.0,234.8,0F
[882143]	$DSM04,125458,+51.42340,+22.73990,172.0,9.0,234.8,6F
[882393]	$DSM0B,125458,+51.42107,+22.73116,170.0,12.0,240.5,0F
[882429]	$DSM0C,125458,+51.42296,+22.73642,172.0,11.0,239.1,0F
[882464]	$DSM0D,125458,+51.42326,+22.73713,170.0,11.0,239.1,0F
[882536]	$DSM0F,125458,+51.42811,+22.66978,142.0,17.0,308.0,0F
[883000]	$DSM00,125459,+51.45320,+22.68527,7792.0,97.0,263.0,0F
[883536]	$DSM0F,125459,+51.42820,+22.66960,144.0,17.0,309.4,0F
[884393]	$DSM0B,125500,+51.42097,+22.73089,170.0,12.0,240.5,0F
[884429]	$DSM0C,125500,+51.42286,+22.73614,172.0,12.0,240.5,0F
[884464]	$DSM0D,125500,+51.42316,+22.73685,170.0,11.0,239.1,0F
[885000]	$DSM00,125501,+51.45298,+22.68250,7792.0,97.0,263.0,0F
[885107]	$DSM03,125501,+51.42324,+22.73956,176.0,9.0,239.1,0F
[885143]	$DSM04,125501,+51.42327,+22.73956,174.0,9.0,239.1,6F
[886536]	$DSM0F,125504,+51.42873,+22.66864,146.0,18.0,308.0,0F
[887393]	$DSM0B,125505,+51.42071,+22.73016,168.0,12.0,240.5,0F
[887429]	$DSM0C,125505,+51.42260,+22.73537,172.0,12.0,239.1,0F
[887464]	$DSM0D,125505,+51.42292,+22.73619,172.0,10.0,239.1,0F
[888000]	$DSM00,125506,+51.45240,+22.67555,7790.0,97.0,263.0,0F
[888107]	$DSM03,125506,+51.42301,+22.73896,176.0,10.0,237.7,0F
[888143]	$DSM04,125506,+51.42304,+22.73891,174.0,10.0,239.1,6F
[889536]	$DSM0F,125508,+51.42918,+22.66780,146.0,19.0,309.4,0F
[890000]	$DSM00,125509,+51.45205,+22.67136,7790.0,97.0,263.0,0F
[890107]	$DSM03,125509,+51.42286,+22.73857,176.0,11.0,234.8,0F
[890143]	$DSM04,125509,+51.42286,+22.73852,174.0,10.0,234.8,6F
[890393]	$DSM0B,125509,+51.42048,+22.72956,168.0,12.0,239.1,0F
[890429]	$DSM0C,125509,+51.42236,+22.73479,172.0,12.0,239.1,0F
[890464]	$DSM0D,125509,+51.42272,+22.73567,172.0,10.0,239.1,0F
[891536]	$DSM0F,125510,+51.42940,+22.66737,144.0,19.0,310.8,0F
[892000]	$DSM00,125513,+51.45160,+22.66580,7790.0,97.0,263.0,0F
[892107]	$DSM03,125513,+51.42266,+22.73808,178.0,10.0,237.7,0F
[892143]	$DSM04,125513,+51.42267,+22.73808,172.0,9.0,237.7,6F
[892393]	$DSM0B,125513,+51.42025,+22.72896,166.0,12.0,240.5,0F
[892429]	$DSM0C,125513,+51.42216,+22.73421,172.0,11.0,239.1,0F
[892464]	$DSM0D,125513,+51.42254,+22.73516,172.0,10.0,239.1,0F
[893536]	$DSM0F,125516,+51.43003,+22.66621,144.0,18.0,309.4,0F
[894000]	$DSM00,125519,+51.45091,+22.65746,7790.0,97.0,263.0,0F
[894107]	$DSM03,125519,+51.42239,+22.73739,182.0,9.0,237.7,0F
[894143]	$DSM04,125519,+51.42241,+22.73741,172.0,9.0,239.1,6F
[894393]	$DSM0B,125519,+51.41992,+22.72799,164.0,13.0,239.1,0F
[894429]	$DSM0C,125519,+51.42185,+22.73342,174.0,11.0,240.5,0F
[894464]	$DSM0D,125519,+51.42225,+22.73436,172.0,11.0,240.5,0F
[895536]	$DSM0F,125520,+51.43038,+22.66540,142.0,16.0,306.6,0F
[896393]	$DSM0B,125521,+51.41980,+22.72767,162.0,13.0,239.1,0F
[896429]	$DSM0C,125521,+51.42176,+22.73314,172.0,12.0,239.1,0F
[896464]	$DSM0D,125521,+51.42216,+22.73408,172.0,11.0,239.1,0F
[897000]	$DSM00,125522,+51.45056,+22.65330,7790.0,97.0,263.0,0F
[897107]	$DSM03,125522,+51.42225,+22.73704,180.0,9.0,233.4,0F
[897143]	$DSM04,125522,+51.42227,+22.73711,168.0,9.0,233.4,6F
[898393]	$DSM0B,125523,+51.41968,+22.72735,162.0,13.0,240.5,0F
[898429]	$DSM0C,125523,+51.42164,+22.73284,172.0,12.0,239.1,0F
[898464]	$DSM0D,125523,+51.42205,+22.73380,172.0,12.0,240.5,0F
[898536]	$DSM0F,125523,+51.43064,+22.66488,144.0,14.0,308.0,0F
[899000]	$DSM00,125524,+51.45032,+22.65053,7790.0,98.0,261.6,0F
[899107]	$DSM03,125524,+51.42214,+22.73683,178.0,9.0,234.8,0F
[899143]	$DSM04,125524,+51.42219,+22.73690,168.0,9.0,236.2,6F
[900000]	$DSM00,125528,+51.44964,+22.64497,7790.0,99.0,255.9,0F
[900107]	$DSM03,125528,+51.42196,+22.73638,176.0,9.0,236.2,0F
[900143]	$DSM04,125528,+51.42198,+22.73644,168.0,9.0,233.4,6F
[900393]	$DSM0B,125528,+51.41940,+22.72653,160.0,13.0,240.5,0F
[900429]	$DSM0C,125528,+51.42137,+22.73209,170.0,11.0,239.1,0F
[900464]	$DSM0D,125528,+51.42179,+22.73310,172.0,11.0,239.1,0F
[900536]	$DSM0F,125528,+51.43107,+22.66407,140.0,16.0,309.4,0F
[901393]	$DSM0B,125530,+51.41927,+22.72619,158.0,14.0,241.9,0F
[901429]	$DSM0C,125530,+51.42128,+22.73181,170.0,11.0,239.1,0F
[901464]	$DSM0D,125530,+51.42169,+22.73282,172.0,11.0,239.1,0F
[901536]	$DSM0F,125530,+51.43127,+22.66372,140.0,16.0,310.8,0F
[902000]	$DSM00,125531,+51.44881,+22.64085,7788.0,101.0,248.9,0F
[902107]	$DSM03,125531,+51.42182,+22.73604,176.0,10.0,244.7,0F
[902143]	$DSM04,125531,+51.42185,+22.73608,168.0,10.0,244.7,6F
[903536]	$DSM0F,125532,+51.43147,+22.66338,140.0,16.0,312.2,0F
[904000]	$DSM00,125533,+51.44806,+22.63817,7786.0,103.0,243.3,0F
[904107]	$DSM03,125533,+51.42175,+22.73574,176.0,12.0,247.5,0F
[904143]	$DSM04,125533,+51.42178,+22.73580,170.0,11.0,247.5,6F
[904393]	$DSM0B,125533,+51.41908,+22.72569,156.0,13.0,239.1,0F
[904429]	$DSM0C,125533,+51.42112,+22.73140,170.0,11.0,239.1,0F
[904464]	$DSM0D,125533,+51.42153,+22.73243,172.0,11.0,239.1,0F
[905107]	$DSM03,125535,+51.42166,+22.73542,176.0,13.0,247.5,0F
[905143]	$DSM04,125535,+51.42170,+22.73550,168.0,12.0,250.3,6F
[905393]	$DSM0B,125535,+51.41896,+22.72537,156.0,13.0,236.2,0F
[905429]	$DSM0C,125535,+51.42101,+22.73112,170.0,12.0,240.5,0F
[905464]	$DSM0D,125535,+51.42144,+22.73213,172.0,12.0,239.1,0F
[905536]	$DSM0F,125535,+51.43178,+22.66291,144.0,16.0,313.6,0F
[906000]	$DSM00,125536,+51.44664,+22.63430,7786.0,105.0,236.2,0F
[907000]	$DSM00,125538,+51.44550,+22.63186,7784.0,106.0,230.6,0F
[907107]	$DSM03,125538,+51.42151,+22.73484,178.0,15.0,246.1,0F
[907143]	$DSM04,125538,+51.42156,+22.73494,170.0,15.0,247.5,6F
[907393]	$DSM0B,125538,+51.41871,+22.72492,154.0,14.0,219.4,0F
[907429]	$DSM0C,125538,+51.42084,+22.73067,170.0,13.0,239.1,0F
[907464]	$DSM0D,125538,+51.42128,+22.73170,170.0,12.0,239.1,0F
[907536]	$DSM0F,125538,+51.43204,+22.66242,148.0,15.0,310.8,0F
[908464]	$DSM0D,125539,+51.42122,+22.73155,170.0,12.0,240.5,0F
[908536]	$DSM0F,125539,+51.43213,+22.66226,148.0,14.0,309.4,0F
[909000]	$DSM00,125540,+51.44422,+22.62956,7784.0,107.0,226.4,0F
[909107]	$DSM03,125540,+51.42140,+22.73443,180.0,16.0,244.7,0F
[909143]	$DSM04,125540,+51.42144,+22.73451,172.0,16.0,243.3,6F
[909393]	$DSM0B,125540,+51.41851,+22.72471,154.0,14.0,208.1,0F
[909429]	$DSM0C,125540,+51.42074,+22.73035,170.0,13.0,239.1,0F
[910143]	$DSM04,125541,+51.42137,+22.73430,174.0,16.0,243.3,6F
[911000]	$DSM00,125542,+51.44282,+22.62740,7784.0,108.0,222.2,0F
[911107]	$DSM03,125542,+51.42126,+22.73400,182.0,16.0,243.3,0F
[911393]	$DSM0B,125542,+51.41828,+22.72451,154.0,14.0,208.1,0F
[911429]	$DSM0C,125542,+51.42060,+22.73003,170.0,13.0,240.5,0F
[911464]	$DSM0D,125542,+51.42104,+22.73110,170.0,12.0,240.5,0F
[911536]	$DSM0F,125542,+51.43236,+22.66179,148.0,14.0,308.0,0F
[912000]	$DSM00,125544,+51.44128,+22.62540,7786.0,109.0,218.0,0F
[912107]	$DSM03,125544,+51.42111,+22.73357,182.0,17.0,243.3,0F
[912143]	$DSM04,125544,+51.42116,+22.73363,176.0,17.0,243.3,6F
[912393]	$DSM0B,125544,+51.41808,+22.72432,152.0,13.0,215.2,0F
[912429]	$DSM0C,125544,+51.42050,+22.72971,170.0,13.0,240.5,0F
[912464]	$DSM0D,125544,+51.42094,+22.73078,170.0,12.0,239.1,0F
[912536]	$DSM0F,125544,+51.43252,+22.66147,146.0,14.0,308.0,0F
[913143]	$DSM04,125546,+51.42100,+22.73318,178.0,18.0,244.7,6F
[913393]	$DSM0B,125546,+51.41790,+22.72406,152.0,13.0,232.0,0F
[913429]	$DSM0C,125546,+51.42038,+22.72938,168.0,13.0,240.5,0F
[913464]	$DSM0D,125546,+51.42082,+22.73048,170.0,13.0,239.1,0F
[913536]	$DSM0F,125546,+51.43264,+22.66117,148.0,14.0,306.6,0F
[914000]	$DSM00,125547,+51.43881,+22.62276,7786.0,110.0,210.9,0F
[914107]	$DSM03,125547,+51.42091,+22.73288,184.0,18.0,248.9,0F
[915107]	$DSM03,125548,+51.42085,+22.73262,184.0,18.0,251.7,0F
[915143]	$DSM04,125548,+51.42088,+22.73269,178.0,18.0,253.1,6F
[915393]	$DSM0B,125548,+51.41779,+22.72372,152.0,13.0,247.5,0F
[915429]	$DSM0C,125548,+51.42027,+22.72906,168.0,13.0,237.7,0F
[915464]	$DSM0D,125548,+51.42071,+22.73016,170.0,13.0,239.1,0F
[915536]	$DSM0F,125548,+51.43280,+22.66085,148.0,14.0,308.0,0F
[916000]	$DSM00,125549,+51.43705,+22.62124,7786.0,111.0,206.7,0F
[917393]	$DSM0B,125550,+51.41771,+22.72338,152.0,13.0,248.9,0F
[917429]	$DSM0C,125550,+51.42013,+22.72872,168.0,14.0,239.1,0F
[917464]	$DSM0D,125550,+51.42059,+22.72981,168.0,14.0,239.1,0F
[917536]	$DSM0F,125550,+51.43296,+22.66053,148.0,14.0,310.8,0F
[918000]	$DSM00,125551,+51.43521,+22.61991,7786.0,112.0,202.5,0F
[918107]	$DSM03,125551,+51.42076,+22.73185,186.0,19.0,264.4,0F
[918143]	$DSM04,125551,+51.42077,+22.73185,180.0,20.0,263.0,6F
[919429]	$DSM0C,125553,+51.41993,+22.72816,166.0,15.0,240.5,0F
[920107]	$DSM03,125554,+51.42071,+22.73097,190.0,21.0,264.4,0F
[920143]	$DSM04,125554,+51.42072,+22.73097,180.0,20.0,264.4,6F
[920393]	$DSM0B,125554,+51.41754,+22.72267,152.0,13.0,247.5,0F
[920464]	$DSM0D,125554,+51.42032,+22.72908,168.0,14.0,239.1,0F
[920536]	$DSM0F,125554,+51.43333,+22.65997,148.0,15.0,320.6,0F
[921000]	$DSM00,125555,+51.43134,+22.61789,7784.0,113.0,194.1,0F
[922000]	$DSM00,125556,+51.43032,+22.61752,7784.0,113.0,192.7,0F
[922107]	$DSM03,125556,+51.42067,+22.73037,192.0,21.0,264.4,0F
[922143]	$DSM04,125556,+51.42066,+22.73035,182.0,21.0,264.4,6F
[922393]	$DSM0B,125556,+51.41745,+22.72232,152.0,13.0,253.1,0F
[922429]	$DSM0C,125556,+51.41974,+22.72762,164.0,14.0,240.5,0F
[922464]	$DSM0D,125556,+51.42019,+22.72874,166.0,14.0,239.1,0F
[922536]	$DSM0F,125556,+51.43356,+22.65971,148.0,15.0,323.4,0F
[923536]	$DSM0F,125557,+51.43368,+22.65958,148.0,15.0,324.8,0F
[924000]	$DSM00,125558,+51.42831,+22.61699,7784.0,114.0,188.4,0F
[924107]	$DSM03,125558,+51.42060,+22.72977,194.0,21.0,254.5,0F
[924143]	$DSM04,125558,+51.42060,+22.72975,184.0,20.0,255.9,6F
[924393]	$DSM0B,125558,+51.41744,+22.72196,150.0,13.0,279.8,0F
[924429]	$DSM0C,125558,+51.41961,+22.72728,164.0,15.0,237.7,0F
[924464]	$DSM0D,125558,+51.42005,+22.72838,166.0,14.0,240.5,0F
[925000]	$DSM00,125559,+51.42728,+22.61680,7784.0,114.0,185.6,0F
[925393]	$DSM0B,125559,+51.41748,+22.72179,150.0,13.0,288.3,0F
[925429]	$DSM0C,125559,+51.41955,+22.72709,164.0,15.0,239.1,0F
[925464]	$DSM0D,125559,+51.41999,+22.72818,166.0,14.0,240.5,0F
[925536]	$DSM0F,125559,+51.43392,+22.65932,148.0,15.0,322.0,0F
[926107]	$DSM03,125600,+51.42044,+22.72926,196.0,20.0,237.7,0F
[926143]	$DSM04,125600,+51.42044,+22.72921,186.0,20.0,239.1,6F
[927107]	$DSM03,125602,+51.42023,+22.72878,200.0,20.0,232.0,0F
[927143]	$DSM04,125602,+51.42022,+22.72874,188.0,20.0,233.4,6F
[927393]	$DSM0B,125602,+51.41761,+22.72125,150.0,13.0,292.5,0F
[927429]	$DSM0C,125602,+51.41933,+22.72653,162.0,15.0,239.1,0F
[927464]	$DSM0D,125602,+51.41980,+22.72765,164.0,14.0,240.5,0F
[927536]	$DSM0F,125602,+51.43424,+22.65892,146.0,15.0,323.4,0F
[928000]	$DSM00,125603,+51.42314,+22.61662,7784.0,115.0,178.6,0F
[929393]	$DSM0B,125604,+51.41770,+22.72091,150.0,13.0,291.1,0F
[929429]	$DSM0C,125604,+51.41919,+22.72614,162.0,16.0,239.1,0F
[929464]	$DSM0D,125604,+51.41966,+22.72730,162.0,14.0,240.5,0F
[929536]	$DSM0F,125604,+51.43446,+22.65866,144.0,14.0,324.8,0F
[930000]	$DSM00,125605,+51.42108,+22.61688,7784.0,115.0,174.4,0F
[930107]	$DSM03,125605,+51.41997,+22.72801,200.0,20.0,254.5,0F
[930143]	$DSM04,125605,+51.41996,+22.72797,188.0,21.0,248.9,6F
[931536]	$DSM0F,125607,+51.43474,+22.65832,144.0,12.0,322.0,0F
[932000]	$DSM00,125608,+51.41800,+22.61770,7786.0,115.0,168.7,0F
[932107]	$DSM03,125608,+51.41988,+22.72713,198.0,21.0,260.2,0F
[932143]	$DSM04,125608,+51.41984,+22.72711,186.0,20.0,261.6,6F
[932393]	$DSM0B,125608,+51.41787,+22.72026,150.0,12.0,292.5,0F
[932429]	$DSM0C,125608,+51.41889,+22.72533,158.0,16.0,234.8,0F
[932464]	$DSM0D,125608,+51.41940,+22.72657,160.0,15.0,241.9,0F
[933107]	$DSM03,125610,+51.41980,+22.72657,196.0,19.0,251.7,0F
[933143]	$DSM04,125610,+51.41977,+22.72653,184.0,20.0,253.1,6F
[933393]	$DSM0B,125610,+51.41796,+22.71994,150.0,12.0,291.1,0F
[933429]	$DSM0C,125610,+51.41870,+22.72501,156.0,16.0,222.2,0F
[933464]	$DSM0D,125610,+51.41928,+22.72621,160.0,15.0,240.5,0F
[933536]	$DSM0F,125610,+51.43500,+22.65802,146.0,12.0,323.4,0F
[934000]	$DSM00,125611,+51.41500,+22.61903,7786.0,114.0,161.7,0F
[935393]	$DSM0B,125612,+51.41804,+22.71960,150.0,12.0,291.1,0F
[935429]	$DSM0C,125612,+51.41845,+22.72477,156.0,16.0,210.9,0F
[935464]	$DSM0D,125612,+51.41914,+22.72584,160.0,14.0,237.7,0F
[935536]	$DSM0F,125612,+51.43516,+22.65784,146.0,11.0,324.8,0F
[936000]	$DSM00,125613,+51.41305,+22.62016,7786.0,114.0,158.9,0F
[936107]	$DSM03,125613,+51.41958,+22.72591,198.0,16.0,234.8,0F
[936143]	$DSM04,125613,+51.41959,+22.72586,186.0,17.0,237.7,6F
[937107]	$DSM03,125614,+51.41949,+22.72574,200.0,16.0,226.4,0F
[937143]	$DSM04,125614,+51.41950,+22.72569,186.0,16.0,227.8,6F
[937393]	$DSM0B,125614,+51.41813,+22.71928,150.0,12.0,292.5,0F
[937429]	$DSM0C,125614,+51.41820,+22.72454,156.0,16.0,209.5,0F
[937464]	$DSM0D,125614,+51.41900,+22.72550,158.0,14.0,237.7,0F
[937536]	$DSM0F,125614,+51.43532,+22.65767,148.0,9.0,323.4,0F
[938000]	$DSM00,125615,+51.41118,+22.62154,7786.0,114.0,154.7,0F
[938536]	$DSM0F,125615,+51.43538,+22.65759,148.0,9.0,317.8,0F
[939393]	$DSM0B,125616,+51.41820,+22.71894,150.0,12.0,292.5,0F
[939429]	$DSM0C,125616,+51.41796,+22.72428,156.0,16.0,222.2,0F
[939464]	$DSM0D,125616,+51.41884,+22.72518,158.0,14.0,227.8,0F
[940000]	$DSM00,125617,+51.40936,+22.62310,7786.0,113.0,150.5,0F
[940107]	$DSM03,125617,+51.41909,+22.72537,200.0,18.0,202.5,0F
[940143]	$DSM04,125617,+51.41909,+22.72531,186.0,18.0,201.1,6F
[941536]	$DSM0F,125618,+51.43556,+22.65744,146.0,7.0,347.3,0F
[942000]	$DSM00,125619,+51.40761,+22.62484,7788.0,113.0,146.2,0F
[942107]	$DSM03,125619,+51.41876,+22.72520,200.0,20.0,194.1,0F
[942143]	$DSM04,125619,+51.41875,+22.72518,186.0,20.0,194.1,6F
[942393]	$DSM0B,125619,+51.41833,+22.71844,148.0,12.0,291.1,0F
[942429]	$DSM0C,125619,+51.41773,+22.72372,158.0,15.0,248.9,0F
[942464]	$DSM0D,125619,+51.41855,+22.72479,156.0,14.0,210.9,0F
[943536]	$DSM0F,125621,+51.43572,+22.65756,148.0,7.0,47.8,0F
[944000]	$DSM00,125622,+51.40518,+22.62778,7788.0,112.0,140.6,0F
[944107]	$DSM03,125622,+51.41823,+22.72494,202.0,20.0,201.1,0F
[944143]	$DSM04,125622,+51.41823,+22.72496,188.0,19.0,196.9,6F
[944393]	$DSM0B,125622,+51.41848,+22.71795,146.0,12.0,292.5,0F
[944429]	$DSM0C,125622,+51.41758,+22.72310,156.0,15.0,248.9,0F
[944464]	$DSM0D,125622,+51.41823,+22.72451,156.0,13.0,208.1,0F
[945429]	$DSM0C,125624,+51.41748,+22.72269,156.0,15.0,247.5,0F
[946000]	$DSM00,125625,+51.40296,+22.63109,7788.0,111.0,135.0,0F
[946107]	$DSM03,125625,+51.41779,+22.72456,204.0,18.0,220.8,0F
[946143]	$DSM04,125625,+51.41779,+22.72464,188.0,16.0,212.3,6F
[946393]	$DSM0B,125625,+51.41858,+22.71748,146.0,12.0,288.3,0F
[946464]	$DSM0D,125625,+51.41796,+22.72419,156.0,12.0,229.2,0F
[946536]	$DSM0F,125625,+51.43591,+22.65793,152.0,9.0,40.8,0F
[947393]	$DSM0B,125627,+51.41865,+22.71715,144.0,11.0,291.1,0F
[947429]	$DSM0C,125627,+51.41739,+22.72209,158.0,14.0,271.4,0F
[947464]	$DSM0D,125627,+51.41784,+22.72389,156.0,13.0,243.3,0F
[947536]	$DSM0F,125627,+51.43607,+22.65802,152.0,9.0,358.6,0F
[948000]	$DSM00,125628,+51.40099,+22.63467,7788.0,110.0,129.4,0F
[948107]	$DSM03,125628,+51.41750,+22.72398,206.0,16.0,237.7,0F
[948143]	$DSM04,125628,+51.41754,+22.72415,194.0,15.0,236.2,6F
[949107]	$DSM03,125630,+51.41736,+22.72359,204.0,15.0,240.5,0F
[949143]	$DSM04,125630,+51.41741,+22.72374,196.0,16.0,240.5,6F
[949393]	$DSM0B,125630,+51.41877,+22.71670,144.0,12.0,292.5,0F
[949429]	$DSM0C,125630,+51.41752,+22.72147,156.0,15.0,292.5,0F
[949464]	$DSM0D,125630,+51.41770,+22.72333,154.0,13.0,250.3,0F
[949536]	$DSM0F,125630,+51.43630,+22.65787,152.0,9.0,329.1,0F
[950000]	$DSM00,125631,+51.39927,+22.63851,7790.0,108.0,122.3,0F
[951107]	$DSM03,125632,+51.41724,+22.72320,204.0,14.0,247.5,0F
[951143]	$DSM04,125632,+51.41728,+22.72333,196.0,15.0,244.7,6F
[951393]	$DSM0B,125632,+51.41886,+22.71638,144.0,12.0,292.5,0F
[951429]	$DSM0C,125632,+51.41763,+22.72108,156.0,14.0,291.1,0F
[951464]	$DSM0D,125632,+51.41761,+22.72299,154.0,13.0,248.9,0F
[951536]	$DSM0F,125632,+51.43645,+22.65774,152.0,9.0,330.5,0F
[952000]	$DSM00,125633,+51.39828,+22.64119,7790.0,107.0,119.5,0F
[953000]	$DSM00,125635,+51.39742,+22.64396,7790.0,106.0,115.3,0F
[953107]	$DSM03,125635,+51.41716,+22.72273,202.0,10.0,261.6,0F
[953143]	$DSM04,125635,+51.41717,+22.72278,202.0,12.0,254.5,6F
[953393]	$DSM0B,125635,+51.41898,+22.71591,144.0,12.0,293.9,0F
[953429]	$DSM0C,125635,+51.41779,+22.72048,152.0,15.0,291.1,0F
[953464]	$DSM0D,125635,+51.41750,+22.72250,154.0,12.0,248.9,0F
[953536]	$DSM0F,125635,+51.43664,+22.65754,152.0,8.0,331.9,0F
[954000]	$DSM00,125637,+51.39668,+22.64677,7790.0,105.0,111.1,0F
[954107]	$DSM03,125637,+51.41716,+22.72245,200.0,9.0,274.2,0F
[954143]	$DSM04,125637,+51.41716,+22.72248,202.0,10.0,275.6,6F
[954393]	$DSM0B,125637,+51.41906,+22.71559,144.0,11.0,291.1,0F
[954429]	$DSM0C,125637,+51.41788,+22.72007,150.0,15.0,292.5,0F
[954464]	$DSM0D,125637,+51.41745,+22.72215,152.0,13.0,274.2,0F
[954536]	$DSM0F,125637,+51.43674,+22.65746,150.0,5.0,326.2,0F
[955107]	$DSM03,125639,+51.41720,+22.72222,196.0,9.0,284.1,0F
[955143]	$DSM04,125639,+51.41723,+22.72222,202.0,9.0,292.5,6F
[955393]	$DSM0B,125639,+51.41914,+22.71529,144.0,11.0,292.5,0F
[955429]	$DSM0C,125639,+51.41799,+22.71966,150.0,15.0,292.5,0F
[955464]	$DSM0D,125639,+51.41752,+22.72177,152.0,14.0,291.1,0F
[955536]	$DSM0F,125639,+51.43680,+22.65735,150.0,5.0,291.1,0F
[956000]	$DSM00,125640,+51.39581,+22.65106,7790.0,103.0,105.5,0F
[957000]	$DSM00,125641,+51.39558,+22.65250,7788.0,103.0,104.1,0F
[957107]	$DSM03,125641,+51.41725,+22.72196,196.0,11.0,289.7,0F
[957143]	$DSM04,125641,+51.41730,+22.72196,200.0,10.0,291.1,6F
[957393]	$DSM0B,125641,+51.41921,+22.71499,142.0,11.0,291.1,0F
[957429]	$DSM0C,125641,+51.41810,+22.71926,148.0,14.0,293.9,0F
[957464]	$DSM0D,125641,+51.41760,+22.72140,152.0,13.0,291.1,0F
[957536]	$DSM0F,125641,+51.43676,+22.65720,150.0,6.0,240.5,0F
[958000]	$DSM00,125643,+51.39521,+22.65540,7788.0,102.0,99.8,0F
[958107]	$DSM03,125643,+51.41735,+22.72166,194.0,12.0,296.7,0F
[958143]	$DSM04,125643,+51.41739,+22.72168,196.0,11.0,296.7,6F
[958393]	$DSM0B,125643,+51.41928,+22.71466,144.0,12.0,292.5,0F
[958429]	$DSM0C,125643,+51.41820,+22.71889,148.0,14.0,292.5,0F
[958464]	$DSM0D,125643,+51.41770,+22.72104,152.0,14.0,292.5,0F
[958536]	$DSM0F,125643,+51.43669,+22.65703,148.0,8.0,236.2,0F
[959429]	$DSM0C,125644,+51.41826,+22.71870,148.0,14.0,292.5,0F
[959464]	$DSM0D,125644,+51.41774,+22.72084,152.0,14.0,292.5,0F
[959536]	$DSM0F,125644,+51.43664,+22.65692,146.0,9.0,233.4,0F
[960000]	$DSM00,125645,+51.39496,+22.65830,7788.0,101.0,97.0,0F
[960107]	$DSM03,125645,+51.41746,+22.72134,192.0,13.0,302.3,0F
[960143]	$DSM04,125645,+51.41750,+22.72138,194.0,12.0,303.7,6F
[960393]	$DSM0B,125645,+51.41937,+22.71436,144.0,12.0,292.5,0F
[961393]	$DSM0B,125646,+51.41942,+22.71421,144.0,11.0,292.5,0F
[961429]	$DSM0C,125646,+51.41836,+22.71836,150.0,13.0,295.3,0F
[961464]	$DSM0D,125646,+51.41784,+22.72046,152.0,14.0,291.1,0F
[961536]	$DSM0F,125646,+51.43653,+22.65668,144.0,11.0,234.8,0F
[962000]	$DSM00,125647,+51.39484,+22.66117,7788.0,100.0,92.8,0F
[962107]	$DSM03,125647,+51.41760,+22.72106,192.0,12.0,303.7,0F
[962143]	$DSM04,125647,+51.41763,+22.72108,192.0,13.0,303.7,6F
[963000]	$DSM00,125648,+51.39484,+22.66261,7788.0,99.0,91.4,0F
[963107]	$DSM03,125648,+51.41766,+22.72091,192.0,12.0,303.7,0F
[963143]	$DSM04,125648,+51.41768,+22.72091,192.0,13.0,302.3,6F
[963393]	$DSM0B,125648,+51.41949,+22.71391,144.0,11.0,292.5,0F
[963429]	$DSM0C,125648,+51.41846,+22.71801,150.0,13.0,296.7,0F
[963464]	$DSM0D,125648,+51.41794,+22.72007,152.0,15.0,291.1,0F
[963536]	$DSM0F,125648,+51.43642,+22.65641,142.0,11.0,239.1,0F
[964536]	$DSM0F,125649,+51.43636,+22.65628,144.0,12.0,236.2,0F
[965107]	$DSM03,125650,+51.41777,+22.72061,194.0,12.0,298.1,0F
[965143]	$DSM04,125650,+51.41780,+22.72063,192.0,12.0,299.5,6F
[965393]	$DSM0B,125650,+51.41956,+22.71364,144.0,11.0,293.9,0F
[965429]	$DSM0C,125650,+51.41855,+22.71765,150.0,14.0,292.5,0F
[965464]	$DSM0D,125650,+51.41804,+22.71968,152.0,15.0,291.1,0F
[966000]	$DSM00,125651,+51.39493,+22.66686,7788.0,98.0,85.8,0F
[967107]	$DSM03,125652,+51.41787,+22.72029,194.0,14.0,289.7,0F
[967143]	$DSM04,125652,+51.41789,+22.72033,196.0,12.0,293.9,6F
[967393]	$DSM0B,125652,+51.41964,+22.71334,144.0,11.0,291.1,0F
[967429]	$DSM0C,125652,+51.41864,+22.71728,152.0,14.0,293.9,0F
[967464]	$DSM0D,125652,+51.41814,+22.71926,152.0,16.0,292.5,0F
[967536]	$DSM0F,125652,+51.43614,+22.65578,144.0,14.0,234.8,0F
[968000]	$DSM00,125653,+51.39509,+22.66967,7788.0,98.0,84.4,0F
[969000]	$DSM00,125654,+51.39518,+22.67106,7788.0,97.0,84.4,0F
[969107]	$DSM03,125654,+51.41795,+22.71984,194.0,18.0,282.7,0F
[969143]	$DSM04,125654,+51.41797,+22.71990,196.0,17.0,284.1,6F
[969393]	$DSM0B,125654,+51.41972,+22.71303,144.0,11.0,292.5,0F
[969429]	$DSM0C,125654,+51.41873,+22.71696,152.0,12.0,296.7,0F
[969464]	$DSM0D,125654,+51.41824,+22.71883,152.0,16.0,292.5,0F
[969536]	$DSM0F,125654,+51.43600,+22.65546,144.0,14.0,233.4,0F
[970107]	$DSM03,125656,+51.41801,+22.71926,192.0,22.0,277.0,0F
[970393]	$DSM0B,125656,+51.41980,+22.71276,144.0,11.0,292.5,0F
[970429]	$DSM0C,125656,+51.41881,+22.71662,152.0,13.0,295.3,0F
[970464]	$DSM0D,125656,+51.41836,+22.71840,152.0,16.0,293.9,0F
[970536]	$DSM0F,125656,+51.43582,+22.65512,146.0,14.0,233.4,0F
[971000]	$DSM00,125657,+51.39549,+22.67525,7788.0,97.0,83.0,0F
[971143]	$DSM04,125657,+51.41807,+22.71902,196.0,23.0,274.2,6F
[972000]	$DSM00,125659,+51.39571,+22.67804,7788.0,97.0,83.0,0F
[972107]	$DSM03,125659,+51.41808,+22.71823,194.0,25.0,275.6,0F
[972143]	$DSM04,125659,+51.41808,+22.71829,198.0,25.0,272.8,6F
[972393]	$DSM0B,125659,+51.41990,+22.71230,144.0,11.0,292.5,0F
[972429]	$DSM0C,125659,+51.41896,+22.71608,148.0,13.0,295.3,0F
[972464]	$DSM0D,125659,+51.41852,+22.71778,152.0,15.0,286.9,0F
[972536]	$DSM0F,125659,+51.43557,+22.65465,146.0,13.0,222.2,0F
[973393]	$DSM0B,125701,+51.41997,+22.71202,144.0,11.0,291.1,0F
[973429]	$DSM0C,125701,+51.41906,+22.71572,148.0,13.0,292.5,0F
[973464]	$DSM0D,125701,+51.41861,+22.71735,152.0,15.0,289.7,0F
[973536]	$DSM0F,125701,+51.43535,+22.65443,146.0,14.0,206.7,0F
[974000]	$DSM00,125702,+51.39602,+22.68222,7788.0,98.0,83.0,0F
[974107]	$DSM03,125702,+51.41815,+22.71709,196.0,26.0,275.6,0F
[974143]	$DSM04,125702,+51.41814,+22.71713,194.0,27.0,275.6,6F
[975107]	$DSM03,125704,+51.41820,+22.71636,196.0,25.0,278.4,0F
[975143]	$DSM04,125704,+51.41818,+22.71638,194.0,26.0,277.0,6F
[975393]	$DSM0B,125704,+51.42008,+22.71158,144.0,11.0,291.1,0F
[975429]	$DSM0C,125704,+51.41918,+22.71516,150.0,13.0,291.1,0F
[975464]	$DSM0D,125704,+51.41876,+22.71672,152.0,15.0,292.5,0F
[975536]	$DSM0F,125704,+51.43495,+22.65420,146.0,16.0,201.1,0F
[976000]	$DSM00,125705,+51.39633,+22.68640,7788.0,98.0,84.4,0F
[977536]	$DSM0F,125706,+51.43466,+22.65405,146.0,17.0,198.3,0F
[978000]	$DSM00,125707,+51.39652,+22.68920,7788.0,98.0,84.4,0F
[978107]	$DSM03,125707,+51.41829,+22.71531,194.0,24.0,279.8,0F
[978143]	$DSM04,125707,+51.41828,+22.71531,192.0,24.0,279.8,6F
[978393]	$DSM0B,125707,+51.42019,+22.71112,144.0,11.0,289.7,0F
[978429]	$DSM0C,125707,+51.41931,+22.71462,152.0,13.0,292.5,0F
[978464]	$DSM0D,125707,+51.41892,+22.71614,152.0,15.0,291.1,0F
[979107]	$DSM03,125708,+51.41833,+22.71496,194.0,23.0,279.8,0F
[979143]	$DSM04,125708,+51.41833,+22.71496,192.0,23.0,281.2,6F
[979393]	$DSM0B,125708,+51.42023,+22.71097,144.0,12.0,291.1,0F
[979429]	$DSM0C,125708,+51.41934,+22.71445,154.0,12.0,293.9,0F
[979464]	$DSM0D,125708,+51.41896,+22.71593,154.0,15.0,292.5,0F
[979536]	$DSM0F,125708,+51.43438,+22.65390,142.0,16.0,198.3,0F
[980000]	$DSM00,125709,+51.39673,+22.69200,7788.0,98.0,83.0,0F
[981000]	$DSM00,125711,+51.39700,+22.69477,7788.0,97.0,81.6,0F
[981107]	$DSM03,125711,+51.41846,+22.71404,190.0,21.0,284.1,0F
[981143]	$DSM04,125711,+51.41852,+22.71404,192.0,22.0,291.1,6F
[981393]	$DSM0B,125711,+51.42034,+22.71050,144.0,11.0,291.1,0F
[981429]	$DSM0C,125711,+51.41944,+22.71398,164.0,12.0,291.1,0F
[981464]	$DSM0D,125711,+51.41912,+22.71535,154.0,14.0,292.5,0F
[981536]	$DSM0F,125711,+51.43397,+22.65364,142.0,16.0,209.5,0F
[982107]	$DSM03,125713,+51.41856,+22.71348,190.0,20.0,286.9,0F
[982143]	$DSM04,125713,+51.41868,+22.71346,194.0,21.0,295.3,6F
[982393]	$DSM0B,125713,+51.42041,+22.71020,144.0,11.0,285.5,0F
[982429]	$DSM0C,125713,+51.41950,+22.71364,172.0,13.0,289.7,0F
[982464]	$DSM0D,125713,+51.41921,+22.71496,154.0,14.0,292.5,0F
[982536]	$DSM0F,125713,+51.43373,+22.65334,140.0,17.0,223.6,0F
[983000]	$DSM00,125714,+51.39751,+22.69885,7786.0,96.0,77.3,0F
[984393]	$DSM0B,125715,+51.42044,+22.70988,146.0,11.0,279.8,0F
[984429]	$DSM0C,125715,+51.41958,+22.71325,172.0,13.0,292.5,0F
[984464]	$DSM0D,125715,+51.41931,+22.71458,152.0,14.0,291.1,0F
[984536]	$DSM0F,125715,+51.43352,+22.65295,138.0,17.0,232.0,0F
[985000]	$DSM00,125716,+51.39795,+22.70153,7784.0,95.0,74.5,0F
[985107]	$DSM03,125716,+51.41873,+22.71276,186.0,17.0,291.1,0F
[985143]	$DSM04,125716,+51.41884,+22.71271,190.0,18.0,291.1,6F
[986536]	$DSM0F,125717,+51.43333,+22.65254,140.0,18.0,233.4,0F
[987000]	$DSM00,125718,+51.39848,+22.70413,7784.0,95.0,70.3,0F
[987107]	$DSM03,125718,+51.41884,+22.71232,186.0,15.0,292.5,0F
[987143]	$DSM04,125718,+51.41892,+22.71228,188.0,15.0,293.9,6F
[987393]	$DSM0B,125718,+51.42048,+22.70943,146.0,11.0,271.4,0F
[987429]	$DSM0C,125718,+51.41971,+22.71273,172.0,13.0,296.7,0F
[987464]	$DSM0D,125718,+51.41946,+22.71402,152.0,14.0,292.5,0F
[988393]	$DSM0B,125719,+51.42048,+22.70928,146.0,11.0,270.0,0F
[988429]	$DSM0C,125719,+51.41976,+22.71256,170.0,12.0,298.1,0F
[988464]	$DSM0D,125719,+51.41950,+22.71383,152.0,14.0,292.5,0F
[988536]	$DSM0F,125719,+51.43314,+22.65214,142.0,18.0,233.4,0F
[989000]	$DSM00,125720,+51.39908,+22.70666,7782.0,94.0,67.5,0F
[989107]	$DSM03,125720,+51.41895,+22.71198,184.0,12.0,295.3,0F
[989143]	$DSM04,125720,+51.41901,+22.71192,184.0,13.0,295.3,6F
[990000]	$DSM00,125721,+51.39942,+22.70790,7782.0,93.0,66.1,0F
[990107]	$DSM03,125721,+51.41899,+22.71183,184.0,11.0,298.1,0F
[990143]	$DSM04,125721,+51.41905,+22.71177,182.0,12.0,295.3,6F
[990393]	$DSM0B,125721,+51.42048,+22.70894,146.0,12.0,268.6,0F
[990429]	$DSM0C,125721,+51.41987,+22.71222,168.0,12.0,296.7,0F
[990464]	$DSM0D,125721,+51.41960,+22.71346,152.0,14.0,291.1,0F
[990536]	$DSM0F,125721,+51.43295,+22.65171,144.0,18.0,236.2,0F
[991000]	$DSM00,125723,+51.40012,+22.71033,7782.0,93.0,63.3,0F
[991107]	$DSM03,125723,+51.41908,+22.71160,180.0,9.0,303.7,0F
[991143]	$DSM04,125723,+51.41912,+22.71151,178.0,9.0,300.9,6F
[991393]	$DSM0B,125723,+51.42048,+22.70859,146.0,12.0,268.6,0F
[991429]	$DSM0C,125723,+51.41996,+22.71190,166.0,12.0,292.5,0F
[991464]	$DSM0D,125723,+51.41969,+22.71308,152.0,14.0,292.5,0F
[991536]	$DSM0F,125723,+51.43279,+22.65126,146.0,18.0,243.3,0F
[992000]	$DSM00,125725,+51.40092,+22.71267,7784.0,92.0,60.5,0F
[992107]	$DSM03,125725,+51.41917,+22.71140,178.0,8.0,310.8,0F
[992143]	$DSM04,125725,+51.41921,+22.71132,174.0,8.0,313.6,6F
[992393]	$DSM0B,125725,+51.42048,+22.70827,146.0,11.0,271.4,0F
[992429]	$DSM0C,125725,+51.42006,+22.71153,162.0,13.0,292.5,0F
[992464]	$DSM0D,125725,+51.41980,+22.71271,152.0,13.0,292.5,0F
[992536]	$DSM0F,125725,+51.43268,+22.65081,148.0,17.0,251.7,0F
[993536]	$DSM0F,125726,+51.43262,+22.65057,148.0,16.0,255.9,0F
[994000]	$DSM00,125727,+51.40176,+22.71490,7784.0,91.0,57.7,0F
[994107]	$DSM03,125727,+51.41928,+22.71128,178.0,7.0,334.7,0F
[994143]	$DSM04,125727,+51.41931,+22.71121,172.0,6.0,329.1,6F
[994393]	$DSM0B,125727,+51.42048,+22.70795,146.0,11.0,271.4,0F
[994429]	$DSM0C,125727,+51.42016,+22.71119,160.0,13.0,291.1,0F
[994464]	$DSM0D,125727,+51.41989,+22.71235,152.0,14.0,291.1,0F
[995143]	$DSM04,125730,+51.41949,+22.71121,168.0,9.0,14.1,6F
[995393]	$DSM0B,125730,+51.42048,+22.70746,146.0,12.0,270.0,0F
[995429]	$DSM0C,125730,+51.42028,+22.71065,158.0,13.0,293.9,0F
[995464]	$DSM0D,125730,+51.42003,+22.71175,152.0,14.0,292.5,0F
[995536]	$DSM0F,125730,+51.43260,+22.64965,148.0,16.0,272.8,0F
[996000]	$DSM00,125731,+51.40367,+22.71913,7784.0,89.0,52.0,0F
[996107]	$DSM03,125731,+51.41960,+22.71132,180.0,12.0,9.8,0F
[997000]	$DSM00,125733,+51.40470,+22.72108,7784.0,89.0,49.2,0F
[997107]	$DSM03,125733,+51.41984,+22.71136,180.0,13.0,0.0,0F
[997143]	$DSM04,125733,+51.41972,+22.71134,160.0,10.0,9.8,6F
[997393]	$DSM0B,125733,+51.42048,+22.70696,146.0,11.0,270.0,0F
[997429]	$DSM0C,125733,+51.42040,+22.71014,156.0,13.0,285.5,0F
[997464]	$DSM0D,125733,+51.42018,+22.71117,154.0,14.0,291.1,0F
[997536]	$DSM0F,125733,+51.43269,+22.64896,148.0,16.0,279.8,0F
[998000]	$DSM00,125735,+51.40579,+22.72295,7784.0,88.0,46.4,0F
[998107]	$DSM03,125735,+51.42010,+22.71130,182.0,15.0,340.3,0F
[998143]	$DSM04,125735,+51.41992,+22.71134,158.0,11.0,338.9,6F
[998393]	$DSM0B,125735,+51.42048,+22.70664,146.0,11.0,270.0,0F
[998429]	$DSM0C,125735,+51.42043,+22.70977,156.0,13.0,277.0,0F
[998464]	$DSM0D,125735,+51.42027,+22.71080,154.0,14.0,291.1,0F
[998536]	$DSM0F,125735,+51.43274,+22.64849,146.0,16.0,277.0,0F
[999000]	$DSM00,125737,+51.40693,+22.72468,7784.0,87.0,42.2,0F
[999107]	$DSM03,125737,+51.42032,+22.71106,184.0,15.0,312.2,0F
[999143]	$DSM04,125737,+51.42018,+22.71110,162.0,15.0,316.4,6F
[999393]	$DSM0B,125737,+51.42048,+22.70632,146.0,11.0,271.4,0F
[999429]	$DSM0C,125737,+51.42044,+22.70941,156.0,13.0,272.8,0F
[999464]	$DSM0D,125737,+51.42035,+22.71042,154.0,13.0,286.9,0F
[999536]	$DSM0F,125737,+51.43277,+22.64802,146.0,16.0,275.6,0F
[1000536]	$DSM0F,125738,+51.43280,+22.64780,146.0,16.0,277.0,0F
[1001000]	$DSM00,125739,+51.40812,+22.72634,7784.0,87.0,39.4,0F
[1001107]	$DSM03,125739,+51.42047,+22.71070,184.0,15.0,296.7,0F
[1001143]	$DSM04,125739,+51.42035,+22.71076,162.0,15.0,299.5,6F
[1001393]	$DSM0B,125739,+51.42048,+22.70600,146.0,11.0,270.0,0F
[1001429]	$DSM0C,125739,+51.42044,+22.70904,154.0,13.0,271.4,0F
[1001464]	$DSM0D,125739,+51.42041,+22.71005,154.0,13.0,281.2,0F
[1002000]	$DSM00,125741,+51.40936,+22.72786,7784.0,86.0,36.6,0F
[1002107]	$DSM03,125741,+51.42056,+22.71031,182.0,14.0,285.5,0F
[1002143]	$DSM04,125741,+51.42048,+22.71035,166.0,15.0,286.9,6F
[1002393]	$DSM0B,125741,+51.42047,+22.70567,146.0,11.0,270.0,0F
[1002429]	$DSM0C,125741,+51.42044,+22.70868,154.0,13.0,271.4,0F
[1002464]	$DSM0D,125741,+51.42044,+22.70966,154.0,12.0,275.6,0F
[1002536]	$DSM0F,125741,+51.43286,+22.64710,146.0,16.0,278.4,0F
[1003393]	$DSM0B,125743,+51.42047,+22.70535,146.0,11.0,270.0,0F
[1003429]	$DSM0C,125743,+51.42044,+22.70831,152.0,12.0,271.4,0F
[1003464]	$DSM0D,125743,+51.42046,+22.70932,154.0,12.0,271.4,0F
[1003536]	$DSM0F,125743,+51.43290,+22.64662,146.0,16.0,279.8,0F
[1004000]	$DSM00,125744,+51.41128,+22.72992,7784.0,85.0,32.3,0F
[1004107]	$DSM03,125744,+51.42060,+22.70975,180.0,12.0,274.2,0F
[1004143]	$DSM04,125744,+51.42059,+22.70971,172.0,14.0,282.7,6F
[1005036]	$DSM01,125746,+51.46224,+22.60802,196.0,0.0,0.0,0F
[1005107]	$DSM03,125746,+51.42060,+22.70941,180.0,11.0,271.4,0F
[1005143]	$DSM04,125746,+51.42064,+22.70932,174.0,14.0,282.7,6F
[1005393]	$DSM0B,125746,+51.42047,+22.70486,146.0,11.0,270.0,0F
[1005429]	$DSM0C,125746,+51.42044,+22.70776,154.0,13.0,270.0,0F
[1005464]	$DSM0D,125746,+51.42046,+22.70881,154.0,11.0,271.4,0F
[1005536]	$DSM0F,125746,+51.43298,+22.64594,146.0,16.0,278.4,0F
[1006000]	$DSM00,125747,+51.41329,+22.73170,7784.0,85.0,26.7,0F
[1007000]	$DSM00,125748,+51.41398,+22.73224,7786.0,84.0,25.3,0F
[1007107]	$DSM03,125748,+51.42059,+22.70911,178.0,10.0,265.8,0F
[1007143]	$DSM04,125748,+51.42065,+22.70904,178.0,11.0,275.6,6F
[1007393]	$DSM0B,125748,+51.42047,+22.70454,146.0,11.0,271.4,0F
[1007429]	$DSM0C,125748,+51.42044,+22.70739,154.0,13.0,271.4,0F
[1007464]	$DSM0D,125748,+51.42047,+22.70846,152.0,13.0,270.0,0F
[1007536]	$DSM0F,125748,+51.43302,+22.64548,148.0,16.0,277.0,0F
[1008000]	$DSM00,125750,+51.41536,+22.73318,7786.0,84.0,22.5,0F
[1008036]	$DSM01,125750,+51.46224,+22.60802,194.0,0.0,0.0,0F
[1008107]	$DSM03,125750,+51.42056,+22.70883,176.0,10.0,260.2,0F
[1008143]	$DSM04,125750,+51.42059,+22.70876,174.0,11.0,260.2,6F
[1008393]	$DSM0B,125750,+51.42047,+22.70422,146.0,12.0,270.0,0F
[1008429]	$DSM0C,125750,+51.42044,+22.70702,154.0,12.0,271.4,0F
[1008464]	$DSM0D,125750,+51.42046,+22.70810,152.0,13.0,270.0,0F
[1008536]	$DSM0F,125750,+51.43304,+22.64504,148.0,15.0,274.2,0F
[1009536]	$DSM0F,125751,+51.43306,+22.64482,148.0,15.0,274.2,0F
[1010000]	$DSM00,125752,+51.41678,+22.73402,7786.0,84.0,18.3,0F
[1010107]	$DSM03,125752,+51.42053,+22.70855,176.0,10.0,257.3,0F
[1010143]	$DSM04,125752,+51.42057,+22.70848,174.0,9.0,260.2,6F
[1010393]	$DSM0B,125752,+51.42047,+22.70387,146.0,11.0,270.0,0F
[1010429]	$DSM0C,125752,+51.42044,+22.70664,154.0,13.0,270.0,0F
[1010464]	$DSM0D,125752,+51.42046,+22.70771,152.0,12.0,270.0,0F
[1011464]	$DSM0D,125754,+51.42046,+22.70737,152.0,12.0,270.0,0F
[1011536]	$DSM0F,125754,+51.43313,+22.64420,148.0,14.0,278.4,0F
[1012000]	$DSM00,125755,+51.41895,+22.73503,7786.0,83.0,14.1,0F
[1012107]	$DSM03,125755,+51.42048,+22.70814,176.0,9.0,263.0,0F
[1012143]	$DSM04,125755,+51.42050,+22.70810,174.0,10.0,260.2,6F
[1012393]	$DSM0B,125755,+51.42047,+22.70338,146.0,11.0,270.0,0F
[1012429]	$DSM0C,125755,+51.42044,+22.70608,154.0,13.0,271.4,0F
[1013000]	$DSM00,125757,+51.42040,+22.73552,7786.0,83.0,11.2,0F
[1013107]	$DSM03,125757,+51.42046,+22.70788,176.0,10.0,261.6,0F
[1013143]	$DSM04,125757,+51.42046,+22.70782,172.0,10.0,260.2,6F
[1013393]	$DSM0B,125757,+51.42047,+22.70306,146.0,11.0,270.0,0F
[1013429]	$DSM0C,125757,+51.42044,+22.70570,154.0,13.0,270.0,0F
[1013464]	$DSM0D,125757,+51.42046,+22.70683,152.0,12.0,270.0,0F
[1013536]	$DSM0F,125757,+51.43314,+22.64358,148.0,14.0,258.7,0F
[1014000]	$DSM00,125700,+51.42261,+22.73604,7786.0,82.0,5.6,0F
[1015536]	$DSM0F,125758,+51.43309,+22.64338,148.0,14.0,250.3,0F
[1016143]	$DSM04,125759,+51.42043,+22.70756,170.0,10.0,264.4,6F
[1016393]	$DSM0B,125759,+51.42047,+22.70274,146.0,11.0,270.0,0F
[1016429]	$DSM0C,125759,+51.42044,+22.70535,154.0,12.0,271.4,0F
[1016464]	$DSM0D,125759,+51.42046,+22.70647,152.0,13.0,270.0,0F
[1017107]	$DSM03,125800,+51.42043,+22.70746,178.0,9.0,267.2,0F
[1018393]	$DSM0B,125801,+51.42047,+22.70241,146.0,11.0,270.0,0F
[1018429]	$DSM0C,125801,+51.42044,+22.70496,154.0,13.0,271.4,0F
[1018464]	$DSM0D,125801,+51.42047,+22.70610,152.0,13.0,270.0,0F
[1019000]	$DSM00,125802,+51.42409,+22.73621,7786.0,82.0,2.8,0F
[1019107]	$DSM03,125802,+51.42041,+22.70720,178.0,10.0,263.0,0F
[1019143]	$DSM04,125802,+51.42040,+22.70716,168.0,10.0,263.0,6F
[1019536]	$DSM0F,125802,+51.43280,+22.64265,150.0,15.0,234.8,0F
[1020107]	$DSM03,125804,+51.42040,+22.70692,178.0,10.0,268.6,0F
[1020143]	$DSM04,125804,+51.42040,+22.70688,168.0,10.0,270.0,6F
[1020393]	$DSM0B,125804,+51.42047,+22.70194,146.0,11.0,270.0,0F
[1020429]	$DSM0C,125804,+51.42044,+22.70439,154.0,14.0,270.0,0F
[1020464]	$DSM0D,125804,+51.42046,+22.70554,152.0,13.0,270.0,0F
[1021000]	$DSM00,125805,+51.42632,+22.73621,7786.0,82.0,358.6,0F
[1021536]	$DSM0F,125805,+51.43257,+22.64212,150.0,15.0,236.2,0F
[1022000]	$DSM00,125807,+51.42780,+22.73606,7786.0,82.0,354.4,0F
[1022107]	$DSM03,125807,+51.42043,+22.70647,178.0,11.0,278.4,0F
[1022143]	$DSM04,125807,+51.42043,+22.70642,168.0,12.0,278.4,6F
[1022393]	$DSM0B,125807,+51.42047,+22.70147,146.0,11.0,271.4,0F
[1022429]	$DSM0C,125807,+51.42044,+22.70378,156.0,14.0,272.8,0F
[1022464]	$DSM0D,125807,+51.42046,+22.70496,152.0,14.0,270.0,0F
[1023000]	$DSM00,125810,+51.42999,+22.73556,7786.0,82.0,350.2,0F
[1023036]	$DSM01,125810,+51.46224,+22.60802,196.0,0.0,0.0,0F
[1023107]	$DSM03,125810,+51.42044,+22.70593,178.0,13.0,270.0,0F
[1023143]	$DSM04,125810,+51.42046,+22.70591,170.0,12.0,272.8,6F
[1023393]	$DSM0B,125810,+51.42047,+22.70100,146.0,11.0,270.0,0F
[1023429]	$DSM0C,125810,+51.42044,+22.70318,160.0,14.0,271.4,0F
[1023464]	$DSM0D,125810,+51.42046,+22.70439,152.0,13.0,270.0,0F
[1023536]	$DSM0F,125810,+51.43220,+22.64132,150.0,14.0,232.0,0F
[1024107]	$DSM03,125812,+51.42044,+22.70552,180.0,14.0,264.4,0F
[1024143]	$DSM04,125812,+51.42044,+22.70554,174.0,14.0,264.4,6F
[1024393]	$DSM0B,125812,+51.42048,+22.70068,146.0,11.0,272.8,0F
[1024429]	$DSM0C,125812,+51.42044,+22.70282,162.0,13.0,270.0,0F
[1024464]	$DSM0D,125812,+51.42046,+22.70400,152.0,13.0,271.4,0F
[1024536]	$DSM0F,125812,+51.43207,+22.64102,150.0,13.0,234.8,0F
[1025000]	$DSM00,125813,+51.43215,+22.73477,7786.0,82.0,344.5,0F
[1026107]	$DSM03,125814,+51.42043,+22.70510,182.0,15.0,271.4,0F
[1026143]	$DSM04,125814,+51.42043,+22.70512,180.0,15.0,270.0,6F
[1026393]	$DSM0B,125814,+51.42048,+22.70035,146.0,11.0,270.0,0F
[1026429]	$DSM0C,125814,+51.42043,+22.70243,162.0,13.0,268.6,0F
[1026464]	$DSM0D,125814,+51.42047,+22.70361,150.0,13.0,271.4,0F
[1026536]	$DSM0F,125814,+51.43191,+22.64076,148.0,13.0,219.4,0F
[1027000]	$DSM00,125815,+51.43358,+22.73408,7786.0,82.0,341.7,0F
[1027107]	$DSM03,125815,+51.42043,+22.70488,182.0,15.0,274.2,0F
[1027536]	$DSM0F,125815,+51.43181,+22.64066,148.0,12.0,215.2,0F
[1028000]	$DSM00,125816,+51.43428,+22.73370,7786.0,82.0,340.3,0F
[1028143]	$DSM04,125816,+51.42044,+22.70469,186.0,15.0,274.2,6F
[1028393]	$DSM0B,125816,+51.42048,+22.70003,146.0,11.0,270.0,0F
[1028429]	$DSM0C,125816,+51.42043,+22.70207,160.0,13.0,274.2,0F
[1028464]	$DSM0D,125816,+51.42046,+22.70323,150.0,13.0,270.0,0F
[1029107]	$DSM03,125817,+51.42044,+22.70443,182.0,15.0,272.8,0F
[1029429]	$DSM0C,125817,+51.42043,+22.70190,162.0,13.0,272.8,0F
[1029464]	$DSM0D,125817,+51.42046,+22.70304,150.0,13.0,270.0,0F
[1029536]	$DSM0F,125817,+51.43161,+22.64048,146.0,12.0,210.9,0F
[1030000]	$DSM00,125818,+51.43566,+22.73286,7788.0,82.0,337.5,0F
[1030143]	$DSM04,125818,+51.42044,+22.70428,190.0,15.0,272.8,6F
[1030393]	$DSM0B,125818,+51.42046,+22.69969,146.0,12.0,268.6,0F
[1031107]	$DSM03,125819,+51.42046,+22.70400,182.0,15.0,272.8,0F
[1031393]	$DSM0B,125819,+51.42046,+22.69952,146.0,12.0,270.0,0F
[1031429]	$DSM0C,125819,+51.42043,+22.70155,164.0,12.0,271.4,0F
[1031464]	$DSM0D,125819,+51.42047,+22.70267,150.0,12.0,271.4,0F
[1031536]	$DSM0F,125819,+51.43141,+22.64029,144.0,13.0,212.3,0F
[1032000]	$DSM00,125820,+51.43704,+22.73192,7788.0,83.0,334.7,0F
[1032143]	$DSM04,125820,+51.42044,+22.70383,184.0,15.0,272.8,6F
[1033429]	$DSM0C,125821,+51.42041,+22.70117,164.0,13.0,270.0,0F
[1033464]	$DSM0D,125821,+51.42046,+22.70230,150.0,13.0,270.0,0F
[1034000]	$DSM00,125822,+51.43836,+22.73084,7788.0,83.0,331.9,0F
[1034107]	$DSM03,125822,+51.42047,+22.70336,184.0,15.0,268.6,0F
[1034143]	$DSM04,125822,+51.42044,+22.70342,184.0,14.0,270.0,6F
[1034393]	$DSM0B,125822,+51.42046,+22.69898,146.0,13.0,270.0,0F
[1035107]	$DSM03,125825,+51.42047,+22.70276,184.0,13.0,271.4,0F
[1035143]	$DSM04,125825,+51.42044,+22.70282,186.0,13.0,270.0,6F
[1035393]	$DSM0B,125825,+51.42044,+22.69842,146.0,13.0,270.0,0F
[1035429]	$DSM0C,125825,+51.42040,+22.70044,164.0,13.0,270.0,0F
[1035464]	$DSM0D,125825,+51.42047,+22.70153,150.0,13.0,274.2,0F
[1035536]	$DSM0F,125825,+51.43088,+22.63950,154.0,14.0,233.4,0F
[1036000]	$DSM00,125826,+51.44092,+22.72836,7788.0,83.0,326.2,0F
[1037143]	$DSM04,125827,+51.42044,+22.70248,186.0,12.0,271.4,6F
[1037393]	$DSM0B,125827,+51.42046,+22.69806,146.0,13.0,272.8,0F
[1037429]	$DSM0C,125827,+51.42040,+22.70003,164.0,13.0,270.0,0F
[1037464]	$DSM0D,125827,+51.42048,+22.70115,150.0,13.0,271.4,0F
[1037536]	$DSM0F,125827,+51.43072,+22.63916,156.0,14.0,234.8,0F
[1038000]	$DSM00,125828,+51.44213,+22.72692,7790.0,84.0,322.0,0F
[1038107]	$DSM03,125828,+51.42046,+22.70222,184.0,12.0,267.2,0F
[1039107]	$DSM03,125829,+51.42046,+22.70205,184.0,12.0,267.2,0F
[1039143]	$DSM04,125829,+51.42043,+22.70213,186.0,12.0,267.2,6F
[1039393]	$DSM0B,125829,+51.42047,+22.69767,146.0,13.0,272.8,0F
[1039429]	$DSM0C,125829,+51.42038,+22.69964,164.0,14.0,268.6,0F
[1039464]	$DSM0D,125829,+51.42047,+22.70076,150.0,12.0,270.0,0F
[1039536]	$DSM0F,125829,+51.43059,+22.63881,156.0,14.0,241.9,0F
[1040000]	$DSM00,125830,+51.44329,+22.72537,7790.0,84.0,319.2,0F
[1041393]	$DSM0B,125831,+51.42048,+22.69728,146.0,14.0,270.0,0F
[1041429]	$DSM0C,125831,+51.42037,+22.69926,166.0,13.0,267.2,0F
[1041464]	$DSM0D,125831,+51.42047,+22.70040,150.0,12.0,270.0,0F
[1041536]	$DSM0F,125831,+51.43047,+22.63845,158.0,14.0,236.2,0F
[1042000]	$DSM00,125832,+51.44440,+22.72370,7790.0,85.0,315.0,0F
[1042107]	$DSM03,125832,+51.42044,+22.70158,186.0,11.0,263.0,0F
[1042143]	$DSM04,125832,+51.42040,+22.70164,188.0,11.0,264.4,6F
[1043393]	$DSM0B,125833,+51.42047,+22.69688,146.0,15.0,270.0,0F
[1043429]	$DSM0C,125833,+51.42036,+22.69885,166.0,13.0,268.6,0F
[1043464]	$DSM0D,125833,+51.42047,+22.70005,150.0,11.0,272.8,0F
[1043536]	$DSM0F,125833,+51.43034,+22.63812,160.0,13.0,234.8,0F
[1044000]	$DSM00,125834,+51.44545,+22.72192,7790.0,85.0,312.2,0F
[1044107]	$DSM03,125834,+51.42040,+22.70125,186.0,11.0,261.6,0F
[1044143]	$DSM04,125834,+51.42038,+22.70134,186.0,11.0,263.0,6F
[1045107]	$DSM03,125835,+51.42040,+22.70112,186.0,10.0,261.6,0F
[1045143]	$DSM04,125835,+51.42037,+22.70119,186.0,11.0,264.4,6F
[1045393]	$DSM0B,125835,+51.42047,+22.69645,146.0,15.0,268.6,0F
[1045429]	$DSM0C,125835,+51.42035,+22.69844,164.0,13.0,270.0,0F
[1045464]	$DSM0D,125835,+51.42047,+22.69969,150.0,12.0,270.0,0F
[1045536]	$DSM0F,125835,+51.43022,+22.63780,162.0,13.0,239.1,0F
[1046000]	$DSM00,125836,+51.44645,+22.72003,7790.0,86.0,309.4,0F
[1047143]	$DSM04,125837,+51.42035,+22.70087,184.0,10.0,263.0,6F
[1047393]	$DSM0B,125837,+51.42046,+22.69598,146.0,16.0,268.6,0F
[1047429]	$DSM0C,125837,+51.42037,+22.69804,162.0,13.0,270.0,0F
[1047464]	$DSM0D,125837,+51.42047,+22.69932,150.0,13.0,271.4,0F
[1047536]	$DSM0F,125837,+51.43009,+22.63748,166.0,13.0,239.1,0F
[1048000]	$DSM00,125838,+51.44737,+22.71803,7790.0,86.0,305.2,0F
[1048107]	$DSM03,125838,+51.42036,+22.70070,188.0,10.0,264.4,0F
[1049393]	$DSM0B,125839,+51.42046,+22.69550,146.0,16.0,272.8,0F
[1049429]	$DSM0C,125839,+51.42038,+22.69765,160.0,13.0,271.4,0F
[1049464]	$DSM0D,125839,+51.42046,+22.69894,150.0,13.0,270.0,0F
[1049536]	$DSM0F,125839,+51.42997,+22.63716,166.0,12.0,234.8,0F
[1050000]	$DSM00,125840,+51.44824,+22.71595,7790.0,87.0,302.3,0F
[1050107]	$DSM03,125840,+51.42035,+22.70040,190.0,10.0,268.6,0F
[1050143]	$DSM04,125840,+51.42033,+22.70046,188.0,10.0,267.2,6F
[1051000]	$DSM00,125841,+51.44864,+22.71488,7792.0,87.0,300.9,0F
[1051107]	$DSM03,125841,+51.42035,+22.70024,190.0,10.0,268.6,0F
[1051143]	$DSM04,125841,+51.42032,+22.70031,190.0,10.0,270.0,6F
[1051393]	$DSM0B,125841,+51.42047,+22.69505,146.0,15.0,270.0,0F
[1051429]	$DSM0C,125841,+51.42040,+22.69728,156.0,13.0,270.0,0F
[1051464]	$DSM0D,125841,+51.42046,+22.69855,150.0,13.0,270.0,0F
[1051536]	$DSM0F,125841,+51.42988,+22.63688,164.0,12.0,240.5,0F
[1052000]	$DSM00,125843,+51.44940,+22.71267,7792.0,87.0,296.7,0F
[1052107]	$DSM03,125843,+51.42034,+22.69997,192.0,11.0,267.2,0F
[1052143]	$DSM04,125843,+51.42033,+22.70001,192.0,11.0,265.8,6F
[1052393]	$DSM0B,125843,+51.42046,+22.69462,146.0,15.0,268.6,0F
[1052429]	$DSM0C,125843,+51.42038,+22.69692,158.0,12.0,270.0,0F
[1052464]	$DSM0D,125843,+51.42046,+22.69816,150.0,13.0,270.0,0F
[1052536]	$DSM0F,125843,+51.42978,+22.63658,162.0,11.0,239.1,0F
[1053393]	$DSM0B,125844,+51.42046,+22.69441,146.0,15.0,270.0,0F
[1053429]	$DSM0C,125844,+51.42038,+22.69672,158.0,13.0,270.0,0F
[1053464]	$DSM0D,125844,+51.42046,+22.69799,150.0,12.0,271.4,0F
[1053536]	$DSM0F,125844,+51.42972,+22.63645,160.0,11.0,236.2,0F
[1054000]	$DSM00,125845,+51.45008,+22.71037,7792.0,88.0,293.9,0F
[1054107]	$DSM03,125845,+51.42034,+22.69964,194.0,11.0,272.8,0F
[1054143]	$DSM04,125845,+51.42032,+22.69969,194.0,11.0,265.8,6F
[1055536]	$DSM0F,125846,+51.42964,+22.63619,158.0,10.0,236.2,0F
[1056000]	$DSM00,125847,+51.45068,+22.70801,7794.0,89.0,291.1,0F
[1056107]	$DSM03,125847,+51.42037,+22.69930,194.0,13.0,281.2,0F
[1056143]	$DSM04,125847,+51.42032,+22.69934,192.0,12.0,277.0,6F
[1056393]	$DSM0B,125847,+51.42047,+22.69376,148.0,15.0,275.6,0F
[1056429]	$DSM0C,125847,+51.42038,+22.69619,158.0,12.0,272.8,0F
[1056464]	$DSM0D,125847,+51.42046,+22.69744,150.0,13.0,270.0,0F
[1057000]	$DSM00,125849,+51.45120,+22.70559,7794.0,89.0,288.3,0F
[1057107]	$DSM03,125849,+51.42040,+22.69894,194.0,14.0,279.8,0F
[1057143]	$DSM04,125849,+51.42036,+22.69896,188.0,13.0,281.2,6F
[1057393]	$DSM0B,125849,+51.42051,+22.69336,148.0,14.0,284.1,0F
[1057429]	$DSM0C,125849,+51.42038,+22.69582,160.0,13.0,271.4,0F
[1057464]	$DSM0D,125849,+51.42044,+22.69707,150.0,12.0,270.0,0F
[1057536]	$DSM0F,125849,+51.42950,+22.63579,160.0,10.0,241.9,0F
[1058393]	$DSM0B,125851,+51.42060,+22.69297,146.0,14.0,296.7,0F
[1058429]	$DSM0C,125851,+51.42038,+22.69548,164.0,13.0,268.6,0F
[1058464]	$DSM0D,125851,+51.42044,+22.69670,150.0,12.0,271.4,0F
[1058536]	$DSM0F,125851,+51.42940,+22.63551,162.0,10.0,239.1,0F
[1059000]	$DSM00,125852,+51.45185,+22.70181,7794.0,90.0,284.1,0F
[1059107]	$DSM03,125852,+51.42044,+22.69831,192.0,14.0,274.2,0F
[1059143]	$DSM04,125852,+51.42043,+22.69831,178.0,15.0,277.0,6F
[1060107]	$DSM03,125854,+51.42046,+22.69791,190.0,14.0,271.4,0F
[1061000]	$DSM00,125855,+51.45232,+22.69795,7796.0,91.0,278.4,0F
[1061143]	$DSM04,125855,+51.42043,+22.69765,174.0,15.0,270.0,6F
[1061393]	$DSM0B,125855,+51.42090,+22.69228,148.0,15.0,310.8,0F
[1061429]	$DSM0C,125855,+51.42036,+22.69477,166.0,12.0,271.4,0F
[1061464]	$DSM0D,125855,+51.42046,+22.69604,150.0,12.0,270.0,0F
[1061536]	$DSM0F,125855,+51.42921,+22.63499,166.0,10.0,243.3,0F
[1062393]	$DSM0B,125857,+51.42108,+22.69196,148.0,14.0,312.2,0F
[1062429]	$DSM0C,125857,+51.42035,+22.69443,166.0,12.0,270.0,0F
[1062464]	$DSM0D,125857,+51.42046,+22.69568,150.0,12.0,272.8,0F
[1062536]	$DSM0F,125857,+51.42912,+22.63474,166.0,10.0,241.9,0F
[1063000]	$DSM00,125858,+51.45259,+22.69398,7796.0,93.0,274.2,0F
[1063107]	$DSM03,125858,+51.42044,+22.69711,188.0,14.0,265.8,0F
[1063143]	$DSM04,125858,+51.42040,+22.69705,172.0,15.0,267.2,6F
[1064000]	$DSM00,125859,+51.45264,+22.69265,7796.0,93.0,272.8,0F
[1064107]	$DSM03,125859,+51.42043,+22.69690,188.0,14.0,265.8,0F
[1064536]	$DSM0F,125859,+51.42906,+22.63450,164.0,9.0,244.7,0F
[1065143]	$DSM04,125900,+51.42037,+22.69662,170.0,15.0,264.4,6F
[1065393]	$DSM0B,125900,+51.42132,+22.69151,148.0,13.0,312.2,0F
[1065429]	$DSM0C,125900,+51.42037,+22.69394,164.0,11.0,272.8,0F
[1065464]	$DSM0D,125900,+51.42046,+22.69516,152.0,12.0,271.4,0F
[1066000]	$DSM00,125902,+51.45267,+22.68857,7798.0,94.0,268.6,0F
[1066107]	$DSM03,125902,+51.42040,+22.69628,188.0,14.0,264.4,0F
[1066143]	$DSM04,125902,+51.42034,+22.69621,170.0,15.0,263.0,6F
[1066393]	$DSM0B,125902,+51.42148,+22.69123,148.0,13.0,312.2,0F
[1066429]	$DSM0C,125902,+51.42040,+22.69357,162.0,12.0,279.8,0F
[1066464]	$DSM0D,125902,+51.42047,+22.69482,152.0,12.0,271.4,0F
[1067107]	$DSM03,125904,+51.42037,+22.69589,188.0,14.0,263.0,0F
[1067143]	$DSM04,125904,+51.42031,+22.69580,170.0,15.0,261.6,6F
[1067393]	$DSM0B,125904,+51.42165,+22.69095,148.0,13.0,313.6,0F
[1067429]	$DSM0C,125904,+51.42046,+22.69323,160.0,13.0,289.7,0F
[1067464]	$DSM0D,125904,+51.42047,+22.69447,152.0,12.0,270.0,0F
[1067536]	$DSM0F,125904,+51.42889,+22.63396,164.0,7.0,240.5,0F
[1068000]	$DSM00,125905,+51.45252,+22.68447,7798.0,95.0,265.8,0F
[1069107]	$DSM03,125906,+51.42034,+22.69548,188.0,14.0,263.0,0F
[1069143]	$DSM04,125906,+51.42028,+22.69540,202.0,205.0,263.0,6F
[1069393]	$DSM0B,125906,+51.42180,+22.69068,148.0,13.0,310.8,0F
[1069429]	$DSM0C,125906,+51.42059,+22.69286,158.0,14.0,302.3,0F
[1069464]	$DSM0D,125906,+51.42047,+22.69413,152.0,11.0,271.4,0F
[1069536]	$DSM0F,125906,+51.42884,+22.63381,166.0,5.0,250.3,0F
[1070000]	$DSM00,125907,+51.45237,+22.68173,7798.0,95.0,264.4,0F
[1071000]	$DSM00,125910,+51.45212,+22.67761,7798.0,96.0,264.4,0F
[1071107]	$DSM03,125910,+51.42027,+22.69469,188.0,14.0,261.6,0F
[1071143]	$DSM04,125910,+51.42021,+22.69471,172.0,12.0,264.4,6F
[1071393]	$DSM0B,125910,+51.42211,+22.69012,150.0,12.0,310.8,0F
[1071429]	$DSM0C,125910,+51.42103,+22.69203,152.0,20.0,312.2,0F
[1071464]	$DSM0D,125910,+51.42052,+22.69346,154.0,12.0,284.1,0F
[1071536]	$DSM0F,125910,+51.42884,+22.63368,168.0,2.0,281.2,0F
[1072107]	$DSM03,125911,+51.42025,+22.69450,188.0,14.0,261.6,0F
[1072143]	$DSM04,125911,+51.42021,+22.69452,174.0,13.0,264.4,6F
[1072393]	$DSM0B,125911,+51.42217,+22.68999,150.0,12.0,310.8,0F
[1072429]	$DSM0C,125911,+51.42116,+22.69181,150.0,19.0,310.8,0F
[1072464]	$DSM0D,125911,+51.42056,+22.69329,154.0,12.0,288.3,0F
[1072536]	$DSM0F,125911,+51.42886,+22.63364,166.0,4.0,303.7,0F
[1073000]	$DSM00,125912,+51.45192,+22.67484,7798.0,96.0,264.4,0F
[1074000]	$DSM00,125913,+51.45183,+22.67346,7798.0,96.0,264.4,0F
[1074107]	$DSM03,125913,+51.42022,+22.69409,188.0,14.0,268.6,0F
[1074143]	$DSM04,125913,+51.42019,+22.69413,174.0,13.0,265.8,6F
[1074393]	$DSM0B,125913,+51.42232,+22.68973,150.0,12.0,312.2,0F
[1074429]	$DSM0C,125913,+51.42138,+22.69140,148.0,17.0,310.8,0F
[1074464]	$DSM0D,125913,+51.42063,+22.69297,154.0,12.0,300.9,0F
[1074536]	$DSM0F,125913,+51.42896,+22.63351,164.0,8.0,319.2,0F
[1075536]	$DSM0F,125914,+51.42902,+22.63342,162.0,10.0,320.6,0F
[1076107]	$DSM03,125915,+51.42024,+22.69372,190.0,12.0,279.8,0F
[1076143]	$DSM04,125915,+51.42019,+22.69379,176.0,12.0,275.6,6F
[1076393]	$DSM0B,125915,+51.42246,+22.68950,150.0,11.0,312.2,0F
[1076429]	$DSM0C,125915,+51.42157,+22.69108,148.0,14.0,312.2,0F
[1076464]	$DSM0D,125915,+51.42076,+22.69269,154.0,12.0,306.6,0F
[1077000]	$DSM00,125916,+51.45155,+22.66934,7798.0,96.0,264.4,0F
[1078536]	$DSM0F,125917,+51.42928,+22.63312,162.0,12.0,320.6,0F
[1079393]	$DSM0B,125920,+51.42279,+22.68892,150.0,11.0,313.6,0F
[1079429]	$DSM0C,125920,+51.42188,+22.69048,150.0,10.0,310.8,0F
[1079464]	$DSM0D,125920,+51.42111,+22.69203,152.0,12.0,312.2,0F
[1080000]	$DSM00,125921,+51.45111,+22.66246,7800.0,96.0,264.4,0F
[1080107]	$DSM03,125921,+51.42049,+22.69284,190.0,11.0,302.3,0F
[1080143]	$DSM04,125921,+51.42043,+22.69293,184.0,11.0,302.3,6F
[1081000]	$DSM00,125923,+51.45092,+22.65971,7800.0,96.0,264.4,0F
[1081107]	$DSM03,125923,+51.42060,+22.69258,192.0,11.0,312.2,0F
[1081143]	$DSM04,125923,+51.42054,+22.69269,188.0,11.0,312.2,6F
[1081393]	$DSM0B,125923,+51.42298,+22.68857,152.0,11.0,313.6,0F
[1081429]	$DSM0C,125923,+51.42208,+22.69010,150.0,11.0,308.0,0F
[1081464]	$DSM0D,125923,+51.42132,+22.69164,152.0,12.0,315.0,0F
[1081536]	$DSM0F,125923,+51.42985,+22.63246,160.0,13.0,326.2,0F
[1082393]	$DSM0B,125925,+51.42311,+22.68836,152.0,11.0,310.8,0F
[1082429]	$DSM0C,125925,+51.42220,+22.68986,150.0,11.0,309.4,0F
[1082464]	$DSM0D,125925,+51.42145,+22.69138,152.0,12.0,312.2,0F
[1082536]	$DSM0F,125925,+51.43006,+22.63224,160.0,13.0,326.2,0F
[1083000]	$DSM00,125926,+51.45060,+22.65557,7798.0,97.0,261.6,0F
[1083107]	$DSM03,125926,+51.42085,+22.69228,192.0,13.0,329.1,0F
[1083143]	$DSM04,125926,+51.42080,+22.69235,190.0,12.0,329.1,6F
[1084000]	$DSM00,125929,+51.45010,+22.65143,7798.0,98.0,255.9,0F
[1084107]	$DSM03,125929,+51.42114,+22.69198,192.0,13.0,319.2,0F
[1084143]	$DSM04,125929,+51.42111,+22.69205,192.0,13.0,323.4,6F
[1084393]	$DSM0B,125929,+51.42336,+22.68788,150.0,11.0,312.2,0F
[1084429]	$DSM0C,125929,+51.42248,+22.68939,150.0,11.0,310.8,0F
[1084464]	$DSM0D,125929,+51.42173,+22.69085,152.0,12.0,308.0,0F
[1084536]	$DSM0F,125929,+51.43047,+22.63175,160.0,14.0,323.4,0F
[1085000]	$DSM00,125931,+51.44960,+22.64868,7796.0,100.0,251.7,0F
[1085107]	$DSM03,125931,+51.42131,+22.69173,192.0,13.0,312.2,0F
[1085143]	$DSM04,125931,+51.42128,+22.69181,192.0,12.0,310.8,6F
[1085393]	$DSM0B,125931,+51.42349,+22.68767,150.0,11.0,312.2,0F
[1085429]	$DSM0C,125931,+51.42260,+22.68913,150.0,10.0,312.2,0F
[1085464]	$DSM0D,125931,+51.42185,+22.69059,152.0,11.0,309.4,0F
[1085536]	$DSM0F,125931,+51.43067,+22.63154,160.0,14.0,326.2,0F
[1086143]	$DSM04,125933,+51.42142,+22.69153,192.0,13.0,310.8,6F
[1086393]	$DSM0B,125933,+51.42364,+22.68744,150.0,11.0,312.2,0F
[1086429]	$DSM0C,125933,+51.42272,+22.68889,152.0,10.0,315.0,0F
[1086464]	$DSM0D,125933,+51.42199,+22.69031,152.0,13.0,313.6,0F
[1086536]	$DSM0F,125933,+51.43088,+22.63130,160.0,13.0,324.8,0F
[1087000]	$DSM00,125934,+51.44852,+22.64465,7794.0,102.0,243.3,0F
[1087107]	$DSM03,125934,+51.42153,+22.69132,192.0,13.0,310.8,0F
[1088393]	$DSM0B,125936,+51.42383,+22.68707,150.0,11.0,310.8,0F
[1088429]	$DSM0C,125936,+51.42290,+22.68855,152.0,11.0,312.2,0F
[1088464]	$DSM0D,125936,+51.42222,+22.68990,152.0,12.0,310.8,0F
[1088536]	$DSM0F,125936,+51.43114,+22.63098,160.0,12.0,323.4,0F
[1089000]	$DSM00,125937,+51.44708,+22.64081,7792.0,104.0,236.2,0F
[1089107]	$DSM03,125937,+51.42176,+22.69091,192.0,12.0,312.2,0F
[1089143]	$DSM04,125937,+51.42173,+22.69098,198.0,13.0,313.6,6F
[1090536]	$DSM0F,125938,+51.43132,+22.63076,160.0,12.0,326.2,0F
[1091107]	$DSM03,125941,+51.42204,+22.69044,192.0,11.0,312.2,0F
[1091143]	$DSM04,125941,+51.42201,+22.69050,198.0,10.0,312.2,6F
[1091393]	$DSM0B,125941,+51.42411,+22.68645,150.0,10.0,296.7,0F
[1091429]	$DSM0C,125941,+51.42321,+22.68797,152.0,11.0,310.8,0F
[1091464]	$DSM0D,125941,+51.42260,+22.68924,154.0,13.0,312.2,0F
[1092000]	$DSM00,125942,+51.44396,+22.63504,7794.0,107.0,223.6,0F
[1093393]	$DSM0B,125943,+51.42419,+22.68619,150.0,10.0,295.3,0F
[1093429]	$DSM0C,125943,+51.42334,+22.68776,152.0,10.0,312.2,0F
[1093464]	$DSM0D,125943,+51.42276,+22.68896,152.0,13.0,312.2,0F
[1094000]	$DSM00,125944,+51.44248,+22.63300,7794.0,108.0,219.4,0F
[1094107]	$DSM03,125944,+51.42228,+22.69012,192.0,14.0,327.7,0F
[1094143]	$DSM04,125944,+51.42225,+22.69020,198.0,13.0,330.5,6F
[1095536]	$DSM0F,125945,+51.43191,+22.63008,160.0,10.0,323.4,0F
[1096000]	$DSM00,125946,+51.44088,+22.63115,7794.0,109.0,213.7,0F
[1096107]	$DSM03,125946,+51.42252,+22.68990,192.0,17.0,330.5,0F
[1096143]	$DSM04,125946,+51.42248,+22.68999,198.0,15.0,330.5,6F
[1096393]	$DSM0B,125946,+51.42428,+22.68576,150.0,11.0,286.9,0F
[1096429]	$DSM0C,125946,+51.42354,+22.68744,152.0,10.0,312.2,0F
[1096464]	$DSM0D,125946,+51.42298,+22.68855,150.0,13.0,312.2,0F
[1097393]	$DSM0B,125948,+51.42435,+22.68546,150.0,11.0,288.3,0F
[1097429]	$DSM0C,125948,+51.42367,+22.68722,152.0,10.0,315.0,0F
[1097464]	$DSM0D,125948,+51.42313,+22.68829,152.0,12.0,312.2,0F
[1097536]	$DSM0F,125948,+51.43212,+22.62980,160.0,11.0,322.0,0F
[1098000]	$DSM00,125949,+51.43831,+22.62873,7792.0,111.0,208.1,0F
[1098107]	$DSM03,125949,+51.42296,+22.68952,194.0,18.0,326.2,0F
[1098143]	$DSM04,125949,+51.42290,+22.68960,196.0,18.0,326.2,6F
[1099000]	$DSM00,125952,+51.43556,+22.62677,7792.0,112.0,201.1,0F
[1099107]	$DSM03,125952,+51.42323,+22.68892,194.0,18.0,285.5,0F
[1099143]	$DSM04,125952,+51.42324,+22.68902,194.0,17.0,295.3,6F
[1099393]	$DSM0B,125952,+51.42447,+22.68488,150.0,11.0,288.3,0F
[1099429]	$DSM0C,125952,+51.42391,+22.68679,152.0,10.0,315.0,0F
[1099464]	$DSM0D,125952,+51.42343,+22.68776,152.0,12.0,312.2,0F
[1099536]	$DSM0F,125952,+51.43243,+22.62944,162.0,10.0,323.4,0F
[1100000]	$DSM00,125955,+51.43265,+22.62534,7790.0,112.0,194.1,0F
[1100107]	$DSM03,125955,+51.42328,+22.68812,196.0,18.0,277.0,0F
[1100143]	$DSM04,125955,+51.42333,+22.68821,196.0,20.0,277.0,6F
[1100393]	$DSM0B,125955,+51.42456,+22.68441,150.0,11.0,286.9,0F
[1100429]	$DSM0C,125955,+51.42406,+22.68645,150.0,10.0,300.9,0F
[1100464]	$DSM0D,125955,+51.42365,+22.68737,152.0,12.0,312.2,0F
[1100536]	$DSM0F,125955,+51.43262,+22.62918,162.0,9.0,326.2,0F
[1101143]	$DSM04,130020,+51.42449,+22.68432,206.0,14.0,322.0,6F
[1101393]	$DSM0B,130020,+51.42536,+22.68052,146.0,12.0,286.9,0F
[1101429]	$DSM0C,130020,+51.42491,+22.68218,170.0,13.0,289.7,0F
[1101464]	$DSM0D,130020,+51.42480,+22.68327,152.0,13.0,288.3,0F
[1101536]	$DSM0F,130020,+51.43342,+22.62819,166.0,2.0,324.8,0F
[1102000]	$DSM00,130021,+51.40783,+22.63493,7784.0,110.0,139.2,0F
[1102107]	$DSM03,130021,+51.42458,+22.68406,196.0,14.0,310.8,0F
[1103000]	$DSM00,130013,+51.41462,+22.62793,7780.0,112.0,156.1,0F
[1103107]	$DSM03,130013,+51.42377,+22.68492,192.0,10.0,313.6,0F
[1103143]	$DSM04,130013,+51.42375,+22.68499,194.0,10.0,309.4,6F
[1103393]	$DSM0B,130013,+51.42512,+22.68168,146.0,12.0,288.3,0F
[1103429]	$DSM0C,130013,+51.42471,+22.68340,158.0,12.0,285.5,0F
[1103464]	$DSM0D,130013,+51.42455,+22.68450,152.0,13.0,288.3,0F
[1103536]	$DSM0F,130013,+51.43333,+22.62834,166.0,2.0,312.2,0F
[1104536]	$DSM0F,130028,+51.43352,+22.62806,164.0,3.0,323.4,0F
[1105393]	$DSM0B,130029,+51.42567,+22.67902,146.0,12.0,288.3,0F
[1105429]	$DSM0C,130029,+51.42530,+22.68048,162.0,14.0,288.3,0F
[1105464]	$DSM0D,130029,+51.42513,+22.68164,150.0,14.0,288.3,0F
[1106000]	$DSM00,130030,+51.40227,+22.64581,7786.0,106.0,119.5,0F
[1106107]	$DSM03,130030,+51.42494,+22.68261,192.0,11.0,284.1,0F
[1106143]	$DSM04,130030,+51.42500,+22.68263,206.0,11.0,285.5,6F
[1107536]	$DSM0F,130033,+51.43364,+22.62798,162.0,2.0,327.7,0F
[1108000]	$DSM00,130034,+51.40068,+22.65128,7786.0,103.0,111.1,0F
[1108107]	$DSM03,130034,+51.42505,+22.68198,192.0,11.0,285.5,0F
[1108143]	$DSM04,130034,+51.42507,+22.68205,204.0,10.0,278.4,6F
[1108393]	$DSM0B,130034,+51.42584,+22.67823,146.0,11.0,288.3,0F
[1108429]	$DSM0C,130034,+51.42551,+22.67954,156.0,13.0,289.7,0F
[1108464]	$DSM0D,130034,+51.42533,+22.68070,148.0,13.0,288.3,0F
[1109000]	$DSM00,130036,+51.40009,+22.65409,7786.0,102.0,106.9,0F
[1109107]	$DSM03,130036,+51.42512,+22.68166,192.0,12.0,295.3,0F
[1109143]	$DSM04,130036,+51.42513,+22.68175,202.0,11.0,289.7,6F
[1109393]	$DSM0B,130036,+51.42588,+22.67793,146.0,11.0,286.9,0F
[1109429]	$DSM0C,130036,+51.42560,+22.67917,156.0,14.0,288.3,0F
[1109464]	$DSM0D,130036,+51.42540,+22.68033,148.0,14.0,288.3,0F
[1109536]	$DSM0F,130036,+51.43368,+22.62793,162.0,2.0,330.5,0F
[1110393]	$DSM0B,130038,+51.42595,+22.67765,146.0,11.0,288.3,0F
[1110429]	$DSM0C,130038,+51.42567,+22.67879,156.0,14.0,289.7,0F
[1110464]	$DSM0D,130038,+51.42548,+22.67995,148.0,13.0,288.3,0F
[1110536]	$DSM0F,130038,+51.43368,+22.62791,162.0,1.0,336.1,0F
[1111000]	$DSM00,130039,+51.39949,+22.65834,7786.0,100.0,99.8,0F
[1111107]	$DSM03,130039,+51.42530,+22.68117,194.0,13.0,293.9,0F
[1111143]	$DSM04,130039,+51.42530,+22.68123,202.0,14.0,293.9,6F
[1112000]	$DSM00,130041,+51.39926,+22.66119,7786.0,99.0,95.6,0F
[1112107]	$DSM03,130041,+51.42538,+22.68080,196.0,13.0,288.3,0F
[1112143]	$DSM04,130041,+51.42540,+22.68089,204.0,14.0,289.7,6F
[1112393]	$DSM0B,130041,+51.42604,+22.67720,146.0,11.0,286.9,0F
[1112429]	$DSM0C,130041,+51.42577,+22.67821,156.0,14.0,278.4,0F
[1112464]	$DSM0D,130041,+51.42557,+22.67943,148.0,12.0,286.9,0F
[1112536]	$DSM0F,130041,+51.43370,+22.62791,162.0,0.0,0.0,0F
[1113393]	$DSM0B,130042,+51.42607,+22.67703,146.0,12.0,286.9,0F
[1113429]	$DSM0C,130042,+51.42578,+22.67802,158.0,13.0,282.7,0F
[1113464]	$DSM0D,130042,+51.42562,+22.67926,148.0,12.0,286.9,0F
[1114000]	$DSM00,130043,+51.39915,+22.66400,7786.0,98.0,91.4,0F
[1114107]	$DSM03,130043,+51.42544,+22.68044,198.0,13.0,282.7,0F
[1114143]	$DSM04,130043,+51.42544,+22.68052,204.0,13.0,279.8,6F
[1115393]	$DSM0B,130045,+51.42616,+22.67654,146.0,12.0,288.3,0F
[1115429]	$DSM0C,130045,+51.42584,+22.67739,164.0,16.0,278.4,0F
[1115464]	$DSM0D,130045,+51.42570,+22.67881,148.0,9.0,288.3,0F
[1115536]	$DSM0F,130045,+51.43373,+22.62787,160.0,2.0,319.2,0F
[1116000]	$DSM00,130046,+51.39921,+22.66819,7786.0,96.0,87.2,0F
[1116107]	$DSM03,130046,+51.42552,+22.67990,198.0,13.0,282.7,0F
[1116143]	$DSM04,130046,+51.42549,+22.67995,202.0,13.0,277.0,6F
[1117143]	$DSM04,130048,+51.42553,+22.67956,202.0,13.0,281.2,6F
[1118107]	$DSM03,130049,+51.42560,+22.67937,200.0,12.0,284.1,0F
[1118393]	$DSM0B,130049,+51.42629,+22.67589,146.0,12.0,291.1,0F
[1118429]	$DSM0C,130049,+51.42600,+22.67666,162.0,13.0,291.1,0F
[1118464]	$DSM0D,130049,+51.42579,+22.67840,150.0,5.0,288.3,0F
[1118536]	$DSM0F,130049,+51.43380,+22.62776,160.0,3.0,329.1,0F
[1119000]	$DSM00,130050,+51.39956,+22.67368,7784.0,95.0,84.4,0F
[1120143]	$DSM04,130051,+51.42562,+22.67902,200.0,13.0,285.5,6F
[1120393]	$DSM0B,130051,+51.42639,+22.67557,146.0,12.0,299.5,0F
[1121000]	$DSM00,130052,+51.39977,+22.67643,7784.0,95.0,83.0,0F
[1121036]	$DSM01,130052,+51.46223,+22.60802,196.0,0.0,0.0,0F
[1121107]	$DSM03,130052,+51.42568,+22.67885,200.0,12.0,284.1,0F
[1121429]	$DSM0C,130052,+51.42613,+22.67617,160.0,13.0,293.9,0F
[1121464]	$DSM0D,130052,+51.42581,+22.67825,150.0,2.0,292.5,0F
[1121536]	$DSM0F,130052,+51.43387,+22.62770,160.0,3.0,330.5,0F
[1122000]	$DSM00,130056,+51.40018,+22.68188,7786.0,96.0,84.4,0F
[1122107]	$DSM03,130056,+51.42579,+22.67814,202.0,13.0,282.7,0F
[1122143]	$DSM04,130056,+51.42575,+22.67819,204.0,13.0,282.7,6F
[1122393]	$DSM0B,130056,+51.42669,+22.67480,146.0,13.0,302.3,0F
[1122429]	$DSM0C,130056,+51.42634,+22.67548,154.0,12.0,296.7,0F
[1122464]	$DSM0D,130056,+51.42581,+22.67821,150.0,0.0,0.0,0F
[1122536]	$DSM0F,130056,+51.43397,+22.62761,162.0,3.0,324.8,0F
[1123000]	$DSM00,130000,+51.40056,+22.68735,7786.0,96.0,83.0,0F
[1124107]	$DSM03,130100,+51.42591,+22.67742,202.0,14.0,284.1,0F
[1124143]	$DSM04,130100,+51.42584,+22.67744,202.0,14.0,281.2,6F
[1124393]	$DSM0B,130100,+51.42696,+22.67413,146.0,14.0,302.3,0F
[1124429]	$DSM0C,130100,+51.42656,+22.67486,148.0,12.0,302.3,0F
[1124536]	$DSM0F,130100,+51.43411,+22.62742,162.0,8.0,322.0,0F
[1125143]	$DSM04,130105,+51.42604,+22.67649,200.0,14.0,292.5,6F
[1125393]	$DSM0B,130105,+51.42729,+22.67327,146.0,14.0,299.5,0F
[1125429]	$DSM0C,130105,+51.42686,+22.67415,148.0,12.0,303.7,0F
[1125536]	$DSM0F,130105,+51.43447,+22.62699,160.0,11.0,322.0,0F
[1126000]	$DSM00,130106,+51.40144,+22.69542,7784.0,94.0,75.9,0F
[1126107]	$DSM03,130106,+51.42616,+22.67630,202.0,13.0,293.9,0F
[1127000]	$DSM00,130108,+51.40191,+22.69801,7784.0,93.0,73.1,0F
[1127107]	$DSM03,130108,+51.42626,+22.67596,202.0,13.0,299.5,0F
[1127143]	$DSM04,130108,+51.42619,+22.67598,198.0,12.0,296.7,6F
[1127393]	$DSM0B,130108,+51.42743,+22.67272,146.0,14.0,288.3,0F
[1127429]	$DSM0C,130108,+51.42707,+22.67368,148.0,13.0,305.2,0F
[1127536]	$DSM0F,130108,+51.43471,+22.62667,160.0,12.0,320.6,0F
[1128393]	$DSM0B,130110,+51.42749,+22.67231,146.0,14.0,284.1,0F
[1128429]	$DSM0C,130110,+51.42720,+22.67336,148.0,12.0,305.2,0F
[1128536]	$DSM0F,130110,+51.43488,+22.62645,162.0,12.0,322.0,0F
[1129000]	$DSM00,130111,+51.40273,+22.70177,7782.0,92.0,68.9,0F
[1129107]	$DSM03,130111,+51.42644,+22.67550,202.0,12.0,306.6,0F
[1129143]	$DSM04,130111,+51.42639,+22.67552,198.0,12.0,306.6,6F
[1130536]	$DSM0F,130112,+51.43505,+22.62626,160.0,11.0,323.4,0F
[1131107]	$DSM03,130113,+51.42657,+22.67522,202.0,12.0,305.2,0F
[1131143]	$DSM04,130113,+51.42652,+22.67522,202.0,0.0,0.0,6F
[1131393]	$DSM0B,130113,+51.42759,+22.67173,146.0,14.0,284.1,0F
[1131429]	$DSM0C,130113,+51.42736,+22.67291,146.0,12.0,293.9,0F
[1131464]	$DSM0D,130113,+51.42584,+22.67814,150.0,3.0,288.3,0F
[1132000]	$DSM00,130114,+51.40376,+22.70537,7782.0,91.0,63.3,0F
[1133143]	$DSM04,130115,+51.42664,+22.67492,204.0,13.0,303.7,6F
[1133536]	$DSM0F,130115,+51.43529,+22.62598,160.0,11.0,324.8,0F
[1134000]	$DSM00,130116,+51.40452,+22.70767,7782.0,90.0,60.5,0F
[1134107]	$DSM03,130116,+51.42676,+22.67478,204.0,13.0,299.5,0F
[1134393]	$DSM0B,130116,+51.42769,+22.67115,146.0,13.0,288.3,0F
[1134429]	$DSM0C,130116,+51.42745,+22.67242,148.0,11.0,285.5,0F
[1134464]	$DSM0D,130116,+51.42588,+22.67793,150.0,6.0,291.1,0F
[1135393]	$DSM0B,130121,+51.42798,+22.67029,150.0,14.0,305.2,0F
[1135429]	$DSM0C,130121,+51.42758,+22.67156,152.0,12.0,288.3,0F
[1135464]	$DSM0D,130121,+51.42597,+22.67750,150.0,7.0,288.3,0F
[1135536]	$DSM0F,130121,+51.43575,+22.62542,162.0,10.0,320.6,0F
[1136000]	$DSM00,130122,+51.40725,+22.71398,7784.0,88.0,50.6,0F
[1136107]	$DSM03,130122,+51.42713,+22.67383,204.0,14.0,303.7,0F
[1136143]	$DSM04,130122,+51.42713,+22.67383,212.0,14.0,305.2,6F
[1136464]	$DSM0D,130122,+51.42600,+22.67739,150.0,8.0,289.7,0F
[1137000]	$DSM00,130123,+51.40776,+22.71494,7784.0,87.0,49.2,0F
[1137107]	$DSM03,130123,+51.42719,+22.67366,204.0,14.0,302.3,0F
[1137143]	$DSM04,130123,+51.42720,+22.67368,216.0,13.0,305.2,6F
[1137393]	$DSM0B,130123,+51.42813,+22.66999,150.0,14.0,309.4,0F
[1137429]	$DSM0C,130123,+51.42764,+22.67121,154.0,13.0,286.9,0F
[1137536]	$DSM0F,130123,+51.43588,+22.62525,162.0,9.0,316.4,0F
[1138393]	$DSM0B,130124,+51.42821,+22.66984,150.0,14.0,309.4,0F
[1138429]	$DSM0C,130124,+51.42769,+22.67102,154.0,13.0,289.7,0F
[1138464]	$DSM0D,130124,+51.42604,+22.67718,150.0,9.0,288.3,0F
[1138536]	$DSM0F,130124,+51.43594,+22.62519,164.0,8.0,322.0,0F
[1139000]	$DSM00,130125,+51.40883,+22.71677,7784.0,86.0,46.4,0F
[1139107]	$DSM03,130125,+51.42732,+22.67332,206.0,14.0,299.5,0F
[1139143]	$DSM04,130125,+51.42735,+22.67336,222.0,14.0,300.9,6F
[1140000]	$DSM00,130126,+51.40937,+22.71765,7784.0,86.0,45.0,0F
[1140107]	$DSM03,130126,+51.42738,+22.67314,206.0,14.0,298.1,0F
[1140143]	$DSM04,130126,+51.42740,+22.67319,224.0,14.0,300.9,6F
[1140393]	$DSM0B,130126,+51.42836,+22.66952,150.0,14.0,309.4,0F
[1140429]	$DSM0C,130126,+51.42780,+22.67063,152.0,13.0,296.7,0F
[1140464]	$DSM0D,130126,+51.42610,+22.67690,150.0,9.0,291.1,0F
[1140536]	$DSM0F,130126,+51.43606,+22.62504,164.0,8.0,324.8,0F
[1141393]	$DSM0B,130127,+51.42845,+22.66937,150.0,14.0,309.4,0F
[1141429]	$DSM0C,130127,+51.42785,+22.67046,152.0,13.0,302.3,0F
[1141464]	$DSM0D,130127,+51.42612,+22.67677,150.0,9.0,288.3,0F
[1141536]	$DSM0F,130127,+51.43613,+22.62495,164.0,9.0,324.8,0F
[1142000]	$DSM00,130128,+51.41052,+22.71932,7784.0,85.0,40.8,0F
[1142107]	$DSM03,130128,+51.42749,+22.67280,206.0,14.0,299.5,0F
[1142143]	$DSM04,130128,+51.42752,+22.67284,226.0,14.0,302.3,6F
[1143000]	$DSM00,130129,+51.41110,+22.72012,7784.0,85.0,39.4,0F
[1143107]	$DSM03,130129,+51.42755,+22.67263,206.0,13.0,298.1,0F
[1143143]	$DSM04,130129,+51.42758,+22.67267,226.0,14.0,302.3,6F
[1143393]	$DSM0B,130129,+51.42861,+22.66904,150.0,14.0,310.8,0F
[1143429]	$DSM0C,130129,+51.42800,+22.67014,150.0,12.0,310.8,0F
[1143464]	$DSM0D,130129,+51.42617,+22.67651,150.0,10.0,289.7,0F
[1143536]	$DSM0F,130129,+51.43627,+22.62480,166.0,10.0,326.2,0F
[1144000]	$DSM00,130131,+51.41232,+22.72160,7784.0,85.0,36.6,0F
[1144107]	$DSM03,130131,+51.42767,+22.67228,206.0,13.0,299.5,0F
[1144143]	$DSM04,130131,+51.42771,+22.67235,230.0,13.0,302.3,6F
[1144393]	$DSM0B,130131,+51.42877,+22.66874,150.0,14.0,310.8,0F
[1144429]	$DSM0C,130131,+51.42814,+22.66984,150.0,13.0,306.6,0F
[1144464]	$DSM0D,130131,+51.42624,+22.67621,150.0,12.0,288.3,0F
[1144536]	$DSM0F,130131,+51.43644,+22.62463,166.0,12.0,326.2,0F
[1145000]	$DSM00,130133,+51.41358,+22.72297,7784.0,84.0,32.3,0F
[1145107]	$DSM03,130133,+51.42780,+22.67196,206.0,13.0,303.7,0F
[1145143]	$DSM04,130133,+51.42784,+22.67203,230.0,13.0,305.2,6F
[1145393]	$DSM0B,130133,+51.42894,+22.66842,150.0,14.0,309.4,0F
[1145429]	$DSM0C,130133,+51.42829,+22.66952,146.0,12.0,308.0,0F
[1145464]	$DSM0D,130133,+51.42632,+22.67589,148.0,12.0,289.7,0F
[1145536]	$DSM0F,130133,+51.43663,+22.62441,168.0,13.0,324.8,0F
[1146000]	$DSM00,130135,+51.41488,+22.72419,7786.0,84.0,29.5,0F
[1146107]	$DSM03,130135,+51.42793,+22.67164,208.0,13.0,302.3,0F
[1146143]	$DSM04,130135,+51.42798,+22.67175,232.0,12.0,303.7,6F
[1146393]	$DSM0B,130135,+51.42911,+22.66808,150.0,15.0,309.4,0F
[1146429]	$DSM0C,130135,+51.42842,+22.66926,146.0,11.0,308.0,0F
[1146464]	$DSM0D,130135,+51.42640,+22.67555,148.0,13.0,298.1,0F
[1146536]	$DSM0F,130135,+51.43681,+22.62418,168.0,14.0,322.0,0F
[1147000]	$DSM00,130144,+51.42111,+22.72808,7786.0,82.0,14.1,0F
[1147107]	$DSM03,130144,+51.42852,+22.67031,204.0,12.0,309.4,0F
[1147143]	$DSM04,130144,+51.42856,+22.67038,220.0,13.0,310.8,6F
[1147393]	$DSM0B,130144,+51.42988,+22.66658,150.0,15.0,309.4,0F
[1147429]	$DSM0C,130144,+51.42908,+22.66808,140.0,12.0,315.0,0F
[1147464]	$DSM0D,130144,+51.42702,+22.67394,148.0,15.0,299.5,0F
[1147536]	$DSM0F,130144,+51.43768,+22.62313,166.0,11.0,324.8,0F
[1148429]	$DSM0C,130146,+51.42922,+22.66780,140.0,12.0,313.6,0F
[1148464]	$DSM0D,130146,+51.42717,+22.67355,148.0,16.0,300.9,0F
[1148536]	$DSM0F,130146,+51.43785,+22.62293,168.0,10.0,323.4,0F
[1149000]	$DSM00,130147,+51.42328,+22.72874,7786.0,81.0,8.4,0F
[1149107]	$DSM03,130147,+51.42875,+22.66995,206.0,11.0,313.6,0F
[1149143]	$DSM04,130147,+51.42877,+22.66999,216.0,12.0,313.6,6F
[1149393]	$DSM0B,130147,+51.43016,+22.66606,150.0,15.0,309.4,0F
[1150429]	$DSM0C,130149,+51.42946,+22.66737,140.0,13.0,310.8,0F
[1150464]	$DSM0D,130149,+51.42736,+22.67293,146.0,16.0,288.3,0F
[1150536]	$DSM0F,130149,+51.43808,+22.62266,172.0,11.0,324.8,0F
[1151000]	$DSM00,130150,+51.42546,+22.72906,7786.0,81.0,2.8,0F
[1151107]	$DSM03,130150,+51.42892,+22.66958,206.0,10.0,300.9,0F
[1151143]	$DSM04,130150,+51.42896,+22.66962,214.0,10.0,305.2,6F
[1151393]	$DSM0B,130150,+51.43041,+22.66555,150.0,15.0,309.4,0F
[1152000]	$DSM00,130154,+51.42836,+22.72878,7784.0,81.0,350.2,0F
[1152107]	$DSM03,130154,+51.42903,+22.66890,208.0,15.0,274.2,0F
[1152143]	$DSM04,130154,+51.42908,+22.66902,214.0,13.0,278.4,6F
[1152393]	$DSM0B,130154,+51.43076,+22.66488,150.0,15.0,309.4,0F
[1152429]	$DSM0C,130154,+51.42984,+22.66662,142.0,13.0,312.2,0F
[1152464]	$DSM0D,130154,+51.42755,+22.67175,148.0,18.0,284.1,0F
[1152536]	$DSM0F,130154,+51.43855,+22.62210,172.0,14.0,323.4,0F
[1153536]	$DSM0F,130156,+51.43875,+22.62182,172.0,15.0,322.0,0F
[1154000]	$DSM00,130157,+51.43047,+22.72786,7784.0,81.0,340.3,0F
[1154107]	$DSM03,130157,+51.42908,+22.66825,212.0,15.0,278.4,0F
[1154143]	$DSM04,130157,+51.42912,+22.66834,214.0,16.0,278.4,6F
[1154393]	$DSM0B,130157,+51.43100,+22.66439,150.0,15.0,309.4,0F
[1154429]	$DSM0C,130157,+51.43008,+22.66621,142.0,12.0,312.2,0F
[1154464]	$DSM0D,130157,+51.42772,+22.67098,148.0,20.0,295.3,0F
[1155000]	$DSM00,130159,+51.43181,+22.72692,7784.0,81.0,333.3,0F
[1155107]	$DSM03,130159,+51.42912,+22.66782,214.0,15.0,285.5,0F
[1155143]	$DSM04,130159,+51.42918,+22.66789,216.0,16.0,288.3,6F
[1155393]	$DSM0B,130159,+51.43117,+22.66407,150.0,15.0,309.4,0F
[1155429]	$DSM0C,130159,+51.43022,+22.66594,140.0,11.0,312.2,0F
[1155464]	$DSM0D,130159,+51.42790,+22.67044,150.0,21.0,303.7,0F
[1155536]	$DSM0F,130159,+51.43907,+22.62143,170.0,15.0,323.4,0F
[1156000]	$DSM00,130201,+51.43308,+22.72572,7784.0,82.0,326.2,0F
[1156107]	$DSM03,130201,+51.42922,+22.66739,214.0,16.0,295.3,0F
[1156143]	$DSM04,130201,+51.42927,+22.66746,216.0,15.0,293.9,6F
[1156393]	$DSM0B,130201,+51.43134,+22.66374,150.0,15.0,309.4,0F
[1156429]	$DSM0C,130201,+51.43035,+22.66566,140.0,12.0,309.4,0F
[1156464]	$DSM0D,130201,+51.42814,+22.66995,148.0,21.0,309.4,0F
[1156536]	$DSM0F,130201,+51.43931,+22.62115,168.0,16.0,323.4,0F
[1157107]	$DSM03,130203,+51.42937,+22.66703,216.0,15.0,313.6,0F
[1157143]	$DSM04,130203,+51.42940,+22.66709,216.0,15.0,310.8,6F
[1157393]	$DSM0B,130203,+51.43150,+22.66342,150.0,14.0,309.4,0F
[1157429]	$DSM0C,130203,+51.43049,+22.66538,140.0,11.0,312.2,0F
[1157464]	$DSM0D,130203,+51.42837,+22.66950,148.0,20.0,309.4,0F
[1157536]	$DSM0F,130203,+51.43953,+22.62090,168.0,16.0,326.2,0F
[1158000]	$DSM00,130204,+51.43479,+22.72344,7784.0,83.0,316.4,0F
[1159107]	$DSM03,130209,+51.42999,+22.66626,212.0,14.0,312.2,0F
[1160000]	$DSM00,130210,+51.43749,+22.71758,7788.0,85.0,299.5,0F
[1160143]	$DSM04,130210,+51.43012,+22.66613,210.0,15.0,312.2,6F
[1160393]	$DSM0B,130210,+51.43204,+22.66235,148.0,13.0,309.4,0F
[1160429]	$DSM0C,130210,+51.43096,+22.66445,140.0,12.0,312.2,0F
[1160464]	$DSM0D,130210,+51.42915,+22.66795,146.0,19.0,309.4,0F
[1160536]	$DSM0F,130210,+51.44028,+22.62002,162.0,15.0,323.4,0F
[1161107]	$DSM03,130212,+51.43024,+22.66576,210.0,15.0,309.4,0F
[1161143]	$DSM04,130212,+51.43029,+22.66580,212.0,14.0,310.8,6F
[1161393]	$DSM0B,130212,+51.43220,+22.66207,150.0,13.0,309.4,0F
[1161429]	$DSM0C,130212,+51.43110,+22.66418,140.0,12.0,309.4,0F
[1161464]	$DSM0D,130212,+51.42938,+22.66750,148.0,20.0,309.4,0F
[1161536]	$DSM0F,130212,+51.44050,+22.61976,162.0,14.0,320.6,0F
[1162000]	$DSM00,130213,+51.43856,+22.71428,7788.0,86.0,296.7,0F
[1162536]	$DSM0F,130213,+51.44060,+22.61963,162.0,14.0,322.0,0F
[1163393]	$DSM0B,130216,+51.43248,+22.66151,150.0,12.0,309.4,0F
[1163429]	$DSM0C,130216,+51.43137,+22.66364,138.0,12.0,312.2,0F
[1163464]	$DSM0D,130216,+51.42987,+22.66658,148.0,21.0,309.4,0F
[1164000]	$DSM00,130217,+51.43988,+22.70975,7792.0,86.0,295.3,0F
[1164107]	$DSM03,130217,+51.43063,+22.66480,210.0,17.0,296.7,0F
[1164143]	$DSM04,130217,+51.43070,+22.66486,210.0,16.0,295.3,6F
[1165107]	$DSM03,130223,+51.43103,+22.66338,214.0,18.0,293.9,0F
[1165143]	$DSM04,130223,+51.43109,+22.66340,210.0,19.0,293.9,6F
[1165393]	$DSM0B,130223,+51.43299,+22.66050,150.0,13.0,312.2,0F
[1165429]	$DSM0C,130223,+51.43185,+22.66274,142.0,12.0,312.2,0F
[1165464]	$DSM0D,130223,+51.43059,+22.66518,148.0,13.0,309.4,0F
[1166000]	$DSM00,130224,+51.44211,+22.70175,7796.0,86.0,293.9,0F
[1167107]	$DSM03,130227,+51.43132,+22.66244,214.0,17.0,298.1,0F
[1167143]	$DSM04,130227,+51.43138,+22.66244,212.0,18.0,299.5,6F
[1167393]	$DSM0B,130227,+51.43336,+22.65999,148.0,14.0,322.0,0F
[1167429]	$DSM0C,130227,+51.43212,+22.66220,144.0,12.0,312.2,0F
[1167464]	$DSM0D,130227,+51.43088,+22.66462,148.0,14.0,310.8,0F
[1168000]	$DSM00,130228,+51.44334,+22.69716,7798.0,87.0,293.9,0F
[1169464]	$DSM0D,130229,+51.43107,+22.66426,148.0,17.0,308.0,0F
[1170000]	$DSM00,130230,+51.44396,+22.69484,7796.0,87.0,293.9,0F
[1170107]	$DSM03,130230,+51.43154,+22.66186,214.0,15.0,305.2,0F
[1170143]	$DSM04,130230,+51.43160,+22.66182,210.0,16.0,306.6,6F
[1170393]	$DSM0B,130230,+51.43367,+22.65960,148.0,15.0,323.4,0F
[1170429]	$DSM0C,130230,+51.43233,+22.66179,146.0,12.0,310.8,0F
[1171000]	$DSM00,130232,+51.44457,+22.69250,7796.0,87.0,292.5,0F
[1171107]	$DSM03,130232,+51.43170,+22.66151,214.0,14.0,310.8,0F
[1171143]	$DSM04,130232,+51.43176,+22.66149,208.0,14.0,310.8,6F
[1171393]	$DSM0B,130232,+51.43389,+22.65935,148.0,16.0,324.8,0F
[1171429]	$DSM0C,130232,+51.43246,+22.66151,146.0,13.0,310.8,0F
[1171464]	$DSM0D,130232,+51.43138,+22.66364,148.0,19.0,309.4,0F
[1172107]	$DSM03,130233,+51.43179,+22.66138,212.0,13.0,313.6,0F
[1172143]	$DSM04,130233,+51.43184,+22.66134,208.0,13.0,313.6,6F
[1172393]	$DSM0B,130233,+51.43400,+22.65922,148.0,15.0,324.8,0F
[1172429]	$DSM0C,130233,+51.43254,+22.66136,146.0,13.0,310.8,0F
[1172536]	$DSM0F,130233,+51.44197,+22.61798,156.0,5.0,312.2,0F
[1173000]	$DSM00,130234,+51.44519,+22.69018,7796.0,87.0,292.5,0F
[1174393]	$DSM0B,130235,+51.43422,+22.65896,148.0,15.0,323.4,0F
[1174429]	$DSM0C,130235,+51.43268,+22.66108,146.0,12.0,313.6,0F
[1174464]	$DSM0D,130235,+51.43170,+22.66302,148.0,17.0,310.8,0F
[1174536]	$DSM0F,130235,+51.44204,+22.61787,156.0,5.0,312.2,0F
[1175000]	$DSM00,130236,+51.44580,+22.68784,7796.0,88.0,292.5,0F
[1175107]	$DSM03,130236,+51.43202,+22.66104,210.0,11.0,322.0,0F
[1175143]	$DSM04,130236,+51.43210,+22.66102,214.0,11.0,323.4,6F
[1176000]	$DSM00,130238,+51.44640,+22.68550,7796.0,88.0,292.5,0F
[1176107]	$DSM03,130238,+51.43217,+22.66087,208.0,9.0,330.5,0F
[1176143]	$DSM04,130238,+51.43225,+22.66089,214.0,9.0,334.7,6F
[1176393]	$DSM0B,130238,+51.43455,+22.65858,150.0,14.0,322.0,0F
[1176429]	$DSM0C,130238,+51.43290,+22.66066,146.0,13.0,310.8,0F
[1176464]	$DSM0D,130238,+51.43195,+22.66254,148.0,12.0,309.4,0F
[1176536]	$DSM0F,130238,+51.44216,+22.61776,158.0,6.0,344.5,0F
[1177000]	$DSM00,130240,+51.44700,+22.68316,7796.0,88.0,292.5,0F
[1177107]	$DSM03,130240,+51.43232,+22.66078,206.0,9.0,338.9,0F
[1177143]	$DSM04,130240,+51.43239,+22.66080,216.0,9.0,340.3,6F
[1177393]	$DSM0B,130240,+51.43474,+22.65834,150.0,14.0,323.4,0F
[1177429]	$DSM0C,130240,+51.43304,+22.66040,144.0,13.0,316.4,0F
[1177464]	$DSM0D,130240,+51.43208,+22.66229,148.0,12.0,309.4,0F
[1177536]	$DSM0F,130240,+51.44227,+22.61768,156.0,7.0,326.2,0F
[1178393]	$DSM0B,130242,+51.43494,+22.65810,150.0,14.0,324.8,0F
[1178429]	$DSM0C,130242,+51.43321,+22.66016,144.0,12.0,320.6,0F
[1178464]	$DSM0D,130242,+51.43223,+22.66201,148.0,13.0,310.8,0F
[1178536]	$DSM0F,130242,+51.44236,+22.61755,156.0,8.0,320.6,0F
[1179000]	$DSM00,130243,+51.44790,+22.67964,7796.0,88.0,292.5,0F
[1179107]	$DSM03,130243,+51.43252,+22.66070,202.0,8.0,348.7,0F
[1179143]	$DSM04,130243,+51.43260,+22.66072,214.0,8.0,348.7,6F
[1180143]	$DSM04,130245,+51.43274,+22.66068,214.0,9.0,347.3,6F
[1180464]	$DSM0D,130245,+51.43244,+22.66158,150.0,13.0,309.4,0F
[1180536]	$DSM0F,130245,+51.44256,+22.61729,156.0,10.0,320.6,0F
[1181000]	$DSM00,130246,+51.44880,+22.67610,7798.0,88.0,292.5,0F
[1181107]	$DSM03,130246,+51.43273,+22.66064,202.0,8.0,344.5,0F
[1181393]	$DSM0B,130246,+51.43529,+22.65767,150.0,11.0,320.6,0F
[1181429]	$DSM0C,130246,+51.43358,+22.65971,142.0,13.0,324.8,0F
[1182393]	$DSM0B,130248,+51.43544,+22.65750,150.0,9.0,331.9,0F
[1182429]	$DSM0C,130248,+51.43378,+22.65950,142.0,13.0,324.8,0F
[1182464]	$DSM0D,130248,+51.43268,+22.66113,150.0,13.0,309.4,0F
[1182536]	$DSM0F,130248,+51.44280,+22.61701,156.0,12.0,323.4,0F
[1183000]	$DSM00,130249,+51.44969,+22.67256,7798.0,88.0,292.5,0F
[1183107]	$DSM03,130249,+51.43295,+22.66053,200.0,9.0,336.1,0F
[1183143]	$DSM04,130249,+51.43299,+22.66055,206.0,8.0,340.3,6F
[1184393]	$DSM0B,130250,+51.43559,+22.65746,150.0,8.0,14.1,0F
[1184429]	$DSM0C,130250,+51.43397,+22.65928,142.0,13.0,323.4,0F
[1184464]	$DSM0D,130250,+51.43282,+22.66085,150.0,13.0,309.4,0F
[1184536]	$DSM0F,130250,+51.44299,+22.61680,156.0,13.0,324.8,0F
[1185000]	$DSM00,130251,+51.45029,+22.67020,7798.0,88.0,292.5,0F
[1185107]	$DSM03,130251,+51.43308,+22.66038,202.0,10.0,320.6,0F
[1185143]	$DSM04,130251,+51.43313,+22.66042,202.0,9.0,322.0,6F
[1186000]	$DSM00,130253,+51.45088,+22.66784,7798.0,88.0,292.5,0F
[1186107]	$DSM03,130253,+51.43324,+22.66018,202.0,11.0,317.8,0F
[1186143]	$DSM04,130253,+51.43327,+22.66020,198.0,12.0,319.2,6F
[1186393]	$DSM0B,130253,+51.43576,+22.65770,150.0,10.0,47.8,0F
[1186429]	$DSM0C,130253,+51.43425,+22.65892,144.0,14.0,324.8,0F
[1186464]	$DSM0D,130253,+51.43304,+22.66044,150.0,12.0,313.6,0F
[1186536]	$DSM0F,130253,+51.44328,+22.61645,156.0,14.0,323.4,0F
[1187393]	$DSM0B,130254,+51.43583,+22.65780,150.0,10.0,46.4,0F
[1187429]	$DSM0C,130254,+51.43435,+22.65881,144.0,14.0,324.8,0F
[1187464]	$DSM0D,130254,+51.43311,+22.66031,150.0,12.0,316.4,0F
[1187536]	$DSM0F,130254,+51.44337,+22.61634,156.0,14.0,324.8,0F
[1188000]	$DSM00,130255,+51.45148,+22.66548,7798.0,88.0,292.5,0F
[1188107]	$DSM03,130255,+51.43339,+22.65997,200.0,12.0,320.6,0F
[1188143]	$DSM04,130255,+51.43343,+22.65997,198.0,12.0,319.2,6F
[1189107]	$DSM03,130256,+51.43347,+22.65986,202.0,12.0,316.4,0F
[1189143]	$DSM04,130256,+51.43352,+22.65986,198.0,12.0,317.8,6F
[1189393]	$DSM0B,130256,+51.43597,+22.65797,150.0,9.0,19.7,0F
[1189429]	$DSM0C,130256,+51.43453,+22.65858,146.0,13.0,323.4,0F
[1189464]	$DSM0D,130256,+51.43327,+22.66010,148.0,12.0,320.6,0F
[1189536]	$DSM0F,130256,+51.44359,+22.61609,156.0,15.0,323.4,0F
[1190000]	$DSM00,130257,+51.45208,+22.66310,7798.0,89.0,292.5,0F
[1191107]	$DSM03,130258,+51.43364,+22.65958,202.0,13.0,310.8,0F
[1191429]	$DSM0C,130258,+51.43474,+22.65834,146.0,14.0,326.2,0F
[1191464]	$DSM0D,130258,+51.43344,+22.65986,148.0,13.0,322.0,0F
[1191536]	$DSM0F,130258,+51.44381,+22.61583,158.0,15.0,322.0,0F
[1192000]	$DSM00,130259,+51.45268,+22.66074,7798.0,89.0,292.5,0F
[1192143]	$DSM04,130259,+51.43375,+22.65948,200.0,13.0,309.4,6F
[1192393]	$DSM0B,130259,+51.43620,+22.65789,150.0,10.0,330.5,0F
[1193000]	$DSM00,130301,+51.45328,+22.65838,7798.0,89.0,292.5,0F
[1193107]	$DSM03,130301,+51.43387,+22.65913,204.0,15.0,309.4,0F
[1193143]	$DSM04,130301,+51.43392,+22.65915,202.0,14.0,308.0,6F
[1193393]	$DSM0B,130301,+51.43636,+22.65774,150.0,10.0,331.9,0F
[1193429]	$DSM0C,130301,+51.43504,+22.65797,148.0,13.0,323.4,0F
[1193464]	$DSM0D,130301,+51.43372,+22.65954,148.0,13.0,324.8,0F
[1193536]	$DSM0F,130301,+51.44413,+22.61544,158.0,15.0,323.4,0F
[1194429]	$DSM0C,130303,+51.43524,+22.65772,146.0,14.0,322.0,0F
[1195000]	$DSM00,130304,+51.45419,+22.65482,7796.0,89.0,292.5,0F
[1195107]	$DSM03,130304,+51.43414,+22.65862,206.0,16.0,310.8,0F
[1195143]	$DSM04,130304,+51.43418,+22.65866,206.0,16.0,309.4,6F
[1195393]	$DSM0B,130304,+51.43660,+22.65754,150.0,9.0,331.9,0F
[1195464]	$DSM0D,130304,+51.43402,+22.65920,150.0,14.0,324.8,0F
[1195536]	$DSM0F,130304,+51.44444,+22.61508,158.0,14.0,323.4,0F
[1196143]	$DSM04,130306,+51.43437,+22.65832,206.0,14.0,319.2,6F
[1196393]	$DSM0B,130306,+51.43670,+22.65739,148.0,7.0,302.3,0F
[1196429]	$DSM0C,130306,+51.43551,+22.65744,146.0,10.0,347.3,0F
[1196464]	$DSM0D,130306,+51.43424,+22.65896,150.0,15.0,323.4,0F
[1196536]	$DSM0F,130306,+51.44464,+22.61484,160.0,13.0,323.4,0F
[1197000]	$DSM00,130307,+51.45509,+22.65126,7796.0,89.0,292.5,0F
[1197107]	$DSM03,130307,+51.43444,+22.65821,206.0,14.0,338.9,0F
[1198393]	$DSM0B,130308,+51.43671,+22.65722,148.0,7.0,243.3,0F
[1198429]	$DSM0C,130308,+51.43567,+22.65748,148.0,9.0,30.9,0F
[1198464]	$DSM0D,130308,+51.43444,+22.65870,150.0,14.0,323.4,0F
[1199000]	$DSM00,130309,+51.45569,+22.64890,7796.0,89.0,292.5,0F
[1199107]	$DSM03,130309,+51.43468,+22.65814,206.0,13.0,357.2,0F
[1199143]	$DSM04,130309,+51.43468,+22.65812,206.0,11.0,357.2,6F
[1200000]	$DSM00,130310,+51.45599,+22.64770,7796.0,89.0,292.5,0F
[1200107]	$DSM03,130310,+51.43480,+22.65814,204.0,12.0,1.4,0F
[1200143]	$DSM04,130310,+51.43479,+22.65812,206.0,12.0,0.0,6F
[1200393]	$DSM0B,130310,+51.43663,+22.65701,148.0,9.0,234.8,0F
[1200429]	$DSM0C,130310,+51.43580,+22.65767,152.0,9.0,45.0,0F
[1200464]	$DSM0D,130310,+51.43465,+22.65847,150.0,15.0,324.8,0F
[1200536]	$DSM0F,130310,+51.44500,+22.61446,160.0,10.0,323.4,0F
[1201107]	$DSM03,130311,+51.43490,+22.65814,204.0,11.0,4.2,0F
[1201393]	$DSM0B,130311,+51.43657,+22.65690,148.0,10.0,234.8,0F
[1201429]	$DSM0C,130311,+51.43586,+22.65776,154.0,9.0,43.6,0F
[1201464]	$DSM0D,130311,+51.43476,+22.65834,152.0,14.0,323.4,0F
[1202000]	$DSM00,130312,+51.45660,+22.64534,7796.0,89.0,292.5,0F
[1202143]	$DSM04,130312,+51.43499,+22.65814,204.0,10.0,7.0,6F
[1203000]	$DSM00,130313,+51.45689,+22.64416,7796.0,89.0,292.5,0F
[1203107]	$DSM03,130313,+51.43509,+22.65819,202.0,9.0,8.4,0F
[1203143]	$DSM04,130313,+51.43508,+22.65817,206.0,9.0,11.2,6F
[1203393]	$DSM0B,130313,+51.43648,+22.65666,148.0,10.0,237.7,0F
[1203429]	$DSM0C,130313,+51.43600,+22.65793,154.0,9.0,28.1,0F
[1203464]	$DSM0D,130313,+51.43495,+22.65810,152.0,14.0,324.8,0F
[1203536]	$DSM0F,130313,+51.44520,+22.61422,160.0,9.0,322.0,0F
[1204000]	$DSM00,130315,+51.45750,+22.64177,7796.0,89.0,292.5,0F
[1204107]	$DSM03,130315,+51.43524,+22.65821,200.0,7.0,7.0,0F
[1204143]	$DSM04,130315,+51.43521,+22.65823,202.0,7.0,8.4,6F
[1204393]	$DSM0B,130315,+51.43637,+22.65641,148.0,10.0,236.2,0F
[1204429]	$DSM0C,130315,+51.43619,+22.65795,152.0,12.0,355.8,0F
[1204464]	$DSM0D,130315,+51.43516,+22.65787,152.0,13.0,323.4,0F
[1204536]	$DSM0F,130315,+51.44534,+22.61405,160.0,10.0,323.4,0F
[1205000]	$DSM00,130317,+51.45811,+22.63939,7796.0,89.0,292.5,0F
[1205107]	$DSM03,130317,+51.43535,+22.65825,200.0,6.0,4.2,0F
[1205143]	$DSM04,130317,+51.43532,+22.65825,202.0,6.0,4.2,6F
[1205393]	$DSM0B,130317,+51.43626,+22.65617,148.0,11.0,234.8,0F
[1205429]	$DSM0C,130317,+51.43640,+22.65780,150.0,13.0,337.5,0F
[1205464]	$DSM0D,130317,+51.43534,+22.65765,152.0,12.0,324.8,0F
[1205536]	$DSM0F,130317,+51.44547,+22.61388,162.0,9.0,323.4,0F
[1206107]	$DSM03,130319,+51.43544,+22.65825,198.0,4.0,358.6,0F
[1206143]	$DSM04,130319,+51.43543,+22.65825,202.0,5.0,350.2,6F
[1206393]	$DSM0B,130319,+51.43614,+22.65591,148.0,11.0,233.4,0F
[1206429]	$DSM0C,130319,+51.43660,+22.65754,152.0,11.0,329.1,0F
[1206464]	$DSM0D,130319,+51.43550,+22.65750,152.0,9.0,338.9,0F
[1206536]	$DSM0F,130319,+51.44560,+22.61375,162.0,8.0,320.6,0F
[1207000]	$DSM00,130320,+51.45900,+22.63583,7796.0,89.0,292.5,0F
[1208393]	$DSM0B,130321,+51.43603,+22.65566,148.0,11.0,234.8,0F
[1208429]	$DSM0C,130321,+51.43671,+22.65735,154.0,8.0,298.1,0F
[1208464]	$DSM0D,130321,+51.43564,+22.65752,152.0,9.0,35.2,0F
[1208536]	$DSM0F,130321,+51.44569,+22.61362,162.0,7.0,322.0,0F
[1209000]	$DSM00,130322,+51.45959,+22.63345,7796.0,89.0,292.5,0F
[1209036]	$DSM01,130322,+51.46223,+22.60804,196.0,0.0,0.0,0F
[1209107]	$DSM03,130322,+51.43553,+22.65823,196.0,2.0,350.2,0F
[1209143]	$DSM04,130322,+51.43553,+22.65825,200.0,2.0,357.2,6F
[1210536]	$DSM0F,130323,+51.44576,+22.61351,164.0,4.0,324.8,0F
[1211000]	$DSM00,130324,+51.46017,+22.63109,7796.0,89.0,291.1,0F
[1211107]	$DSM03,130324,+51.43554,+22.65821,196.0,1.0,293.9,0F
[1211143]	$DSM04,130324,+51.43554,+22.65821,196.0,2.0,296.7,6F
[1211393]	$DSM0B,130324,+51.43585,+22.65527,148.0,11.0,234.8,0F
[1211429]	$DSM0C,130324,+51.43661,+22.65703,154.0,9.0,227.8,0F
[1211464]	$DSM0D,130324,+51.43584,+22.65782,152.0,10.0,45.0,0F
[1212000]	$DSM00,130331,+51.46224,+22.62274,7796.0,89.0,291.1,0F
[1212107]	$DSM03,130331,+51.43543,+22.65763,184.0,11.0,253.1,0F
[1212143]	$DSM04,130331,+51.43543,+22.65763,182.0,10.0,253.1,6F
[1212393]	$DSM0B,130331,+51.43535,+22.65452,148.0,11.0,206.7,0F
[1212429]	$DSM0C,130331,+51.43616,+22.65611,152.0,13.0,232.0,0F
[1212464]	$DSM0D,130331,+51.43644,+22.65767,152.0,11.0,329.1,0F
[1212536]	$DSM0F,130331,+51.44594,+22.61332,164.0,2.0,326.2,0F
[1213000]	$DSM00,130335,+51.46336,+22.61793,7796.0,90.0,288.3,0F
[1213107]	$DSM03,130335,+51.43535,+22.65696,180.0,11.0,270.0,0F
[1213143]	$DSM04,130335,+51.43534,+22.65696,176.0,12.0,255.9,6F
[1213393]	$DSM0B,130335,+51.43494,+22.65428,146.0,12.0,198.3,0F
[1213429]	$DSM0C,130335,+51.43588,+22.65550,152.0,12.0,234.8,0F
[1213464]	$DSM0D,130335,+51.43671,+22.65737,150.0,8.0,300.9,0F
[1213536]	$DSM0F,130335,+51.44597,+22.61328,162.0,0.0,0.0,0F
[1214393]	$DSM0B,130337,+51.43472,+22.65415,146.0,13.0,199.7,0F
[1214429]	$DSM0C,130337,+51.43576,+22.65523,150.0,12.0,233.4,0F
[1214464]	$DSM0D,130337,+51.43669,+22.65716,150.0,10.0,237.7,0F
[1215000]	$DSM00,130338,+51.46405,+22.61418,7796.0,91.0,284.1,0F
[1215107]	$DSM03,130338,+51.43540,+22.65656,176.0,9.0,284.1,0F
[1215143]	$DSM04,130338,+51.43534,+22.65649,170.0,10.0,274.2,6F
[1216143]	$DSM04,130339,+51.43535,+22.65636,168.0,9.0,277.0,6F
[1216536]	$DSM0F,130339,+51.44604,+22.61324,160.0,4.0,326.2,0F
[1217000]	$DSM00,130340,+51.46435,+22.61160,7794.0,92.0,278.4,0F
[1217107]	$DSM03,130340,+51.43544,+22.65630,176.0,8.0,278.4,0F
[1217393]	$DSM0B,130340,+51.43435,+22.65396,146.0,14.0,199.7,0F
[1217429]	$DSM0C,130340,+51.43553,+22.65480,146.0,13.0,223.6,0F
[1217464]	$DSM0D,130340,+51.43651,+22.65673,150.0,12.0,236.2,0F
[1218107]	$DSM03,130341,+51.43544,+22.65619,178.0,8.0,274.2,0F
[1218143]	$DSM04,130341,+51.43538,+22.65611,168.0,9.0,277.0,6F
[1218393]	$DSM0B,130341,+51.43424,+22.65388,146.0,14.0,199.7,0F
[1218429]	$DSM0C,130341,+51.43544,+22.65467,146.0,13.0,219.4,0F
[1218464]	$DSM0D,130341,+51.43644,+22.65660,148.0,12.0,236.2,0F
[1218536]	$DSM0F,130341,+51.44610,+22.61317,160.0,5.0,319.2,0F
[1219000]	$DSM00,130342,+51.46450,+22.60892,7794.0,94.0,272.8,0F
[1220000]	$DSM00,130343,+51.46452,+22.60757,7792.0,95.0,270.0,0F
[1220107]	$DSM03,130343,+51.43544,+22.65600,182.0,6.0,267.2,0F
[1220143]	$DSM04,130343,+51.43539,+22.65587,172.0,8.0,265.8,6F
[1220393]	$DSM0B,130343,+51.43400,+22.65372,146.0,14.0,208.1,0F
[1220429]	$DSM0C,130343,+51.43524,+22.65450,144.0,12.0,206.7,0F
[1220464]	$DSM0D,130343,+51.43632,+22.65630,148.0,12.0,234.8,0F
[1220536]	$DSM0F,130343,+51.44617,+22.61306,160.0,6.0,320.6,0F
[1221536]	$DSM0F,130344,+51.44620,+22.61300,160.0,6.0,309.4,0F
[1222000]	$DSM00,130345,+51.46441,+22.60482,7792.0,96.0,264.4,0F
[1222107]	$DSM03,130345,+51.43544,+22.65583,188.0,6.0,270.0,0F
[1222143]	$DSM04,130345,+51.43538,+22.65568,174.0,7.0,265.8,6F
[1222393]	$DSM0B,130345,+51.43378,+22.65349,144.0,14.0,220.8,0F
[1222429]	$DSM0C,130345,+51.43503,+22.65439,144.0,11.0,201.1,0F
[1222464]	$DSM0D,130345,+51.43619,+22.65600,148.0,13.0,236.2,0F
[1223536]	$DSM0F,130346,+51.44627,+22.61287,160.0,6.0,319.2,0F
[1224000]	$DSM00,130347,+51.46413,+22.60206,7792.0,98.0,258.7,0F
[1224107]	$DSM03,130347,+51.43544,+22.65564,194.0,6.0,272.8,0F
[1224143]	$DSM04,130347,+51.43538,+22.65548,182.0,7.0,270.0,6F
[1224393]	$DSM0B,130347,+51.43361,+22.65321,144.0,13.0,230.6,0F
[1224429]	$DSM0C,130347,+51.43484,+22.65428,142.0,11.0,201.1,0F
[1224464]	$DSM0D,130347,+51.43604,+22.65570,148.0,13.0,234.8,0F
[1225393]	$DSM0B,130349,+51.43347,+22.65291,144.0,13.0,234.8,0F
[1225429]	$DSM0C,130349,+51.43463,+22.65418,142.0,12.0,201.1,0F
[1225464]	$DSM0D,130349,+51.43591,+22.65540,148.0,13.0,234.8,0F
[1225536]	$DSM0F,130349,+51.44636,+22.61276,160.0,4.0,313.6,0F
[1226000]	$DSM00,130350,+51.46341,+22.59794,7790.0,100.0,250.3,0F
[1226107]	$DSM03,130350,+51.43548,+22.65540,202.0,5.0,271.4,0F
[1226143]	$DSM04,130350,+51.43540,+22.65527,196.0,5.0,270.0,6F
[1226536]	$DSM0F,130350,+51.44638,+22.61272,160.0,3.0,319.2,0F
[1227000]	$DSM00,130351,+51.46309,+22.59658,7790.0,101.0,248.9,0F
[1227107]	$DSM03,130351,+51.43547,+22.65531,204.0,5.0,264.4,0F
[1227143]	$DSM04,130351,+51.43540,+22.65520,198.0,5.0,265.8,6F
[1227393]	$DSM0B,130351,+51.43333,+22.65261,144.0,13.0,233.4,0F
[1227429]	$DSM0C,130351,+51.43443,+22.65407,140.0,12.0,201.1,0F
[1227464]	$DSM0D,130351,+51.43578,+22.65512,148.0,12.0,233.4,0F
[1228000]	$DSM00,130353,+51.46233,+22.59390,7790.0,102.0,243.3,0F
[1228107]	$DSM03,130353,+51.43544,+22.65518,210.0,5.0,255.9,0F
[1228143]	$DSM04,130353,+51.43539,+22.65508,202.0,5.0,254.5,6F
[1228393]	$DSM0B,130353,+51.43320,+22.65231,144.0,12.0,234.8,0F
[1228429]	$DSM0C,130353,+51.43421,+22.65394,140.0,13.0,201.1,0F
[1228464]	$DSM0D,130353,+51.43564,+22.65486,148.0,11.0,223.6,0F
[1229000]	$DSM00,130355,+51.46141,+22.59132,7790.0,103.0,239.1,0F
[1229107]	$DSM03,130355,+51.43541,+22.65506,212.0,5.0,233.4,0F
[1229143]	$DSM04,130355,+51.43537,+22.65499,206.0,4.0,234.8,6F
[1229393]	$DSM0B,130355,+51.43308,+22.65203,144.0,11.0,234.8,0F
[1229429]	$DSM0C,130355,+51.43397,+22.65379,142.0,14.0,206.7,0F
[1229464]	$DSM0D,130355,+51.43550,+22.65467,148.0,10.0,216.6,0F
[1229536]	$DSM0F,130355,+51.44642,+22.61263,162.0,2.0,257.3,0F
[1230000]	$DSM00,130357,+51.46036,+22.58886,7790.0,104.0,233.4,0F
[1230107]	$DSM03,130357,+51.43535,+22.65490,212.0,7.0,232.0,0F
[1230143]	$DSM04,130357,+51.43532,+22.65490,206.0,5.0,229.2,6F
[1230393]	$DSM0B,130357,+51.43296,+22.65177,144.0,11.0,239.1,0F
[1230429]	$DSM0C,130357,+51.43376,+22.65358,142.0,14.0,218.0,0F
[1230464]	$DSM0D,130357,+51.43535,+22.65454,146.0,10.0,205.3,0F
[1230536]	$DSM0F,130357,+51.44642,+22.61259,164.0,1.0,310.8,0F
[1231393]	$DSM0B,130400,+51.43282,+22.65134,146.0,11.0,246.1,0F
[1231429]	$DSM0C,130400,+51.43349,+22.65317,144.0,13.0,230.6,0F
[1231464]	$DSM0D,130400,+51.43509,+22.65437,146.0,10.0,198.3,0F
[1231536]	$DSM0F,130400,+51.44642,+22.61257,168.0,0.0,0.0,0F
[1232000]	$DSM00,130401,+51.45784,+22.58427,7790.0,106.0,225.0,0F
[1232107]	$DSM03,130401,+51.43515,+22.65439,204.0,13.0,243.3,0F
[1232143]	$DSM04,130401,+51.43520,+22.65458,206.0,7.0,246.1,6F
[1233000]	$DSM00,130403,+51.45641,+22.58221,7790.0,107.0,220.8,0F
[1233107]	$DSM03,130403,+51.43500,+22.65400,200.0,16.0,237.7,0F
[1233143]	$DSM04,130403,+51.43509,+22.65428,204.0,12.0,237.7,6F
[1233393]	$DSM0B,130403,+51.43271,+22.65089,146.0,11.0,248.9,0F
[1233429]	$DSM0C,130403,+51.43329,+22.65272,144.0,13.0,232.0,0F
[1233464]	$DSM0D,130403,+51.43481,+22.65422,146.0,12.0,199.7,0F
[1234000]	$DSM00,130405,+51.45487,+22.58032,7790.0,108.0,215.2,0F
[1234107]	$DSM03,130405,+51.43482,+22.65362,194.0,17.0,229.2,0F
[1234143]	$DSM04,130405,+51.43492,+22.65388,200.0,15.0,230.6,6F
[1234393]	$DSM0B,130405,+51.43264,+22.65057,146.0,12.0,257.3,0F
[1234429]	$DSM0C,130405,+51.43313,+22.65237,144.0,15.0,233.4,0F
[1234464]	$DSM0D,130405,+51.43461,+22.65409,146.0,12.0,199.7,0F
[1235000]	$DSM00,130407,+51.45322,+22.57858,7790.0,109.0,210.9,0F
[1235107]	$DSM03,130407,+51.43461,+22.65325,192.0,17.0,223.6,0F
[1235143]	$DSM04,130407,+51.43472,+22.65355,196.0,15.0,222.2,6F
[1235393]	$DSM0B,130407,+51.43262,+22.65025,146.0,12.0,268.6,0F
[1235429]	$DSM0C,130407,+51.43296,+22.65199,142.0,15.0,236.2,0F
[1235464]	$DSM0D,130407,+51.43440,+22.65398,146.0,12.0,199.7,0F
[1235536]	$DSM0F,130407,+51.44636,+22.61263,168.0,3.0,164.5,0F
[1236393]	$DSM0B,130408,+51.43264,+22.65008,146.0,12.0,272.8,0F
[1236429]	$DSM0C,130408,+51.43289,+22.65179,142.0,15.0,237.7,0F
[1236464]	$DSM0D,130408,+51.43430,+22.65392,146.0,12.0,199.7,0F
[1236536]	$DSM0F,130408,+51.44632,+22.61266,168.0,5.0,147.7,0F
[1237000]	$DSM00,130409,+51.45149,+22.57706,7790.0,110.0,206.7,0F
[1237107]	$DSM03,130409,+51.43437,+22.65291,188.0,17.0,222.2,0F
[1237143]	$DSM04,130409,+51.43448,+22.65319,192.0,17.0,222.2,6F
[1238107]	$DSM03,130410,+51.43427,+22.65276,186.0,16.0,223.6,0F
[1238143]	$DSM04,130410,+51.43435,+22.65300,190.0,17.0,223.6,6F
[1238393]	$DSM0B,130410,+51.43265,+22.64973,146.0,12.0,278.4,0F
[1238429]	$DSM0C,130410,+51.43276,+22.65141,142.0,14.0,244.7,0F
[1238464]	$DSM0D,130410,+51.43409,+22.65379,146.0,12.0,203.9,0F
[1238536]	$DSM0F,130410,+51.44624,+22.61276,168.0,6.0,143.4,0F
[1239000]	$DSM00,130411,+51.44969,+22.57570,7790.0,110.0,202.5,0F
[1240000]	$DSM00,130412,+51.44877,+22.57512,7790.0,111.0,201.1,0F
[1240107]	$DSM03,130412,+51.43405,+22.65244,186.0,16.0,220.8,0F
[1240143]	$DSM04,130412,+51.43412,+22.65263,186.0,16.0,219.4,6F
[1240393]	$DSM0B,130412,+51.43269,+22.64939,146.0,12.0,277.0,0F
[1240429]	$DSM0C,130412,+51.43267,+22.65104,144.0,13.0,246.1,0F
[1240464]	$DSM0D,130412,+51.43390,+22.65364,146.0,12.0,212.3,0F
[1240536]	$DSM0F,130412,+51.44613,+22.61283,168.0,5.0,188.4,0F
[1241393]	$DSM0B,130413,+51.43270,+22.64922,146.0,12.0,277.0,0F
[1241429]	$DSM0C,130413,+51.43262,+22.65085,146.0,13.0,250.3,0F
[1241464]	$DSM0D,130413,+51.43381,+22.65353,146.0,12.0,218.0,0F
[1241536]	$DSM0F,130413,+51.44611,+22.61278,168.0,4.0,226.4,0F
[1242000]	$DSM00,130414,+51.44687,+22.57410,7790.0,111.0,196.9,0F
[1242107]	$DSM03,130414,+51.43384,+22.65216,186.0,15.0,215.2,0F
[1242143]	$DSM04,130414,+51.43386,+22.65229,180.0,16.0,218.0,6F
[1243107]	$DSM03,130415,+51.43373,+22.65205,186.0,14.0,215.2,0F
[1243143]	$DSM04,130415,+51.43374,+22.65216,178.0,15.0,216.6,6F
[1243393]	$DSM0B,130415,+51.43273,+22.64888,146.0,12.0,277.0,0F
[1243429]	$DSM0C,130415,+51.43257,+22.65046,148.0,13.0,263.0,0F
[1243464]	$DSM0D,130415,+51.43365,+22.65330,146.0,12.0,227.8,0F
[1243536]	$DSM0F,130415,+51.44609,+22.61268,166.0,3.0,274.2,0F
[1244000]	$DSM00,130416,+51.44493,+22.57326,7790.0,111.0,192.7,0F
[1245000]	$DSM00,130417,+51.44393,+22.57294,7788.0,112.0,191.2,0F
[1245107]	$DSM03,130417,+51.43355,+22.65184,186.0,12.0,218.0,0F
[1245143]	$DSM04,130417,+51.43355,+22.65190,178.0,12.0,216.6,6F
[1245393]	$DSM0B,130417,+51.43276,+22.64853,146.0,12.0,274.2,0F
[1245429]	$DSM0C,130417,+51.43256,+22.65008,148.0,13.0,272.8,0F
[1245464]	$DSM0D,130417,+51.43352,+22.65304,146.0,13.0,233.4,0F
[1245536]	$DSM0F,130417,+51.44614,+22.61261,166.0,5.0,326.2,0F
[1246107]	$DSM03,130419,+51.43337,+22.65160,188.0,12.0,222.2,0F
[1246143]	$DSM04,130419,+51.43339,+22.65166,178.0,12.0,222.2,6F
[1246393]	$DSM0B,130419,+51.43279,+22.64814,146.0,13.0,275.6,0F
[1246429]	$DSM0C,130419,+51.43258,+22.64971,152.0,12.0,275.6,0F
[1246464]	$DSM0D,130419,+51.43337,+22.65272,146.0,15.0,233.4,0F
[1246536]	$DSM0F,130419,+51.44624,+22.61252,166.0,5.0,326.2,0F
[1247000]	$DSM00,130420,+51.44092,+22.57227,7788.0,112.0,185.6,0F
[1248393]	$DSM0B,130421,+51.43280,+22.64776,146.0,14.0,277.0,0F
[1248429]	$DSM0C,130421,+51.43260,+22.64937,152.0,12.0,277.0,0F
[1248464]	$DSM0D,130421,+51.43320,+22.65235,146.0,16.0,233.4,0F
[1248536]	$DSM0F,130421,+51.44629,+22.61248,166.0,3.0,329.1,0F
[1249000]	$DSM00,130422,+51.43890,+22.57210,7788.0,112.0,181.4,0F
[1249107]	$DSM03,130422,+51.43315,+22.65126,190.0,12.0,226.4,0F
[1249143]	$DSM04,130422,+51.43315,+22.65132,182.0,12.0,225.0,6F
[1250107]	$DSM03,130423,+51.43308,+22.65113,192.0,12.0,229.2,0F
[1250143]	$DSM04,130423,+51.43308,+22.65119,182.0,12.0,227.8,6F
[1250393]	$DSM0B,130423,+51.43284,+22.64735,146.0,14.0,278.4,0F
[1250429]	$DSM0C,130423,+51.43264,+22.64902,150.0,11.0,279.8,0F
[1250464]	$DSM0D,130423,+51.43304,+22.65199,146.0,16.0,233.4,0F
[1250536]	$DSM0F,130423,+51.44632,+22.61242,166.0,3.0,326.2,0F
[1251000]	$DSM00,130424,+51.43688,+22.57216,7788.0,113.0,177.2,0F
[1252000]	$DSM00,130425,+51.43584,+22.57227,7786.0,113.0,175.8,0F
[1252107]	$DSM03,130425,+51.43295,+22.65085,194.0,12.0,236.2,0F
[1252143]	$DSM04,130425,+51.43295,+22.65091,186.0,12.0,236.2,6F
[1252393]	$DSM0B,130425,+51.43288,+22.64694,146.0,15.0,278.4,0F
[1252429]	$DSM0C,130425,+51.43268,+22.64868,150.0,12.0,278.4,0F
[1252464]	$DSM0D,130425,+51.43289,+22.65160,146.0,16.0,241.9,0F
[1252536]	$DSM0F,130425,+51.44636,+22.61238,166.0,3.0,327.7,0F
[1253000]	$DSM00,130427,+51.43383,+22.57266,7786.0,113.0,171.6,0F
[1253107]	$DSM03,130427,+51.43284,+22.65055,196.0,12.0,244.7,0F
[1253143]	$DSM04,130427,+51.43284,+22.65059,188.0,11.0,243.3,6F
[1253393]	$DSM0B,130427,+51.43292,+22.64652,146.0,15.0,278.4,0F
[1253429]	$DSM0C,130427,+51.43271,+22.64834,148.0,12.0,278.4,0F
[1253464]	$DSM0D,130427,+51.43276,+22.65119,148.0,16.0,247.5,0F
[1253536]	$DSM0F,130427,+51.44640,+22.61233,166.0,2.0,322.0,0F
[1254393]	$DSM0B,130428,+51.43293,+22.64630,146.0,15.0,278.4,0F
[1254429]	$DSM0C,130428,+51.43273,+22.64817,148.0,12.0,278.4,0F
[1254464]	$DSM0D,130428,+51.43270,+22.65098,148.0,16.0,250.3,0F
[1254536]	$DSM0F,130428,+51.44641,+22.61233,166.0,2.0,317.8,0F
[1255000]	$DSM00,130429,+51.43182,+22.57326,7786.0,112.0,167.3,0F
[1255107]	$DSM03,130429,+51.43276,+22.65025,200.0,11.0,253.1,0F
[1255143]	$DSM04,130429,+51.43276,+22.65031,192.0,11.0,250.3,6F
[1256393]	$DSM0B,130430,+51.43296,+22.64587,146.0,15.0,278.4,0F
[1256429]	$DSM0C,130430,+51.43277,+22.64782,148.0,12.0,279.8,0F
[1256464]	$DSM0D,130430,+51.43262,+22.65055,148.0,15.0,260.2,0F
[1256536]	$DSM0F,130430,+51.44643,+22.61227,166.0,2.0,295.3,0F
[1257000]	$DSM00,130431,+51.42984,+22.57405,7786.0,112.0,164.5,0F
[1257107]	$DSM03,130431,+51.43273,+22.64993,202.0,11.0,260.2,0F
[1257143]	$DSM04,130431,+51.43271,+22.64999,192.0,11.0,260.2,6F
[1258393]	$DSM0B,130432,+51.43301,+22.64544,146.0,16.0,277.0,0F
[1258429]	$DSM0C,130432,+51.43280,+22.64750,148.0,12.0,278.4,0F
[1258464]	$DSM0D,130432,+51.43260,+22.65010,148.0,15.0,271.4,0F
[1258536]	$DSM0F,130432,+51.44643,+22.61220,168.0,2.0,281.2,0F
[1259000]	$DSM00,130433,+51.42790,+22.57506,7786.0,112.0,160.3,0F
[1259107]	$DSM03,130433,+51.43271,+22.64960,204.0,12.0,270.0,0F
[1259143]	$DSM04,130433,+51.43270,+22.64965,194.0,12.0,268.6,6F
[1260000]	$DSM00,130435,+51.42601,+22.57628,7788.0,112.0,157.5,0F
[1260107]	$DSM03,130435,+51.43273,+22.64924,208.0,12.0,275.6,0F
[1260143]	$DSM04,130435,+51.43271,+22.64928,196.0,12.0,274.2,6F
[1260393]	$DSM0B,130435,+51.43308,+22.64478,146.0,15.0,278.4,0F
[1260429]	$DSM0C,130435,+51.43286,+22.64694,148.0,13.0,277.0,0F
[1260464]	$DSM0D,130435,+51.43265,+22.64946,148.0,15.0,278.4,0F
[1260536]	$DSM0F,130435,+51.44641,+22.61210,166.0,3.0,229.2,0F
[1261393]	$DSM0B,130437,+51.43309,+22.64435,146.0,15.0,277.0,0F
[1261429]	$DSM0C,130437,+51.43289,+22.64658,148.0,12.0,278.4,0F
[1261464]	$DSM0D,130437,+51.43270,+22.64902,148.0,15.0,279.8,0F
[1261536]	$DSM0F,130437,+51.44638,+22.61201,164.0,3.0,244.7,0F
[1262000]	$DSM00,130438,+51.42329,+22.57845,7788.0,111.0,151.9,0F
[1262107]	$DSM03,130438,+51.43279,+22.64870,210.0,13.0,277.0,0F
[1262143]	$DSM04,130438,+51.43279,+22.64875,200.0,13.0,282.7,6F
[1263000]	$DSM00,130439,+51.42242,+22.57924,7790.0,111.0,149.1,0F
[1263107]	$DSM03,130439,+51.43280,+22.64851,210.0,14.0,272.8,0F
[1263143]	$DSM04,130439,+51.43280,+22.64855,202.0,14.0,277.0,6F
[1263393]	$DSM0B,130439,+51.43312,+22.64392,146.0,14.0,267.2,0F
[1263429]	$DSM0C,130439,+51.43293,+22.64624,146.0,12.0,278.4,0F
[1263464]	$DSM0D,130439,+51.43274,+22.64860,148.0,15.0,278.4,0F
[1263536]	$DSM0F,130439,+51.44636,+22.61192,162.0,3.0,243.3,0F
[1264393]	$DSM0B,130440,+51.43309,+22.64372,144.0,14.0,261.6,0F
[1264429]	$DSM0C,130440,+51.43295,+22.64606,146.0,12.0,278.4,0F
[1264464]	$DSM0D,130440,+51.43276,+22.64838,148.0,16.0,277.0,0F
[1264536]	$DSM0F,130440,+51.44635,+22.61190,160.0,3.0,241.9,0F
[1265000]	$DSM00,130441,+51.42072,+22.58098,7790.0,111.0,146.2,0F
[1265107]	$DSM03,130441,+51.43279,+22.64810,210.0,15.0,264.4,0F
[1265143]	$DSM04,130441,+51.43280,+22.64810,204.0,15.0,270.0,6F
[1265393]	$DSM0B,130441,+51.43308,+22.64351,144.0,14.0,254.5,0F
[1266107]	$DSM03,130442,+51.43277,+22.64787,210.0,16.0,263.0,0F
[1266143]	$DSM04,130442,+51.43280,+22.64787,204.0,16.0,265.8,6F
[1266429]	$DSM0C,130442,+51.43299,+22.64572,144.0,12.0,279.8,0F
[1266464]	$DSM0D,130442,+51.43280,+22.64793,148.0,15.0,279.8,0F
[1266536]	$DSM0F,130442,+51.44632,+22.61182,160.0,3.0,248.9,0F
[1267000]	$DSM00,130443,+51.41911,+22.58287,7790.0,110.0,142.0,0F
[1268393]	$DSM0B,130444,+51.43292,+22.64300,144.0,13.0,239.1,0F
[1268429]	$DSM0C,130444,+51.43302,+22.64536,144.0,12.0,278.4,0F
[1268464]	$DSM0D,130444,+51.43284,+22.64750,148.0,15.0,278.4,0F
[1268536]	$DSM0F,130444,+51.44632,+22.61173,160.0,3.0,271.4,0F
[1269000]	$DSM00,130445,+51.41757,+22.58491,7790.0,109.0,139.2,0F
[1269107]	$DSM03,130445,+51.43270,+22.64718,210.0,16.0,258.7,0F
[1269143]	$DSM04,130445,+51.43273,+22.64716,210.0,16.0,258.7,6F
[1270000]	$DSM00,130447,+51.41612,+22.58708,7792.0,109.0,136.4,0F
[1270107]	$DSM03,130447,+51.43262,+22.64673,208.0,17.0,255.9,0F
[1270143]	$DSM04,130447,+51.43267,+22.64669,210.0,17.0,257.3,6F
[1270393]	$DSM0B,130447,+51.43273,+22.64252,146.0,13.0,234.8,0F
[1270429]	$DSM0C,130447,+51.43308,+22.64486,142.0,11.0,279.8,0F
[1270464]	$DSM0D,130447,+51.43289,+22.64684,148.0,15.0,277.0,0F
[1270536]	$DSM0F,130447,+51.44636,+22.61165,162.0,1.0,313.6,0F
[1271143]	$DSM04,130448,+51.43262,+22.64645,208.0,17.0,255.9,6F
[1272000]	$DSM00,130449,+51.41476,+22.58935,7792.0,108.0,132.2,0F
[1272107]	$DSM03,130449,+51.43254,+22.64624,206.0,18.0,251.7,0F
[1272393]	$DSM0B,130449,+51.43260,+22.64224,146.0,12.0,234.8,0F
[1272429]	$DSM0C,130449,+51.43311,+22.64454,142.0,11.0,279.8,0F
[1272464]	$DSM0D,130449,+51.43293,+22.64641,148.0,15.0,279.8,0F
[1272536]	$DSM0F,130449,+51.44639,+22.61160,164.0,2.0,329.1,0F
[1273107]	$DSM03,130450,+51.43248,+22.64600,206.0,18.0,248.9,0F
[1273143]	$DSM04,130450,+51.43251,+22.64596,204.0,17.0,250.3,6F
[1273393]	$DSM0B,130450,+51.43255,+22.64210,146.0,11.0,234.8,0F
[1273429]	$DSM0C,130450,+51.43313,+22.64437,140.0,11.0,279.8,0F
[1273464]	$DSM0D,130450,+51.43296,+22.64619,148.0,14.0,278.4,0F
[1274000]	$DSM00,130451,+51.41351,+22.59173,7792.0,107.0,129.4,0F
[1275000]	$DSM00,130452,+51.41291,+22.59298,7792.0,107.0,126.6,0F
[1275107]	$DSM03,130452,+51.43236,+22.64551,204.0,18.0,244.7,0F
[1275143]	$DSM04,130452,+51.43236,+22.64548,202.0,18.0,246.1,6F
[1275393]	$DSM0B,130452,+51.43243,+22.64184,146.0,11.0,234.8,0F
[1275429]	$DSM0C,130452,+51.43314,+22.64402,138.0,12.0,271.4,0F
[1275464]	$DSM0D,130452,+51.43299,+22.64578,148.0,15.0,278.4,0F
[1275536]	$DSM0F,130452,+51.44647,+22.61150,166.0,4.0,303.7,0F
[1276536]	$DSM0F,130453,+51.44648,+22.61143,164.0,5.0,279.8,0F
[1277000]	$DSM00,130454,+51.41180,+22.59549,7792.0,106.0,123.7,0F
[1277107]	$DSM03,130454,+51.43220,+22.64504,204.0,18.0,241.9,0F
[1277143]	$DSM04,130454,+51.43220,+22.64501,198.0,19.0,241.9,6F
[1277393]	$DSM0B,130454,+51.43233,+22.64162,146.0,8.0,244.7,0F
[1277429]	$DSM0C,130454,+51.43313,+22.64366,136.0,13.0,261.6,0F
[1277464]	$DSM0D,130454,+51.43303,+22.64536,148.0,15.0,278.4,0F
[1278464]	$DSM0D,130455,+51.43305,+22.64516,148.0,14.0,278.4,0F
[1278536]	$DSM0F,130455,+51.44647,+22.61124,164.0,7.0,255.9,0F
[1279000]	$DSM00,130456,+51.41080,+22.59811,7792.0,105.0,119.5,0F
[1279107]	$DSM03,130456,+51.43204,+22.64458,204.0,18.0,239.1,0F
[1279143]	$DSM04,130456,+51.43201,+22.64454,196.0,18.0,239.1,6F
[1279393]	$DSM0B,130456,+51.43233,+22.64141,146.0,7.0,300.9,0F
[1279429]	$DSM0C,130456,+51.43305,+22.64330,136.0,13.0,248.9,0F
[1280464]	$DSM0D,130457,+51.43308,+22.64476,148.0,14.0,278.4,0F
[1280536]	$DSM0F,130457,+51.44640,+22.61098,162.0,10.0,247.5,0F
[1281000]	$DSM00,130458,+51.40990,+22.60079,7792.0,105.0,116.7,0F
[1281107]	$DSM03,130458,+51.43186,+22.64416,204.0,18.0,234.8,0F
[1281143]	$DSM04,130458,+51.43184,+22.64409,196.0,18.0,236.2,6F
[1281393]	$DSM0B,130458,+51.43244,+22.64128,146.0,8.0,334.7,0F
[1281429]	$DSM0C,130458,+51.43295,+22.64298,138.0,14.0,239.1,0F
[1282393]	$DSM0B,130500,+51.43257,+22.64119,146.0,8.0,337.5,0F
[1282429]	$DSM0C,130500,+51.43280,+22.64263,138.0,14.0,236.2,0F
[1282464]	$DSM0D,130500,+51.43313,+22.64411,146.0,15.0,272.8,0F
[1282536]	$DSM0F,130500,+51.44630,+22.61055,162.0,10.0,251.7,0F
[1283000]	$DSM00,130501,+51.40870,+22.60486,7792.0,104.0,113.9,0F
[1283107]	$DSM03,130501,+51.43158,+22.64355,208.0,17.0,233.4,0F
[1283143]	$DSM04,130501,+51.43157,+22.64351,200.0,17.0,230.6,6F
[1284143]	$DSM04,130502,+51.43148,+22.64332,202.0,16.0,233.4,6F
[1284536]	$DSM0F,130502,+51.44625,+22.61030,164.0,9.0,254.5,0F
[1285000]	$DSM00,130503,+51.40796,+22.60763,7792.0,104.0,113.9,0F
[1285107]	$DSM03,130503,+51.43141,+22.64319,208.0,15.0,236.2,0F
[1285393]	$DSM0B,130503,+51.43280,+22.64102,146.0,10.0,334.7,0F
[1285429]	$DSM0C,130503,+51.43257,+22.64214,140.0,14.0,233.4,0F
[1285464]	$DSM0D,130503,+51.43308,+22.64349,146.0,15.0,251.7,0F
[1286000]	$DSM00,130504,+51.40758,+22.60901,7792.0,104.0,112.5,0F
[1286107]	$DSM03,130504,+51.43136,+22.64302,210.0,14.0,239.1,0F
[1286143]	$DSM04,130504,+51.43134,+22.64300,204.0,13.0,234.8,6F
[1286393]	$DSM0B,130504,+51.43288,+22.64096,146.0,10.0,333.3,0F
[1286464]	$DSM0D,130504,+51.43303,+22.64328,146.0,15.0,243.3,0F
[1286536]	$DSM0F,130504,+51.44620,+22.61008,164.0,7.0,247.5,0F
[1287464]	$DSM0D,130505,+51.43296,+22.64310,146.0,15.0,239.1,0F
[1287536]	$DSM0F,130505,+51.44619,+22.60997,166.0,6.0,253.1,0F
[1288000]	$DSM00,130506,+51.40688,+22.61178,7790.0,104.0,112.5,0F
[1288107]	$DSM03,130506,+51.43125,+22.64270,210.0,12.0,251.7,0F
[1288143]	$DSM04,130506,+51.43124,+22.64268,206.0,12.0,250.3,6F
[1288393]	$DSM0B,130506,+51.43304,+22.64081,146.0,10.0,326.2,0F
[1288429]	$DSM0C,130506,+51.43235,+22.64169,144.0,11.0,237.7,0F
[1289393]	$DSM0B,130507,+51.43313,+22.64074,146.0,11.0,324.8,0F
[1289429]	$DSM0C,130507,+51.43230,+22.64156,146.0,9.0,254.5,0F
[1289464]	$DSM0D,130507,+51.43280,+22.64274,146.0,15.0,236.2,0F
[1290000]	$DSM00,130508,+51.40616,+22.61454,7790.0,104.0,112.5,0F
[1290107]	$DSM03,130508,+51.43123,+22.64237,210.0,11.0,268.6,0F
[1290143]	$DSM04,130508,+51.43120,+22.64235,208.0,11.0,267.2,6F
[1290536]	$DSM0F,130508,+51.44614,+22.60980,166.0,4.0,247.5,0F
[1291107]	$DSM03,130509,+51.43124,+22.64222,210.0,9.0,278.4,0F
[1291143]	$DSM04,130509,+51.43120,+22.64220,206.0,11.0,267.2,6F
[1291393]	$DSM0B,130509,+51.43329,+22.64055,146.0,11.0,322.0,0F
[1291429]	$DSM0C,130509,+51.43233,+22.64134,148.0,8.0,315.0,0F
[1291464]	$DSM0D,130509,+51.43265,+22.64237,146.0,14.0,234.8,0F
[1292000]	$DSM00,130510,+51.40543,+22.61729,7790.0,104.0,112.5,0F
[1293000]	$DSM00,130511,+51.40508,+22.61868,7792.0,104.0,112.5,0F
[1293107]	$DSM03,130511,+51.43128,+22.64201,208.0,8.0,298.1,0F
[1293143]	$DSM04,130511,+51.43123,+22.64190,206.0,10.0,285.5,6F
[1293393]	$DSM0B,130511,+51.43344,+22.64036,146.0,11.0,320.6,0F
[1293429]	$DSM0C,130511,+51.43248,+22.64124,144.0,9.0,337.5,0F
[1293464]	$DSM0D,130511,+51.43252,+22.64207,146.0,12.0,234.8,0F
[1293536]	$DSM0F,130511,+51.44610,+22.60965,164.0,4.0,260.2,0F
[1294429]	$DSM0C,130512,+51.43257,+22.64117,144.0,10.0,334.7,0F
[1294464]	$DSM0D,130512,+51.43246,+22.64194,146.0,9.0,234.8,0F
[1294536]	$DSM0F,130512,+51.44609,+22.60956,164.0,5.0,267.2,0F
[1295000]	$DSM00,130513,+51.40437,+22.62145,7792.0,103.0,111.1,0F
[1295107]	$DSM03,130513,+51.43138,+22.64184,206.0,7.0,320.6,0F
[1295143]	$DSM04,130513,+51.43131,+22.64166,206.0,9.0,292.5,6F
[1295393]	$DSM0B,130513,+51.43360,+22.64014,146.0,12.0,320.6,0F
[1296393]	$DSM0B,130514,+51.43368,+22.64004,146.0,13.0,319.2,0F
[1296429]	$DSM0C,130514,+51.43272,+22.64104,144.0,9.0,330.5,0F
[1296464]	$DSM0D,130514,+51.43240,+22.64180,146.0,5.0,234.8,0F
[1296536]	$DSM0F,130514,+51.44612,+22.60944,166.0,5.0,296.7,0F
[1297000]	$DSM00,130515,+51.40373,+22.62422,7792.0,103.0,109.7,0F
[1297143]	$DSM04,130515,+51.43139,+22.64149,204.0,8.0,305.2,6F
[1298000]	$DSM00,130516,+51.40344,+22.62564,7792.0,102.0,108.3,0F
[1298107]	$DSM03,130516,+51.43155,+22.64171,202.0,7.0,345.9,0F
[1298143]	$DSM04,130516,+51.43145,+22.64141,206.0,8.0,316.4,6F
[1298393]	$DSM0B,130516,+51.43386,+22.63978,146.0,12.0,310.8,0F
[1298429]	$DSM0C,130516,+51.43289,+22.64092,142.0,9.0,333.3,0F
[1298464]	$DSM0D,130516,+51.43236,+22.64166,146.0,5.0,237.7,0F
[1298536]	$DSM0F,130516,+51.44620,+22.60933,164.0,6.0,324.8,0F
[1299107]	$DSM03,130517,+51.43161,+22.64169,202.0,7.0,354.4,0F
[1300000]	$DSM00,130518,+51.40292,+22.62845,7790.0,102.0,105.5,0F
[1300143]	$DSM04,130518,+51.43157,+22.64130,206.0,8.0,317.8,6F
[1300393]	$DSM0B,130518,+51.43399,+22.63948,148.0,13.0,302.3,0F
[1300429]	$DSM0C,130518,+51.43303,+22.64081,144.0,8.0,333.3,0F
[1300464]	$DSM0D,130518,+51.43232,+22.64154,146.0,5.0,255.9,0F
[1300536]	$DSM0F,130518,+51.44635,+22.60926,162.0,9.0,348.7,0F
[1301000]	$DSM00,130520,+51.40248,+22.63128,7790.0,101.0,102.7,0F
[1301107]	$DSM03,130520,+51.43181,+22.64175,202.0,7.0,11.2,0F
[1301143]	$DSM04,130520,+51.43176,+22.64139,204.0,8.0,2.8,6F
[1301393]	$DSM0B,130520,+51.43411,+22.63916,148.0,13.0,299.5,0F
[1301429]	$DSM0C,130520,+51.43318,+22.64066,142.0,10.0,324.8,0F
[1301464]	$DSM0D,130520,+51.43233,+22.64141,148.0,6.0,308.0,0F
[1301536]	$DSM0F,130520,+51.44655,+22.60920,162.0,11.0,348.7,0F
[1302536]	$DSM0F,130522,+51.44676,+22.60914,164.0,11.0,347.3,0F
[1303000]	$DSM00,130523,+51.40200,+22.63555,7788.0,100.0,98.4,0F
[1303107]	$DSM03,130523,+51.43204,+22.64180,202.0,10.0,358.6,0F
[1303143]	$DSM04,130523,+51.43202,+22.64158,204.0,9.0,2.8,6F
[1303393]	$DSM0B,130523,+51.43427,+22.63868,148.0,12.0,299.5,0F
[1303429]	$DSM0C,130523,+51.43344,+22.64038,144.0,12.0,322.0,0F
[1303464]	$DSM0D,130523,+51.43251,+22.64124,148.0,9.0,334.7,0F
[1304000]	$DSM00,130527,+51.40168,+22.64126,7788.0,99.0,92.8,0F
[1304107]	$DSM03,130527,+51.43252,+22.64173,204.0,16.0,351.6,0F
[1304143]	$DSM04,130527,+51.43252,+22.64173,212.0,15.0,357.2,6F
[1304393]	$DSM0B,130527,+51.43450,+22.63808,148.0,12.0,305.2,0F
[1304429]	$DSM0C,130527,+51.43377,+22.63990,142.0,11.0,319.2,0F
[1304464]	$DSM0D,130527,+51.43284,+22.64098,146.0,11.0,333.3,0F
[1304536]	$DSM0F,130527,+51.44731,+22.60896,164.0,12.0,348.7,0F
[1305000]	$DSM00,130529,+51.40166,+22.64407,7788.0,98.0,90.0,0F
[1305107]	$DSM03,130529,+51.43282,+22.64164,206.0,17.0,350.2,0F
[1305143]	$DSM04,130529,+51.43280,+22.64169,212.0,17.0,351.6,6F
[1305393]	$DSM0B,130529,+51.43463,+22.63782,148.0,12.0,312.2,0F
[1305429]	$DSM0C,130529,+51.43391,+22.63967,144.0,11.0,310.8,0F
[1305464]	$DSM0D,130529,+51.43303,+22.64083,148.0,12.0,331.9,0F
[1305536]	$DSM0F,130529,+51.44754,+22.60892,162.0,12.0,348.7,0F
[1306000]	$DSM00,130530,+51.40167,+22.64548,7786.0,97.0,88.6,0F
[1306107]	$DSM03,130530,+51.43296,+22.64160,206.0,17.0,345.9,0F
[1306143]	$DSM04,130530,+51.43298,+22.64164,210.0,18.0,348.7,6F
[1306393]	$DSM0B,130530,+51.43471,+22.63770,150.0,12.0,315.0,0F
[1306429]	$DSM0C,130530,+51.43397,+22.63952,142.0,12.0,302.3,0F
[1306464]	$DSM0D,130530,+51.43313,+22.64074,148.0,12.0,327.7,0F
[1307536]	$DSM0F,130531,+51.44775,+22.60884,162.0,12.0,348.7,0F
[1308000]	$DSM00,130532,+51.40178,+22.64828,7786.0,97.0,85.8,0F
[1308107]	$DSM03,130532,+51.43324,+22.64143,206.0,15.0,330.5,0F
[1308143]	$DSM04,130532,+51.43326,+22.64152,214.0,15.0,334.7,6F
[1308393]	$DSM0B,130532,+51.43487,+22.63748,150.0,11.0,322.0,0F
[1308429]	$DSM0C,130532,+51.43408,+22.63922,142.0,12.0,300.9,0F
[1308464]	$DSM0D,130532,+51.43331,+22.64055,148.0,13.0,323.4,0F
[1309000]	$DSM00,130534,+51.40196,+22.65102,7786.0,96.0,83.0,0F
[1309107]	$DSM03,130534,+51.43343,+22.64115,208.0,15.0,306.6,0F
[1309143]	$DSM04,130534,+51.43350,+22.64124,216.0,15.0,315.0,6F
[1309393]	$DSM0B,130534,+51.43503,+22.63729,150.0,11.0,324.8,0F
[1309429]	$DSM0C,130534,+51.43418,+22.63892,142.0,11.0,299.5,0F
[1309464]	$DSM0D,130534,+51.43350,+22.64031,148.0,13.0,322.0,0F
[1309536]	$DSM0F,130534,+51.44806,+22.60877,162.0,12.0,348.7,0F
[1310464]	$DSM0D,130535,+51.43360,+22.64018,148.0,13.0,319.2,0F
[1310536]	$DSM0F,130535,+51.44816,+22.60873,162.0,11.0,348.7,0F
[1311000]	$DSM00,130536,+51.40224,+22.65372,7786.0,95.0,80.2,0F
[1311107]	$DSM03,130536,+51.43355,+22.64076,208.0,16.0,286.9,0F
[1311143]	$DSM04,130536,+51.43364,+22.64083,214.0,16.0,300.9,6F
[1311393]	$DSM0B,130536,+51.43519,+22.63710,150.0,11.0,326.2,0F
[1311429]	$DSM0C,130536,+51.43428,+22.63868,140.0,9.0,312.2,0F
[1312107]	$DSM03,130537,+51.43358,+22.64053,208.0,16.0,279.8,0F
[1312393]	$DSM0B,130537,+51.43528,+22.63701,148.0,11.0,326.2,0F
[1312429]	$DSM0C,130537,+51.43434,+22.63856,140.0,10.0,308.0,0F
[1312464]	$DSM0D,130537,+51.43377,+22.63995,150.0,13.0,316.4,0F
[1312536]	$DSM0F,130537,+51.44836,+22.60868,162.0,11.0,357.2,0F
[1313000]	$DSM00,130538,+51.40260,+22.65638,7786.0,94.0,77.3,0F
[1314143]	$DSM04,130539,+51.43372,+22.64008,202.0,17.0,281.2,6F
[1314393]	$DSM0B,130539,+51.43544,+22.63682,150.0,11.0,326.2,0F
[1314429]	$DSM0C,130539,+51.43444,+22.63832,140.0,10.0,306.6,0F
[1314464]	$DSM0D,130539,+51.43392,+22.63965,150.0,13.0,305.2,0F
[1314536]	$DSM0F,130539,+51.44858,+22.60871,160.0,12.0,4.2,0F
[1315000]	$DSM00,130540,+51.40304,+22.65898,7786.0,93.0,74.5,0F
[1315107]	$DSM03,130540,+51.43362,+22.63980,206.0,17.0,277.0,0F
[1316536]	$DSM0F,130541,+51.44881,+22.60875,160.0,13.0,8.4,0F
[1317000]	$DSM00,130542,+51.40356,+22.66151,7786.0,92.0,70.3,0F
[1317107]	$DSM03,130542,+51.43365,+22.63933,206.0,16.0,278.4,0F
[1317143]	$DSM04,130542,+51.43373,+22.63933,192.0,17.0,278.4,6F
[1317393]	$DSM0B,130542,+51.43570,+22.63656,150.0,11.0,329.1,0F
[1317429]	$DSM0C,130542,+51.43461,+22.63793,140.0,10.0,309.4,0F
[1317464]	$DSM0D,130542,+51.43412,+22.63913,150.0,13.0,298.1,0F
[1318536]	$DSM0F,130545,+51.44927,+22.60875,160.0,12.0,354.4,0F
[1319000]	$DSM00,130546,+51.40484,+22.66638,7786.0,91.0,64.7,0F
[1319107]	$DSM03,130546,+51.43380,+22.63845,204.0,14.0,291.1,0F
[1319143]	$DSM04,130546,+51.43383,+22.63845,192.0,13.0,286.9,6F
[1319393]	$DSM0B,130546,+51.43604,+22.63622,150.0,10.0,322.0,0F
[1319429]	$DSM0C,130546,+51.43488,+22.63750,140.0,11.0,326.2,0F
[1319464]	$DSM0D,130546,+51.43434,+22.63851,150.0,12.0,300.9,0F
[1320464]	$DSM0D,130547,+51.43440,+22.63836,152.0,12.0,302.3,0F
[1320536]	$DSM0F,130547,+51.44947,+22.60871,160.0,12.0,350.2,0F
[1321000]	$DSM00,130548,+51.40558,+22.66868,7786.0,90.0,61.9,0F
[1321107]	$DSM03,130548,+51.43390,+22.63810,204.0,13.0,302.3,0F
[1321143]	$DSM04,130548,+51.43392,+22.63810,194.0,13.0,302.3,6F
[1321393]	$DSM0B,130548,+51.43617,+22.63602,150.0,10.0,316.4,0F
[1321429]	$DSM0C,130548,+51.43504,+22.63731,140.0,11.0,324.8,0F
[1322429]	$DSM0C,130549,+51.43512,+22.63722,140.0,11.0,324.8,0F
[1322464]	$DSM0D,130549,+51.43452,+22.63808,152.0,12.0,305.2,0F
[1322536]	$DSM0F,130549,+51.44968,+22.60864,160.0,12.0,351.6,0F
[1323000]	$DSM00,130550,+51.40640,+22.67089,7784.0,89.0,59.1,0F
[1323107]	$DSM03,130550,+51.43405,+22.63782,202.0,12.0,313.6,0F
[1323143]	$DSM04,130550,+51.43406,+22.63782,192.0,12.0,312.2,6F
[1323393]	$DSM0B,130550,+51.43629,+22.63581,150.0,10.0,310.8,0F
[1323536]	$DSM0F,130550,+51.44979,+22.60862,160.0,12.0,351.6,0F
[1324000]	$DSM00,130551,+51.40684,+22.67196,7784.0,89.0,56.2,0F
[1324107]	$DSM03,130551,+51.43412,+22.63770,202.0,12.0,317.8,0F
[1324143]	$DSM04,130551,+51.43412,+22.63772,192.0,11.0,317.8,6F
[1324393]	$DSM0B,130551,+51.43636,+22.63568,150.0,10.0,309.4,0F
[1324429]	$DSM0C,130551,+51.43528,+22.63705,140.0,11.0,330.5,0F
[1324464]	$DSM0D,130551,+51.43466,+22.63782,152.0,11.0,315.0,0F
[1325000]	$DSM00,130553,+51.40776,+22.67404,7784.0,88.0,53.4,0F
[1325107]	$DSM03,130553,+51.43428,+22.63752,200.0,11.0,329.1,0F
[1325143]	$DSM04,130553,+51.43428,+22.63752,188.0,11.0,329.1,6F
[1325393]	$DSM0B,130553,+51.43648,+22.63548,152.0,10.0,312.2,0F
[1325429]	$DSM0C,130553,+51.43544,+22.63688,138.0,11.0,331.9,0F
[1325464]	$DSM0D,130553,+51.43479,+22.63759,152.0,11.0,317.8,0F
[1325536]	$DSM0F,130553,+51.45013,+22.60851,160.0,13.0,348.7,0F
[1326143]	$DSM04,130554,+51.43437,+22.63746,186.0,10.0,333.3,6F
[1326536]	$DSM0F,130554,+51.45024,+22.60849,160.0,13.0,350.2,0F
[1327107]	$DSM03,130555,+51.43446,+22.63740,198.0,10.0,340.3,0F
[1327393]	$DSM0B,130555,+51.43658,+22.63527,152.0,10.0,315.0,0F
[1327429]	$DSM0C,130555,+51.43562,+22.63671,138.0,11.0,329.1,0F
[1327464]	$DSM0D,130555,+51.43495,+22.63740,152.0,11.0,323.4,0F
[1328000]	$DSM00,130556,+51.40926,+22.67696,7784.0,87.0,49.2,0F
[1329536]	$DSM0F,130557,+51.45060,+22.60838,160.0,13.0,350.2,0F
[1330000]	$DSM00,130558,+51.41033,+22.67879,7784.0,86.0,45.0,0F
[1330107]	$DSM03,130558,+51.43472,+22.63731,198.0,11.0,355.8,0F
[1330143]	$DSM04,130558,+51.43472,+22.63731,182.0,10.0,355.8,6F
[1330393]	$DSM0B,130558,+51.43676,+22.63501,152.0,9.0,320.6,0F
[1330429]	$DSM0C,130558,+51.43588,+22.63643,138.0,11.0,327.7,0F
[1330464]	$DSM0D,130558,+51.43520,+22.63710,152.0,12.0,324.8,0F
[1331536]	$DSM0F,130559,+51.45081,+22.60832,160.0,13.0,350.2,0F
[1332143]	$DSM04,130600,+51.43492,+22.63731,182.0,11.0,2.8,6F
[1332393]	$DSM0B,130600,+51.43691,+22.63486,154.0,9.0,327.7,0F
[1332429]	$DSM0C,130600,+51.43604,+22.63626,138.0,11.0,327.7,0F
[1332464]	$DSM0D,130600,+51.43538,+22.63690,152.0,12.0,326.2,0F
[1333000]	$DSM00,130601,+51.41203,+22.68128,7784.0,85.0,40.8,0F
[1333107]	$DSM03,130601,+51.43504,+22.63733,200.0,12.0,2.8,0F
[1334107]	$DSM03,130602,+51.43516,+22.63735,200.0,12.0,1.4,0F
[1334143]	$DSM04,130602,+51.43513,+22.63735,184.0,12.0,4.2,6F
[1334393]	$DSM0B,130602,+51.43705,+22.63476,154.0,9.0,334.7,0F
[1334429]	$DSM0C,130602,+51.43619,+22.63606,138.0,10.0,319.2,0F
[1334464]	$DSM0D,130602,+51.43556,+22.63671,152.0,12.0,326.2,0F
[1334536]	$DSM0F,130602,+51.45116,+22.60824,158.0,13.0,350.2,0F
[1335000]	$DSM00,130603,+51.41323,+22.68280,7786.0,84.0,38.0,0F
[1336000]	$DSM00,130604,+51.41385,+22.68353,7786.0,84.0,35.2,0F
[1336107]	$DSM03,130604,+51.43537,+22.63733,200.0,11.0,354.4,0F
[1336143]	$DSM04,130604,+51.43535,+22.63735,188.0,12.0,357.2,6F
[1336393]	$DSM0B,130604,+51.43721,+22.63465,152.0,11.0,341.7,0F
[1336429]	$DSM0C,130604,+51.43632,+22.63585,138.0,10.0,313.6,0F
[1336464]	$DSM0D,130604,+51.43573,+22.63654,152.0,11.0,329.1,0F
[1337536]	$DSM0F,130605,+51.45149,+22.60815,156.0,13.0,350.2,0F
[1338000]	$DSM00,130606,+51.41510,+22.68486,7786.0,83.0,32.3,0F
[1338107]	$DSM03,130606,+51.43554,+22.63727,202.0,9.0,336.1,0F
[1338143]	$DSM04,130606,+51.43554,+22.63731,190.0,10.0,341.7,6F
[1338393]	$DSM0B,130606,+51.43741,+22.63456,152.0,12.0,344.5,0F
[1338429]	$DSM0C,130606,+51.43644,+22.63564,138.0,10.0,317.8,0F
[1338464]	$DSM0D,130606,+51.43591,+22.63636,152.0,11.0,326.2,0F
[1339000]	$DSM00,130608,+51.41640,+22.68606,7786.0,83.0,29.5,0F
[1339107]	$DSM03,130608,+51.43567,+22.63712,202.0,9.0,312.2,0F
[1339143]	$DSM04,130608,+51.43569,+22.63718,192.0,9.0,316.4,6F
[1339393]	$DSM0B,130608,+51.43761,+22.63446,152.0,12.0,344.5,0F
[1339429]	$DSM0C,130608,+51.43656,+22.63542,136.0,10.0,315.0,0F
[1339464]	$DSM0D,130608,+51.43608,+22.63615,154.0,12.0,319.2,0F
[1339536]	$DSM0F,130608,+51.45182,+22.60806,158.0,12.0,351.6,0F
[1340143]	$DSM04,130609,+51.43575,+22.63705,194.0,10.0,308.0,6F
[1341000]	$DSM00,130610,+51.41773,+22.68716,7786.0,82.0,25.3,0F
[1341107]	$DSM03,130610,+51.43578,+22.63688,202.0,10.0,299.5,0F
[1341393]	$DSM0B,130610,+51.43783,+22.63437,150.0,12.0,343.1,0F
[1341429]	$DSM0C,130610,+51.43670,+22.63518,138.0,12.0,320.6,0F
[1341464]	$DSM0D,130610,+51.43624,+22.63592,154.0,12.0,313.6,0F
[1341536]	$DSM0F,130610,+51.45204,+22.60800,158.0,12.0,350.2,0F
[1342000]	$DSM00,130612,+51.41908,+22.68808,7786.0,82.0,22.5,0F
[1342107]	$DSM03,130612,+51.43586,+22.63660,202.0,11.0,296.7,0F
[1342143]	$DSM04,130612,+51.43590,+22.63664,198.0,11.0,296.7,6F
[1342393]	$DSM0B,130612,+51.43804,+22.63424,150.0,13.0,336.1,0F
[1342429]	$DSM0C,130612,+51.43688,+22.63497,140.0,12.0,327.7,0F
[1342464]	$DSM0D,130612,+51.43637,+22.63568,154.0,11.0,310.8,0F
[1342536]	$DSM0F,130612,+51.45227,+22.60796,156.0,13.0,350.2,0F
[1343536]	$DSM0F,130613,+51.45239,+22.60791,156.0,14.0,350.2,0F
[1344000]	$DSM00,130614,+51.42047,+22.68889,7786.0,82.0,18.3,0F
[1344107]	$DSM03,130614,+51.43594,+22.63632,200.0,10.0,298.1,0F
[1344143]	$DSM04,130614,+51.43598,+22.63639,198.0,10.0,296.7,6F
[1344393]	$DSM0B,130614,+51.43824,+22.63407,150.0,13.0,331.9,0F
[1344429]	$DSM0C,130614,+51.43705,+22.63478,142.0,12.0,330.5,0F
[1344464]	$DSM0D,130614,+51.43648,+22.63546,154.0,9.0,313.6,0F
[1345393]	$DSM0B,130615,+51.43836,+22.63398,150.0,12.0,330.5,0F
[1345429]	$DSM0C,130615,+51.43714,+22.63469,142.0,12.0,338.9,0F
[1345464]	$DSM0D,130615,+51.43654,+22.63536,154.0,9.0,313.6,0F
[1345536]	$DSM0F,130615,+51.45264,+22.60785,156.0,14.0,351.6,0F
[1346000]	$DSM00,130616,+51.42188,+22.68958,7788.0,81.0,15.5,0F
[1346107]	$DSM03,130616,+51.43604,+22.63606,198.0,10.0,300.9,0F
[1347000]	$DSM00,130618,+51.42330,+22.69012,7788.0,81.0,12.7,0F
[1347107]	$DSM03,130618,+51.43613,+22.63581,198.0,11.0,305.2,0F
[1347143]	$DSM04,130618,+51.43616,+22.63585,194.0,10.0,302.3,6F
[1347393]	$DSM0B,130618,+51.43863,+22.63370,150.0,12.0,327.7,0F
[1347429]	$DSM0C,130618,+51.43744,+22.63452,142.0,12.0,340.3,0F
[1347464]	$DSM0D,130618,+51.43673,+22.63508,154.0,10.0,320.6,0F
[1347536]	$DSM0F,130618,+51.45301,+22.60774,156.0,14.0,350.2,0F
[1348143]	$DSM04,130619,+51.43622,+22.63574,194.0,10.0,310.8,6F
[1349000]	$DSM00,130620,+51.42472,+22.69050,7788.0,81.0,8.4,0F
[1349107]	$DSM03,130620,+51.43627,+22.63559,198.0,11.0,322.0,0F
[1349393]	$DSM0B,130620,+51.43881,+22.63353,150.0,12.0,329.1,0F
[1349429]	$DSM0C,130620,+51.43764,+22.63441,142.0,11.0,343.1,0F
[1349464]	$DSM0D,130620,+51.43688,+22.63488,154.0,11.0,323.4,0F
[1349536]	$DSM0F,130620,+51.45327,+22.60768,156.0,14.0,351.6,0F
[1350536]	$DSM0F,130621,+51.45339,+22.60766,156.0,14.0,351.6,0F
[1351000]	$DSM00,130622,+51.42617,+22.69076,7788.0,80.0,5.6,0F
[1351107]	$DSM03,130622,+51.43645,+22.63546,196.0,12.0,345.9,0F
[1351143]	$DSM04,130622,+51.43645,+22.63548,192.0,12.0,344.5,6F
[1351393]	$DSM0B,130622,+51.43899,+22.63336,150.0,11.0,327.7,0F
[1351429]	$DSM0C,130622,+51.43783,+22.63430,142.0,11.0,347.3,0F
[1351464]	$DSM0D,130622,+51.43707,+22.63474,154.0,12.0,337.5,0F
[1352107]	$DSM03,130623,+51.43657,+22.63542,196.0,13.0,353.0,0F
[1352393]	$DSM0B,130623,+51.43907,+22.63328,150.0,11.0,324.8,0F
[1352429]	$DSM0C,130623,+51.43790,+22.63428,140.0,10.0,344.5,0F
[1352464]	$DSM0D,130623,+51.43716,+22.63467,154.0,13.0,340.3,0F
[1352536]	$DSM0F,130623,+51.45364,+22.60757,156.0,15.0,350.2,0F
[1353000]	$DSM00,130624,+51.42764,+22.69089,7788.0,80.0,1.4,0F
[1353143]	$DSM04,130624,+51.43671,+22.63544,192.0,15.0,357.2,6F
[1354143]	$DSM04,130625,+51.43685,+22.63544,192.0,15.0,358.6,6F
[1354393]	$DSM0B,130625,+51.43924,+22.63308,150.0,11.0,323.4,0F
[1354429]	$DSM0C,130625,+51.43809,+22.63416,140.0,12.0,338.9,0F
[1354464]	$DSM0D,130625,+51.43740,+22.63456,154.0,13.0,344.5,0F
[1354536]	$DSM0F,130625,+51.45390,+22.60750,156.0,14.0,351.6,0F
[1355000]	$DSM00,130626,+51.42908,+22.69087,7788.0,80.0,358.6,0F
[1355107]	$DSM03,130626,+51.43696,+22.63540,196.0,15.0,357.2,0F
[1356107]	$DSM03,130627,+51.43710,+22.63538,196.0,15.0,354.4,0F
[1356143]	$DSM04,130627,+51.43711,+22.63544,192.0,15.0,357.2,6F
[1356393]	$DSM0B,130627,+51.43940,+22.63289,150.0,11.0,323.4,0F
[1356429]	$DSM0C,130627,+51.43830,+22.63400,138.0,13.0,333.3,0F
[1356464]	$DSM0D,130627,+51.43762,+22.63446,152.0,13.0,344.5,0F
[1356536]	$DSM0F,130627,+51.45412,+22.60744,156.0,13.0,350.2,0F
[1357000]	$DSM00,130628,+51.43052,+22.69072,7788.0,80.0,354.4,0F
[1358000]	$DSM00,130629,+51.43124,+22.69059,7788.0,80.0,353.0,0F
[1358107]	$DSM03,130629,+51.43738,+22.63532,194.0,15.0,348.7,0F
[1358143]	$DSM04,130629,+51.43736,+22.63540,194.0,15.0,350.2,6F
[1358393]	$DSM0B,130629,+51.43956,+22.63270,150.0,11.0,324.8,0F
[1358429]	$DSM0C,130629,+51.43850,+22.63381,136.0,12.0,333.3,0F
[1358464]	$DSM0D,130629,+51.43785,+22.63435,152.0,13.0,340.3,0F
[1358536]	$DSM0F,130629,+51.45436,+22.60738,158.0,13.0,350.2,0F
[1359393]	$DSM0B,130630,+51.43963,+22.63261,150.0,10.0,326.2,0F
[1359429]	$DSM0C,130630,+51.43859,+22.63373,136.0,12.0,333.3,0F
[1359464]	$DSM0D,130630,+51.43796,+22.63428,152.0,13.0,337.5,0F
[1359536]	$DSM0F,130630,+51.45447,+22.60736,158.0,13.0,350.2,0F
[1360000]	$DSM00,130631,+51.43268,+22.69020,7788.0,80.0,350.2,0F
[1360107]	$DSM03,130631,+51.43762,+22.63521,192.0,14.0,337.5,0F
[1360143]	$DSM04,130631,+51.43761,+22.63527,192.0,15.0,338.9,6F
[1361393]	$DSM0B,130632,+51.43978,+22.63246,150.0,10.0,327.7,0F
[1361429]	$DSM0C,130632,+51.43880,+22.63356,136.0,12.0,331.9,0F
[1361464]	$DSM0D,130632,+51.43817,+22.63411,152.0,13.0,333.3,0F
[1361536]	$DSM0F,130632,+51.45470,+22.60729,158.0,13.0,350.2,0F
[1362000]	$DSM00,130633,+51.43408,+22.68971,7788.0,80.0,345.9,0F
[1362107]	$DSM03,130633,+51.43784,+22.63499,192.0,13.0,320.6,0F
[1362143]	$DSM04,130633,+51.43780,+22.63508,188.0,13.0,323.4,6F
[1362536]	$DSM0F,130633,+51.45481,+22.60725,158.0,12.0,350.2,0F
[1363107]	$DSM03,130634,+51.43792,+22.63486,194.0,12.0,315.0,0F
[1363143]	$DSM04,130634,+51.43789,+22.63497,188.0,12.0,316.4,6F
[1363393]	$DSM0B,130634,+51.43994,+22.63231,150.0,10.0,330.5,0F
[1363429]	$DSM0C,130634,+51.43899,+22.63338,136.0,12.0,333.3,0F
[1363464]	$DSM0D,130634,+51.43839,+22.63392,152.0,14.0,327.7,0F
[1364000]	$DSM00,130635,+51.43548,+22.68906,7788.0,81.0,343.1,0F
[1365107]	$DSM03,130636,+51.43805,+22.63463,194.0,11.0,306.6,0F
[1365143]	$DSM04,130636,+51.43804,+22.63469,190.0,11.0,305.2,6F
[1365393]	$DSM0B,130636,+51.44010,+22.63216,150.0,11.0,333.3,0F
[1365429]	$DSM0C,130636,+51.43919,+22.63319,136.0,13.0,331.9,0F
[1365464]	$DSM0D,130636,+51.43860,+22.63373,152.0,14.0,327.7,0F
[1365536]	$DSM0F,130636,+51.45512,+22.60716,158.0,12.0,351.6,0F
[1366000]	$DSM00,130637,+51.43685,+22.68829,7788.0,81.0,338.9,0F
[1366536]	$DSM0F,130637,+51.45523,+22.60714,158.0,12.0,351.6,0F
[1367000]	$DSM00,130638,+51.43754,+22.68784,7788.0,81.0,337.5,0F
[1367107]	$DSM03,130638,+51.43816,+22.63437,196.0,10.0,303.7,0F
[1367143]	$DSM04,130638,+51.43814,+22.63446,194.0,9.0,302.3,6F
[1367393]	$DSM0B,130638,+51.44028,+22.63201,152.0,11.0,334.7,0F
[1367429]	$DSM0C,130638,+51.43940,+22.63298,134.0,14.0,324.8,0F
[1367464]	$DSM0D,130638,+51.43881,+22.63351,152.0,13.0,329.1,0F
[1368464]	$DSM0D,130639,+51.43891,+22.63340,152.0,14.0,327.7,0F
[1368536]	$DSM0F,130639,+51.45544,+22.60710,158.0,11.0,351.6,0F
[1369000]	$DSM00,130640,+51.43886,+22.68688,7790.0,81.0,333.3,0F
[1369107]	$DSM03,130640,+51.43826,+22.63413,196.0,8.0,309.4,0F
[1369143]	$DSM04,130640,+51.43823,+22.63422,196.0,8.0,309.4,6F
[1369393]	$DSM0B,130640,+51.44045,+22.63188,152.0,11.0,331.9,0F
[1369429]	$DSM0C,130640,+51.43960,+22.63274,134.0,14.0,327.7,0F
[1370393]	$DSM0B,130641,+51.44054,+22.63180,152.0,11.0,330.5,0F
[1370429]	$DSM0C,130641,+51.43971,+22.63261,134.0,14.0,329.1,0F
[1370464]	$DSM0D,130641,+51.43912,+22.63319,152.0,13.0,323.4,0F
[1370536]	$DSM0F,130641,+51.45561,+22.60703,158.0,10.0,348.7,0F
[1371000]	$DSM00,130642,+51.44016,+22.68576,7790.0,82.0,330.5,0F
[1371107]	$DSM03,130642,+51.43836,+22.63398,198.0,7.0,320.6,0F
[1371143]	$DSM04,130642,+51.43833,+22.63405,196.0,8.0,319.2,6F
[1372000]	$DSM00,130643,+51.44079,+22.68516,7790.0,82.0,329.1,0F
[1372107]	$DSM03,130643,+51.43840,+22.63394,198.0,7.0,324.8,0F
[1372143]	$DSM04,130643,+51.43837,+22.63396,194.0,7.0,320.6,6F
[1372393]	$DSM0B,130643,+51.44072,+22.63160,152.0,13.0,322.0,0F
[1372429]	$DSM0C,130643,+51.43991,+22.63242,136.0,13.0,331.9,0F
[1372464]	$DSM0D,130643,+51.43930,+22.63298,152.0,12.0,323.4,0F
[1372536]	$DSM0F,130643,+51.45578,+22.60697,158.0,9.0,350.2,0F
[1373107]	$DSM03,130644,+51.43845,+22.63388,200.0,6.0,330.5,0F
[1373393]	$DSM0B,130644,+51.44082,+22.63147,154.0,14.0,317.8,0F
[1373429]	$DSM0C,130644,+51.44000,+22.63233,136.0,12.0,334.7,0F
[1373464]	$DSM0D,130644,+51.43938,+22.63287,152.0,12.0,322.0,0F
[1373536]	$DSM0F,130644,+51.45585,+22.60695,158.0,9.0,351.6,0F
[1374000]	$DSM00,130645,+51.44202,+22.68385,7790.0,82.0,324.8,0F
[1374143]	$DSM04,130645,+51.43846,+22.63386,192.0,7.0,330.5,6F
[1375393]	$DSM0B,130646,+51.44101,+22.63115,154.0,17.0,308.0,0F
[1375429]	$DSM0C,130646,+51.44020,+22.63216,138.0,12.0,333.3,0F
[1375464]	$DSM0D,130646,+51.43956,+22.63265,152.0,13.0,324.8,0F
[1375536]	$DSM0F,130646,+51.45602,+22.60692,156.0,9.0,353.0,0F
[1376000]	$DSM00,130647,+51.44321,+22.68244,7790.0,83.0,322.0,0F
[1376107]	$DSM03,130647,+51.43860,+22.63377,200.0,7.0,340.3,0F
[1376143]	$DSM04,130647,+51.43856,+22.63377,190.0,7.0,337.5,6F
[1377000]	$DSM00,130648,+51.44380,+22.68168,7790.0,83.0,320.6,0F
[1377107]	$DSM03,130648,+51.43867,+22.63375,200.0,8.0,340.3,0F
[1377143]	$DSM04,130648,+51.43863,+22.63373,190.0,8.0,340.3,6F
[1377393]	$DSM0B,130648,+51.44122,+22.63076,154.0,18.0,316.4,0F
[1377429]	$DSM0C,130648,+51.44039,+22.63199,138.0,12.0,334.7,0F
[1377464]	$DSM0D,130648,+51.43976,+22.63246,152.0,12.0,327.7,0F
[1377536]	$DSM0F,130648,+51.45616,+22.60686,158.0,7.0,347.3,0F
[1378143]	$DSM04,130649,+51.43870,+22.63368,188.0,8.0,341.7,6F
[1379107]	$DSM03,130650,+51.43884,+22.63362,200.0,13.0,336.1,0F
[1379393]	$DSM0B,130650,+51.44150,+22.63046,154.0,20.0,334.7,0F
[1379429]	$DSM0C,130650,+51.44057,+22.63182,138.0,12.0,333.3,0F
[1379464]	$DSM0D,130650,+51.43993,+22.63227,152.0,12.0,331.9,0F
[1379536]	$DSM0F,130650,+51.45624,+22.60684,160.0,4.0,350.2,0F
[1380000]	$DSM00,130651,+51.44545,+22.67922,7792.0,83.0,315.0,0F
[1380464]	$DSM0D,130651,+51.44003,+22.63218,152.0,12.0,331.9,0F
[1380536]	$DSM0F,130651,+51.45627,+22.60684,160.0,5.0,348.7,0F
[1381000]	$DSM00,130652,+51.44597,+22.67836,7792.0,84.0,313.6,0F
[1381107]	$DSM03,130652,+51.43907,+22.63345,198.0,17.0,334.7,0F
[1381143]	$DSM04,130652,+51.43896,+22.63351,186.0,12.0,340.3,6F
[1381393]	$DSM0B,130652,+51.44184,+22.63023,152.0,22.0,334.7,0F
[1381429]	$DSM0C,130652,+51.44076,+22.63162,140.0,12.0,327.7,0F
[1382000]	$DSM00,130653,+51.44648,+22.67746,7792.0,84.0,312.2,0F
[1382107]	$DSM03,130653,+51.43922,+22.63334,198.0,19.0,336.1,0F
[1382143]	$DSM04,130653,+51.43907,+22.63345,186.0,14.0,338.9,6F
[1382393]	$DSM0B,130653,+51.44201,+22.63010,152.0,21.0,334.7,0F
[1382429]	$DSM0C,130653,+51.44085,+22.63152,140.0,12.0,323.4,0F
[1382464]	$DSM0D,130653,+51.44023,+22.63203,152.0,12.0,334.7,0F
[1382536]	$DSM0F,130653,+51.45636,+22.60682,158.0,4.0,351.6,0F
[1383000]	$DSM00,130655,+51.44746,+22.67559,7792.0,85.0,309.4,0F
[1383107]	$DSM03,130655,+51.43956,+22.63310,196.0,21.0,337.5,0F
[1383143]	$DSM04,130655,+51.43941,+22.63319,186.0,19.0,336.1,6F
[1383393]	$DSM0B,130655,+51.44236,+22.62984,152.0,21.0,338.9,0F
[1383429]	$DSM0C,130655,+51.44100,+22.63126,142.0,13.0,312.2,0F
[1383464]	$DSM0D,130655,+51.44041,+22.63188,154.0,12.0,331.9,0F
[1383536]	$DSM0F,130655,+51.45644,+22.60680,158.0,5.0,350.2,0F
[1384107]	$DSM03,130656,+51.43975,+22.63298,194.0,22.0,337.5,0F
[1384393]	$DSM0B,130656,+51.44254,+22.62974,152.0,21.0,340.3,0F
[1384429]	$DSM0C,130656,+51.44108,+22.63109,142.0,12.0,308.0,0F
[1384464]	$DSM0D,130656,+51.44052,+22.63180,154.0,12.0,330.5,0F
[1384536]	$DSM0F,130656,+51.45648,+22.60680,158.0,5.0,350.2,0F
[1385000]	$DSM00,130657,+51.44842,+22.67368,7792.0,85.0,308.0,0F
[1385143]	$DSM04,130657,+51.43985,+22.63293,190.0,22.0,337.5,6F
[1385429]	$DSM0C,130657,+51.44116,+22.63096,142.0,12.0,310.8,0F
[1386393]	$DSM0B,130658,+51.44288,+22.62950,152.0,21.0,334.7,0F
[1386464]	$DSM0D,130658,+51.44069,+22.63160,154.0,12.0,322.0,0F
[1386536]	$DSM0F,130658,+51.45657,+22.60678,158.0,5.0,351.6,0F
[1387000]	$DSM00,130659,+51.44935,+22.67173,7792.0,85.0,306.6,0F
[1387107]	$DSM03,130659,+51.44025,+22.63257,194.0,21.0,326.2,0F
[1387143]	$DSM04,130659,+51.44026,+22.63259,194.0,21.0,329.1,6F
[1388393]	$DSM0B,130700,+51.44321,+22.62922,152.0,20.0,331.9,0F
[1388429]	$DSM0C,130700,+51.44139,+22.63055,144.0,13.0,326.2,0F
[1388464]	$DSM0D,130700,+51.44086,+22.63139,156.0,12.0,315.0,0F
[1388536]	$DSM0F,130700,+51.45664,+22.60675,158.0,5.0,351.6,0F
[1389000]	$DSM00,130701,+51.45026,+22.66975,7794.0,85.0,306.6,0F
[1389036]	$DSM01,130701,+51.46223,+22.60802,196.0,0.0,0.0,0F
[1389107]	$DSM03,130701,+51.44053,+22.63220,196.0,19.0,315.0,0F
[1389143]	$DSM04,130701,+51.44056,+22.63222,194.0,20.0,316.4,6F
[1389536]	$DSM0F,130701,+51.45668,+22.60675,158.0,4.0,351.6,0F
[1390143]	$DSM04,130702,+51.44068,+22.63201,194.0,19.0,310.8,6F
[1390393]	$DSM0B,130702,+51.44353,+22.62900,152.0,20.0,343.1,0F
[1390429]	$DSM0C,130702,+51.44160,+22.63036,144.0,13.0,340.3,0F
[1390464]	$DSM0D,130702,+51.44100,+22.63113,156.0,12.0,306.6,0F
[1391000]	$DSM00,130703,+51.45117,+22.66776,7794.0,85.0,306.6,0F
[1391036]	$DSM01,130703,+51.46223,+22.60804,196.0,0.0,0.0,0F
[1391107]	$DSM03,130703,+51.44076,+22.63177,200.0,19.0,309.4,0F
[1392000]	$DSM00,130704,+51.45163,+22.66675,7794.0,85.0,305.2,0F
[1392107]	$DSM03,130704,+51.44086,+22.63158,202.0,18.0,312.2,0F
[1392143]	$DSM04,130704,+51.44086,+22.63158,194.0,18.0,310.8,6F
[1392393]	$DSM0B,130704,+51.44389,+22.62894,150.0,19.0,2.8,0F
[1392429]	$DSM0C,130704,+51.44184,+22.63023,144.0,14.0,340.3,0F
[1392464]	$DSM0D,130704,+51.44114,+22.63083,156.0,12.0,310.8,0F
[1392536]	$DSM0F,130704,+51.45679,+22.60671,158.0,4.0,348.7,0F
[1393536]	$DSM0F,130705,+51.45683,+22.60671,158.0,4.0,351.6,0F
[1394000]	$DSM00,130706,+51.45252,+22.66473,7796.0,85.0,305.2,0F
[1394107]	$DSM03,130706,+51.44110,+22.63122,204.0,18.0,322.0,0F
[1394143]	$DSM04,130706,+51.44110,+22.63122,194.0,18.0,322.0,6F
[1394393]	$DSM0B,130706,+51.44425,+22.62903,150.0,21.0,9.8,0F
[1394429]	$DSM0C,130706,+51.44207,+22.63006,144.0,15.0,333.3,0F
[1394464]	$DSM0D,130706,+51.44130,+22.63059,156.0,13.0,324.8,0F
[1395000]	$DSM00,130708,+51.45339,+22.66270,7794.0,86.0,305.2,0F
[1395107]	$DSM03,130708,+51.44135,+22.63089,206.0,18.0,319.2,0F
[1395143]	$DSM04,130708,+51.44133,+22.63089,194.0,18.0,319.2,6F
[1395393]	$DSM0B,130708,+51.44464,+22.62911,150.0,22.0,7.0,0F
[1395429]	$DSM0C,130708,+51.44231,+22.62984,144.0,15.0,334.7,0F
[1395464]	$DSM0D,130708,+51.44151,+22.63040,156.0,13.0,334.7,0F
[1395536]	$DSM0F,130708,+51.45698,+22.60667,156.0,7.0,351.6,0F
[1396393]	$DSM0B,130709,+51.44482,+22.62916,150.0,21.0,5.6,0F
[1396429]	$DSM0C,130709,+51.44243,+22.62976,144.0,15.0,337.5,0F
[1396464]	$DSM0D,130709,+51.44161,+22.63034,156.0,13.0,337.5,0F
[1396536]	$DSM0F,130709,+51.45705,+22.60667,154.0,8.0,351.6,0F
[1397000]	$DSM00,130710,+51.45426,+22.66066,7794.0,86.0,305.2,0F
[1397036]	$DSM01,130710,+51.46223,+22.60802,196.0,0.0,0.0,0F
[1397107]	$DSM03,130710,+51.44158,+22.63053,208.0,19.0,312.2,0F
[1397143]	$DSM04,130710,+51.44157,+22.63053,196.0,18.0,310.8,6F
[1398393]	$DSM0B,130711,+51.44519,+22.62918,150.0,19.0,358.6,0F
[1398429]	$DSM0C,130711,+51.44268,+22.62958,146.0,14.0,340.3,0F
[1398464]	$DSM0D,130711,+51.44184,+22.63016,154.0,14.0,334.7,0F
[1398536]	$DSM0F,130711,+51.45718,+22.60665,154.0,8.0,350.2,0F
[1399000]	$DSM00,130712,+51.45516,+22.65864,7796.0,85.0,305.2,0F
[1399107]	$DSM03,130712,+51.44180,+22.63010,210.0,20.0,308.0,0F
[1399143]	$DSM04,130712,+51.44176,+22.63010,198.0,19.0,306.6,6F
[1400000]	$DSM00,130713,+51.45560,+22.65763,7796.0,85.0,305.2,0F
[1400143]	$DSM04,130713,+51.44188,+22.62986,198.0,20.0,305.2,6F
[1400393]	$DSM0B,130713,+51.44553,+22.62911,148.0,19.0,344.5,0F
[1400429]	$DSM0C,130713,+51.44292,+22.62944,146.0,14.0,337.5,0F
[1400464]	$DSM0D,130713,+51.44207,+22.62999,154.0,15.0,334.7,0F
[1400536]	$DSM0F,130713,+51.45733,+22.60658,152.0,9.0,347.3,0F
[1401107]	$DSM03,130714,+51.44201,+22.62965,212.0,19.0,309.4,0F
[1401393]	$DSM0B,130714,+51.44569,+22.62900,148.0,20.0,337.5,0F
[1401429]	$DSM0C,130714,+51.44303,+22.62935,146.0,14.0,336.1,0F
[1401464]	$DSM0D,130714,+51.44218,+22.62991,152.0,15.0,334.7,0F
[1402000]	$DSM00,130715,+51.45648,+22.65561,7796.0,86.0,305.2,0F
[1402143]	$DSM04,130715,+51.44208,+22.62944,200.0,18.0,310.8,6F
[1403107]	$DSM03,130716,+51.44224,+22.62924,214.0,18.0,316.4,0F
[1403143]	$DSM04,130716,+51.44220,+22.62924,202.0,18.0,315.0,6F
[1403393]	$DSM0B,130716,+51.44604,+22.62875,148.0,21.0,334.7,0F
[1403429]	$DSM0C,130716,+51.44326,+22.62916,146.0,14.0,329.1,0F
[1403464]	$DSM0D,130716,+51.44242,+22.62974,154.0,14.0,337.5,0F
[1403536]	$DSM0F,130716,+51.45762,+22.60648,150.0,11.0,345.9,0F
[1404000]	$DSM00,130717,+51.45737,+22.65360,7796.0,86.0,305.2,0F
[1405107]	$DSM03,130718,+51.44248,+22.62892,216.0,16.0,324.8,0F
[1405143]	$DSM04,130718,+51.44244,+22.62892,206.0,16.0,324.8,6F
[1405393]	$DSM0B,130718,+51.44636,+22.62851,148.0,18.0,334.7,0F
[1405429]	$DSM0C,130718,+51.44348,+22.62894,146.0,14.0,333.3,0F
[1405464]	$DSM0D,130718,+51.44265,+22.62961,154.0,14.0,340.3,0F
[1406000]	$DSM00,130719,+51.45828,+22.65160,7796.0,86.0,305.2,0F
[1406536]	$DSM0F,130719,+51.45792,+22.60635,152.0,12.0,347.3,0F
[1407107]	$DSM03,130720,+51.44271,+22.62875,218.0,12.0,341.7,0F
[1407143]	$DSM04,130720,+51.44267,+22.62875,208.0,12.0,340.3,6F
[1407393]	$DSM0B,130720,+51.44664,+22.62832,150.0,14.0,337.5,0F
[1407429]	$DSM0C,130720,+51.44372,+22.62881,148.0,13.0,345.9,0F
[1407464]	$DSM0D,130720,+51.44287,+22.62946,154.0,14.0,334.7,0F
[1408000]	$DSM00,130721,+51.45918,+22.64958,7796.0,86.0,305.2,0F
[1408536]	$DSM0F,130721,+51.45812,+22.60626,152.0,11.0,345.9,0F
[1409393]	$DSM0B,130722,+51.44683,+22.62812,150.0,11.0,313.6,0F
[1409429]	$DSM0C,130722,+51.44396,+22.62879,152.0,13.0,5.6,0F
[1409464]	$DSM0D,130722,+51.44309,+22.62928,152.0,14.0,331.9,0F
[1410000]	$DSM00,130723,+51.46008,+22.64757,7796.0,86.0,306.6,0F
[1410107]	$DSM03,130723,+51.44295,+22.62875,220.0,8.0,14.1,0F
[1410143]	$DSM04,130723,+51.44292,+22.62873,210.0,9.0,11.2,6F
[1411000]	$DSM00,130725,+51.46098,+22.64557,7796.0,86.0,306.6,0F
[1411107]	$DSM03,130725,+51.44309,+22.62883,220.0,9.0,25.3,0F
[1411143]	$DSM04,130725,+51.44308,+22.62879,210.0,9.0,23.9,6F
[1411393]	$DSM0B,130725,+51.44694,+22.62763,152.0,14.0,277.0,0F
[1411429]	$DSM0C,130725,+51.44432,+22.62888,154.0,14.0,8.4,0F
[1411464]	$DSM0D,130725,+51.44345,+22.62900,150.0,14.0,338.9,0F
[1411536]	$DSM0F,130725,+51.45848,+22.60611,154.0,9.0,344.5,0F
[1412393]	$DSM0B,130726,+51.44696,+22.62742,152.0,16.0,284.1,0F
[1412429]	$DSM0C,130726,+51.44446,+22.62890,156.0,14.0,8.4,0F
[1412464]	$DSM0D,130726,+51.44356,+22.62896,150.0,14.0,345.9,0F
[1412536]	$DSM0F,130726,+51.45856,+22.60607,154.0,9.0,344.5,0F
[1413000]	$DSM00,130727,+51.46188,+22.64355,7796.0,86.0,306.6,0F
[1413107]	$DSM03,130727,+51.44324,+22.62896,218.0,11.0,26.7,0F
[1413143]	$DSM04,130727,+51.44324,+22.62894,212.0,11.0,30.9,6F
[1414107]	$DSM03,130728,+51.44334,+22.62905,216.0,12.0,25.3,0F
[1414143]	$DSM04,130728,+51.44334,+22.62903,212.0,12.0,30.9,6F
[1414393]	$DSM0B,130728,+51.44705,+22.62699,154.0,16.0,299.5,0F
[1414429]	$DSM0C,130728,+51.44472,+22.62896,154.0,15.0,7.0,0F
[1414464]	$DSM0D,130728,+51.44383,+22.62892,150.0,14.0,0.0,0F
[1414536]	$DSM0F,130728,+51.45872,+22.60600,154.0,9.0,343.1,0F
[1415000]	$DSM00,130729,+51.46278,+22.64156,7796.0,86.0,306.6,0F
[1416393]	$DSM0B,130730,+51.44724,+22.62664,154.0,16.0,319.2,0F
[1416429]	$DSM0C,130730,+51.44500,+22.62900,154.0,15.0,4.2,0F
[1416464]	$DSM0D,130730,+51.44409,+22.62896,150.0,15.0,8.4,0F
[1416536]	$DSM0F,130730,+51.45888,+22.60590,154.0,9.0,333.3,0F
[1417000]	$DSM00,130731,+51.46369,+22.63954,7796.0,86.0,306.6,0F
[1417107]	$DSM03,130731,+51.44366,+22.62930,216.0,15.0,28.1,0F
[1417143]	$DSM04,130731,+51.44366,+22.62933,210.0,14.0,29.5,6F
[1418143]	$DSM04,130732,+51.44380,+22.62944,210.0,17.0,25.3,6F
[1418393]	$DSM0B,130732,+51.44748,+22.62634,154.0,18.0,324.8,0F
[1418429]	$DSM0C,130732,+51.44528,+22.62905,152.0,15.0,2.8,0F
[1418464]	$DSM0D,130732,+51.44437,+22.62903,150.0,15.0,9.8,0F
[1419000]	$DSM00,130733,+51.46460,+22.63752,7796.0,86.0,306.6,0F
[1419107]	$DSM03,130733,+51.44393,+22.62954,212.0,18.0,25.3,0F
[1420393]	$DSM0B,130734,+51.44775,+22.62602,154.0,19.0,320.6,0F
[1420429]	$DSM0C,130734,+51.44554,+22.62903,150.0,15.0,344.5,0F
[1420464]	$DSM0D,130734,+51.44464,+22.62909,150.0,15.0,7.0,0F
[1421000]	$DSM00,130735,+51.46551,+22.63551,7796.0,86.0,306.6,0F
[1421107]	$DSM03,130735,+51.44424,+22.62974,212.0,18.0,16.9,0F
[1421143]	$DSM04,130735,+51.44424,+22.62974,206.0,18.0,16.9,6F
[1422000]	$DSM00,130736,+51.46597,+22.63452,7796.0,86.0,306.6,0F
[1422107]	$DSM03,130736,+51.44440,+22.62980,212.0,18.0,8.4,0F
[1422143]	$DSM04,130736,+51.44441,+22.62980,206.0,19.0,8.4,6F
[1422393]	$DSM0B,130736,+51.44802,+22.62566,154.0,19.0,319.2,0F
[1422429]	$DSM0C,130736,+51.44580,+22.62888,150.0,15.0,337.5,0F
[1422464]	$DSM0D,130736,+51.44491,+22.62914,150.0,14.0,4.2,0F
[1422536]	$DSM0F,130736,+51.45932,+22.60553,150.0,9.0,341.7,0F
[1423143]	$DSM04,130737,+51.44459,+22.62982,206.0,19.0,2.8,6F
[1424000]	$DSM00,130738,+51.46688,+22.63250,7796.0,86.0,306.6,0F
[1424107]	$DSM03,130738,+51.44472,+22.62982,210.0,18.0,358.6,0F
[1424393]	$DSM0B,130738,+51.44828,+22.62529,154.0,20.0,322.0,0F
[1424429]	$DSM0C,130738,+51.44604,+22.62868,150.0,15.0,336.1,0F
[1424464]	$DSM0D,130738,+51.44516,+22.62916,148.0,15.0,358.6,0F
[1424536]	$DSM0F,130738,+51.45950,+22.60547,150.0,9.0,350.2,0F
[1425000]	$DSM00,130740,+51.46780,+22.63051,7796.0,86.0,306.6,0F
[1425107]	$DSM03,130740,+51.44504,+22.62980,210.0,18.0,357.2,0F
[1425143]	$DSM04,130740,+51.44509,+22.62980,210.0,17.0,357.2,6F
[1425393]	$DSM0B,130740,+51.44859,+22.62495,154.0,21.0,327.7,0F
[1425429]	$DSM0C,130740,+51.44627,+22.62849,148.0,14.0,334.7,0F
[1425464]	$DSM0D,130740,+51.44544,+22.62909,148.0,15.0,348.7,0F
[1426393]	$DSM0B,130741,+51.44875,+22.62480,154.0,21.0,329.1,0F
[1426429]	$DSM0C,130741,+51.44638,+22.62840,148.0,14.0,334.7,0F
[1426464]	$DSM0D,130741,+51.44556,+22.62905,148.0,15.0,340.3,0F
[1427000]	$DSM00,130742,+51.46872,+22.62851,7794.0,86.0,306.6,0F
[1427107]	$DSM03,130742,+51.44535,+22.62978,212.0,15.0,357.2,0F
[1427143]	$DSM04,130742,+51.44541,+22.62978,214.0,16.0,357.2,6F
[1428107]	$DSM03,130743,+51.44548,+22.62978,212.0,14.0,353.0,0F
[1428143]	$DSM04,130743,+51.44554,+22.62976,214.0,15.0,354.4,6F
[1428393]	$DSM0B,130743,+51.44908,+22.62452,154.0,20.0,334.7,0F
[1428429]	$DSM0C,130743,+51.44660,+22.62826,148.0,12.0,341.7,0F
[1428464]	$DSM0D,130743,+51.44580,+22.62888,148.0,14.0,334.7,0F
[1428536]	$DSM0F,130743,+51.45996,+22.60538,150.0,11.0,354.4,0F
[1429000]	$DSM00,130744,+51.46964,+22.62652,7796.0,86.0,306.6,0F
[1430107]	$DSM03,130745,+51.44569,+22.62969,212.0,11.0,343.1,0F
[1430143]	$DSM04,130745,+51.44576,+22.62967,214.0,12.0,343.1,6F
[1430393]	$DSM0B,130745,+51.44940,+22.62431,154.0,19.0,340.3,0F
[1430429]	$DSM0C,130745,+51.44680,+22.62815,148.0,10.0,338.9,0F
[1430464]	$DSM0D,130745,+51.44603,+22.62870,148.0,13.0,333.3,0F
[1430536]	$DSM0F,130745,+51.46016,+22.60536,152.0,11.0,353.0,0F
[1431000]	$DSM00,130746,+51.47055,+22.62452,7796.0,86.0,306.6,0F
[1431393]	$DSM0B,130746,+51.44956,+22.62420,154.0,20.0,343.1,0F
[1432429]	$DSM0C,130747,+51.44689,+22.62793,148.0,10.0,289.7,0F
[1432464]	$DSM0D,130747,+51.44623,+22.62856,148.0,12.0,334.7,0F
[1433000]	$DSM00,130748,+51.47148,+22.62252,7796.0,86.0,306.6,0F
[1433107]	$DSM03,130748,+51.44594,+22.62950,208.0,10.0,327.7,0F
[1433143]	$DSM04,130748,+51.44604,+22.62948,216.0,12.0,330.5,6F
[1433536]	$DSM0F,130748,+51.46044,+22.60530,152.0,10.0,353.0,0F
[1434000]	$DSM00,130750,+51.47240,+22.62053,7796.0,86.0,306.6,0F
[1434107]	$DSM03,130750,+51.44607,+22.62933,206.0,9.0,317.8,0F
[1434143]	$DSM04,130750,+51.44622,+22.62930,216.0,10.0,324.8,6F
[1434393]	$DSM0B,130750,+51.45021,+22.62394,152.0,16.0,347.3,0F
[1434429]	$DSM0C,130750,+51.44692,+22.62748,154.0,10.0,281.2,0F
[1434464]	$DSM0D,130750,+51.44650,+22.62834,150.0,11.0,337.5,0F
[1435000]	$DSM00,130752,+51.47332,+22.61856,7796.0,86.0,306.6,0F
[1435107]	$DSM03,130752,+51.44617,+22.62914,204.0,8.0,312.2,0F
[1435143]	$DSM04,130752,+51.44628,+22.62914,214.0,8.0,313.6,6F
[1435393]	$DSM0B,130752,+51.45047,+22.62386,152.0,12.0,347.3,0F
[1435429]	$DSM0C,130752,+51.44697,+22.62718,156.0,11.0,293.9,0F
[1435464]	$DSM0D,130752,+51.44666,+22.62826,152.0,8.0,338.9,0F
[1436143]	$DSM04,130753,+51.44632,+22.62907,216.0,8.0,313.6,6F
[1436393]	$DSM0B,130753,+51.45055,+22.62381,152.0,9.0,337.5,0F
[1436429]	$DSM0C,130753,+51.44701,+22.62703,156.0,12.0,298.1,0F
[1436464]	$DSM0D,130753,+51.44672,+22.62821,152.0,8.0,327.7,0F
[1437000]	$DSM00,130754,+51.47424,+22.61656,7796.0,86.0,306.6,0F
[1437107]	$DSM03,130754,+51.44627,+22.62896,202.0,8.0,308.0,0F
[1438000]	$DSM00,130755,+51.47470,+22.61555,7796.0,86.0,306.6,0F
[1438107]	$DSM03,130755,+51.44630,+22.62886,202.0,9.0,303.7,0F
[1438143]	$DSM04,130755,+51.44640,+22.62888,216.0,9.0,308.0,6F
[1438393]	$DSM0B,130755,+51.45062,+22.62366,152.0,7.0,258.7,0F
[1438429]	$DSM0C,130755,+51.44714,+22.62673,156.0,12.0,315.0,0F
[1438464]	$DSM0D,130755,+51.44680,+22.62804,152.0,8.0,302.3,0F
[1439393]	$DSM0B,130756,+51.45058,+22.62356,152.0,8.0,237.7,0F
[1439429]	$DSM0C,130756,+51.44721,+22.62660,156.0,12.0,320.6,0F
[1439464]	$DSM0D,130756,+51.44684,+22.62793,152.0,9.0,279.8,0F
[1440000]	$DSM00,130757,+51.47561,+22.61358,7794.0,86.0,306.6,0F
[1440107]	$DSM03,130757,+51.44638,+22.62858,202.0,12.0,291.1,0F
[1440143]	$DSM04,130757,+51.44648,+22.62860,218.0,12.0,295.3,6F
[1441393]	$DSM0B,130758,+51.45048,+22.62330,154.0,13.0,240.5,0F
[1441429]	$DSM0C,130758,+51.44739,+22.62639,156.0,12.0,329.1,0F
[1441464]	$DSM0D,130758,+51.44687,+22.62765,152.0,10.0,279.8,0F
[1442000]	$DSM00,130759,+51.47654,+22.61158,7794.0,86.0,306.6,0F
[1442107]	$DSM03,130759,+51.44647,+22.62819,200.0,15.0,288.3,0F
[1442143]	$DSM04,130759,+51.44657,+22.62821,220.0,15.0,288.3,6F
[1443107]	$DSM03,130800,+51.44650,+22.62798,200.0,15.0,289.7,0F
[1443393]	$DSM0B,130800,+51.45035,+22.62291,154.0,18.0,240.5,0F
[1443429]	$DSM0C,130800,+51.44757,+22.62620,154.0,12.0,326.2,0F
[1443464]	$DSM0D,130800,+51.44692,+22.62735,152.0,11.0,285.5,0F
[1443536]	$DSM0F,130800,+51.46157,+22.60506,154.0,12.0,353.0,0F
[1444393]	$DSM0B,130802,+51.45019,+22.62242,154.0,20.0,241.9,0F
[1444429]	$DSM0C,130802,+51.44775,+22.62598,152.0,11.0,324.8,0F
[1444464]	$DSM0D,130802,+51.44699,+22.62705,154.0,11.0,298.1,0F
[1445000]	$DSM00,130803,+51.47836,+22.60759,7794.0,86.0,306.6,0F
[1445107]	$DSM03,130803,+51.44667,+22.62744,200.0,12.0,306.6,0F
[1445143]	$DSM04,130803,+51.44676,+22.62738,218.0,12.0,305.2,6F
[1446536]	$DSM0F,130804,+51.46198,+22.60502,156.0,11.0,1.4,0F
[1447000]	$DSM00,130809,+51.48110,+22.60160,7794.0,86.0,306.6,0F
[1447107]	$DSM03,130809,+51.44708,+22.62686,192.0,10.0,323.4,0F
[1447143]	$DSM04,130809,+51.44717,+22.62686,214.0,10.0,326.2,6F
[1447393]	$DSM0B,130809,+51.44946,+22.62034,156.0,24.0,240.5,0F
[1447429]	$DSM0C,130809,+51.44840,+22.62512,154.0,13.0,326.2,0F
[1447464]	$DSM0D,130809,+51.44752,+22.62628,154.0,12.0,323.4,0F
[1448393]	$DSM0B,130811,+51.44924,+22.61972,158.0,26.0,240.5,0F
[1448429]	$DSM0C,130811,+51.44859,+22.62491,154.0,13.0,329.1,0F
[1448464]	$DSM0D,130811,+51.44770,+22.62606,154.0,12.0,320.6,0F
[1448536]	$DSM0F,130811,+51.46265,+22.60506,158.0,9.0,358.6,0F
[1449000]	$DSM00,130812,+51.48246,+22.59862,7794.0,86.0,306.6,0F
[1449107]	$DSM03,130812,+51.44731,+22.62658,190.0,11.0,322.0,0F
[1449143]	$DSM04,130812,+51.44740,+22.62658,212.0,11.0,323.4,6F
[1450000]	$DSM00,130813,+51.48292,+22.59764,7794.0,85.0,306.6,0F
[1450107]	$DSM03,130813,+51.44739,+22.62647,190.0,11.0,320.6,0F
[1450143]	$DSM04,130813,+51.44748,+22.62647,212.0,11.0,322.0,6F
[1450393]	$DSM0B,130813,+51.44900,+22.61907,160.0,26.0,240.5,0F
[1450429]	$DSM0C,130813,+51.44880,+22.62469,156.0,14.0,329.1,0F
[1450464]	$DSM0D,130813,+51.44787,+22.62583,154.0,13.0,320.6,0F
[1450536]	$DSM0F,130813,+51.46278,+22.60508,156.0,6.0,18.3,0F
[1451000]	$DSM00,130815,+51.48384,+22.59564,7794.0,85.0,306.6,0F
[1451107]	$DSM03,130815,+51.44755,+22.62626,188.0,12.0,317.8,0F
[1451143]	$DSM04,130815,+51.44764,+22.62628,210.0,12.0,317.8,6F
[1451393]	$DSM0B,130815,+51.44878,+22.61840,160.0,25.0,240.5,0F
[1451429]	$DSM0C,130815,+51.44900,+22.62452,156.0,14.0,334.7,0F
[1451464]	$DSM0D,130815,+51.44805,+22.62559,154.0,13.0,320.6,0F
[1451536]	$DSM0F,130815,+51.46280,+22.60519,156.0,4.0,73.1,0F
[1452000]	$DSM00,130817,+51.48475,+22.59366,7794.0,85.0,306.6,0F
[1452107]	$DSM03,130817,+51.44772,+22.62600,188.0,13.0,317.8,0F
[1452143]	$DSM04,130817,+51.44781,+22.62602,208.0,14.0,317.8,6F
[1452393]	$DSM0B,130817,+51.44856,+22.61776,162.0,25.0,240.5,0F
[1452429]	$DSM0C,130817,+51.44924,+22.62435,156.0,13.0,336.1,0F
[1452464]	$DSM0D,130817,+51.44824,+22.62534,154.0,14.0,322.0,0F
[1452536]	$DSM0F,130817,+51.46278,+22.60536,158.0,5.0,87.2,0F
[1453000]	$DSM00,130819,+51.48566,+22.59169,7794.0,85.0,306.6,0F
[1453107]	$DSM03,130819,+51.44792,+22.62572,188.0,15.0,316.4,0F
[1453143]	$DSM04,130819,+51.44800,+22.62574,206.0,14.0,317.8,6F
[1453393]	$DSM0B,130819,+51.44834,+22.61714,162.0,24.0,240.5,0F
[1453429]	$DSM0C,130819,+51.44946,+22.62422,156.0,13.0,341.7,0F
[1453464]	$DSM0D,130819,+51.44844,+22.62510,154.0,14.0,324.8,0F
[1453536]	$DSM0F,130819,+51.46278,+22.60551,156.0,5.0,87.2,0F
[1454393]	$DSM0B,130821,+51.44812,+22.61654,164.0,25.0,240.5,0F
[1454429]	$DSM0C,130821,+51.44968,+22.62409,156.0,14.0,343.1,0F
[1454464]	$DSM0D,130821,+51.44865,+22.62486,156.0,14.0,327.7,0F
[1454536]	$DSM0F,130821,+51.46278,+22.60570,154.0,7.0,80.2,0F
[1455000]	$DSM00,130822,+51.48702,+22.58873,7794.0,85.0,306.6,0F
[1455107]	$DSM03,130822,+51.44822,+22.62527,188.0,16.0,322.0,0F
[1455143]	$DSM04,130822,+51.44831,+22.62527,204.0,16.0,319.2,6F
[1456393]	$DSM0B,130823,+51.44790,+22.61592,164.0,25.0,241.9,0F
[1456429]	$DSM0C,130823,+51.44992,+22.62398,156.0,13.0,348.7,0F
[1456464]	$DSM0D,130823,+51.44887,+22.62467,156.0,14.0,333.3,0F
[1456536]	$DSM0F,130823,+51.46281,+22.60594,154.0,9.0,75.9,0F
[1457000]	$DSM00,130824,+51.48792,+22.58676,7794.0,85.0,305.2,0F
[1457107]	$DSM03,130824,+51.44847,+22.62504,188.0,16.0,340.3,0F
[1457143]	$DSM04,130824,+51.44855,+22.62502,206.0,16.0,331.9,6F
[1457536]	$DSM0F,130824,+51.46284,+22.60607,154.0,10.0,77.3,0F
[1458000]	$DSM00,130825,+51.48836,+22.58577,7796.0,85.0,305.2,0F
[1458107]	$DSM03,130825,+51.44861,+22.62497,188.0,16.0,345.9,0F
[1458143]	$DSM04,130825,+51.44868,+22.62493,204.0,16.0,337.5,6F
[1458393]	$DSM0B,130825,+51.44768,+22.61530,166.0,24.0,240.5,0F
[1458429]	$DSM0C,130825,+51.45014,+22.62392,156.0,13.0,350.2,0F
[1458464]	$DSM0D,130825,+51.44910,+22.62450,156.0,14.0,337.5,0F
[1459393]	$DSM0B,130826,+51.44758,+22.61499,166.0,23.0,240.5,0F
[1459429]	$DSM0C,130826,+51.45026,+22.62388,154.0,12.0,354.4,0F
[1459464]	$DSM0D,130826,+51.44921,+22.62444,156.0,14.0,338.9,0F
[1459536]	$DSM0F,130826,+51.46286,+22.60635,154.0,9.0,78.7,0F
[1460000]	$DSM00,130827,+51.48922,+22.58371,7796.0,86.0,302.3,0F
[1460107]	$DSM03,130827,+51.44891,+22.62486,190.0,16.0,350.2,0F
[1460143]	$DSM04,130827,+51.44896,+22.62484,200.0,16.0,347.3,6F
[1461107]	$DSM03,130828,+51.44906,+22.62484,190.0,17.0,354.4,0F
[1461143]	$DSM04,130828,+51.44909,+22.62482,200.0,16.0,351.6,6F
[1461393]	$DSM0B,130828,+51.44739,+22.61444,166.0,22.0,240.5,0F
[1461429]	$DSM0C,130828,+51.45047,+22.62384,152.0,11.0,354.4,0F
[1461464]	$DSM0D,130828,+51.44946,+22.62428,156.0,14.0,343.1,0F
[1461536]	$DSM0F,130828,+51.46288,+22.60660,154.0,8.0,81.6,0F
[1462000]	$DSM00,130829,+51.48998,+22.58154,7794.0,87.0,298.1,0F
[1463107]	$DSM03,130830,+51.44940,+22.62482,190.0,20.0,0.0,0F
[1463143]	$DSM04,130830,+51.44941,+22.62482,200.0,19.0,0.0,6F
[1463393]	$DSM0B,130830,+51.44720,+22.61390,166.0,20.0,240.5,0F
[1463429]	$DSM0C,130830,+51.45060,+22.62377,150.0,5.0,327.7,0F
[1463464]	$DSM0D,130830,+51.44968,+22.62418,156.0,13.0,344.5,0F
[1463536]	$DSM0F,130830,+51.46289,+22.60684,154.0,7.0,83.0,0F
[1464000]	$DSM00,130831,+51.49066,+22.57927,7794.0,88.0,292.5,0F
[1465000]	$DSM00,130832,+51.49093,+22.57809,7792.0,89.0,289.7,0F
[1465107]	$DSM03,130832,+51.44977,+22.62482,192.0,21.0,0.0,0F
[1465143]	$DSM04,130832,+51.44977,+22.62484,200.0,20.0,0.0,6F
[1465393]	$DSM0B,130832,+51.44702,+22.61343,166.0,18.0,241.9,0F
[1465429]	$DSM0C,130832,+51.45056,+22.62360,150.0,8.0,239.1,0F
[1465464]	$DSM0D,130832,+51.44991,+22.62409,156.0,12.0,345.9,0F
[1465536]	$DSM0F,130832,+51.46291,+22.60699,154.0,4.0,78.7,0F
[1466107]	$DSM03,130834,+51.45013,+22.62482,194.0,19.0,357.2,0F
[1466143]	$DSM04,130834,+51.45013,+22.62484,198.0,19.0,358.6,6F
[1466393]	$DSM0B,130834,+51.44686,+22.61300,166.0,16.0,240.5,0F
[1466429]	$DSM0C,130834,+51.45047,+22.62338,152.0,9.0,237.7,0F
[1466464]	$DSM0D,130834,+51.45012,+22.62400,156.0,12.0,347.3,0F
[1466536]	$DSM0F,130834,+51.46291,+22.60708,156.0,2.0,80.2,0F
[1467000]	$DSM00,130835,+51.49156,+22.57433,7792.0,91.0,281.2,0F
[1468536]	$DSM0F,130836,+51.46290,+22.60712,156.0,2.0,113.9,0F
[1469000]	$DSM00,130837,+51.49178,+22.57171,7792.0,92.0,275.6,0F
[1469107]	$DSM03,130837,+51.45055,+22.62467,198.0,14.0,334.7,0F
[1469143]	$DSM04,130837,+51.45058,+22.62474,198.0,16.0,340.3,6F
[1469393]	$DSM0B,130837,+51.44668,+22.61252,166.0,11.0,225.0,0F
[1469429]	$DSM0C,130837,+51.45032,+22.62304,158.0,10.0,239.1,0F
[1469464]	$DSM0D,130837,+51.45038,+22.62390,154.0,8.0,345.9,0F
[1470000]	$DSM00,130839,+51.49184,+22.56903,7792.0,94.0,270.0,0F
[1470107]	$DSM03,130839,+51.45072,+22.62444,200.0,11.0,303.7,0F
[1470143]	$DSM04,130839,+51.45076,+22.62450,202.0,12.0,306.6,6F
[1470393]	$DSM0B,130839,+51.44656,+22.61233,166.0,8.0,243.3,0F
[1470429]	$DSM0C,130839,+51.45022,+22.62276,160.0,11.0,243.3,0F
[1470464]	$DSM0D,130839,+51.45050,+22.62384,154.0,6.0,338.9,0F
[1470536]	$DSM0F,130839,+51.46278,+22.60720,152.0,4.0,154.7,0F
[1471393]	$DSM0B,130841,+51.44657,+22.61214,166.0,6.0,312.2,0F
[1471429]	$DSM0C,130841,+51.45013,+22.62246,162.0,10.0,243.3,0F
[1471464]	$DSM0D,130841,+51.45056,+22.62373,154.0,6.0,275.6,0F
[1472000]	$DSM00,130842,+51.49161,+22.56493,7792.0,96.0,261.6,0F
[1472107]	$DSM03,130842,+51.45080,+22.62400,198.0,9.0,274.2,0F
[1472143]	$DSM04,130842,+51.45081,+22.62405,202.0,10.0,281.2,6F
[1473107]	$DSM03,130844,+51.45076,+22.62377,198.0,8.0,254.5,0F
[1473143]	$DSM04,130844,+51.45079,+22.62377,200.0,9.0,264.4,6F
[1473393]	$DSM0B,130844,+51.44677,+22.61210,166.0,10.0,357.2,0F
[1473429]	$DSM0C,130844,+51.45000,+22.62212,160.0,9.0,240.5,0F
[1473464]	$DSM0D,130844,+51.45048,+22.62345,154.0,9.0,239.1,0F
[1473536]	$DSM0F,130844,+51.46256,+22.60736,154.0,5.0,163.1,0F
[1474000]	$DSM00,130845,+51.49103,+22.56084,7792.0,98.0,254.5,0F
[1475000]	$DSM00,130851,+51.48884,+22.55292,7794.0,102.0,239.1,0F
[1475107]	$DSM03,130851,+51.45038,+22.62319,192.0,8.0,219.4,0F
[1475143]	$DSM04,130851,+51.45040,+22.62319,196.0,8.0,219.4,6F
[1475393]	$DSM0B,130851,+51.44783,+22.61175,166.0,22.0,351.6,0F
[1475429]	$DSM0C,130851,+51.44968,+22.62130,168.0,10.0,240.5,0F
[1475464]	$DSM0D,130851,+51.45019,+22.62257,156.0,11.0,241.9,0F
[1475536]	$DSM0F,130851,+51.46230,+22.60742,152.0,3.0,164.5,0F
[1476393]	$DSM0B,130852,+51.44802,+22.61171,166.0,21.0,351.6,0F
[1476429]	$DSM0C,130852,+51.44963,+22.62117,168.0,10.0,240.5,0F
[1476464]	$DSM0D,130852,+51.45013,+22.62242,156.0,11.0,240.5,0F
[1476536]	$DSM0F,130852,+51.46227,+22.60744,152.0,3.0,158.9,0F
[1477000]	$DSM00,130853,+51.48782,+22.55041,7792.0,104.0,234.8,0F
[1477107]	$DSM03,130853,+51.45032,+22.62302,192.0,7.0,251.7,0F
[1477143]	$DSM04,130853,+51.45035,+22.62304,196.0,5.0,250.3,6F
[1478393]	$DSM0B,130854,+51.44840,+22.61162,166.0,22.0,350.2,0F
[1478429]	$DSM0C,130854,+51.44954,+22.62092,168.0,10.0,239.1,0F
[1478464]	$DSM0D,130854,+51.45003,+22.62214,156.0,12.0,239.1,0F
[1478536]	$DSM0F,130854,+51.46221,+22.60746,152.0,3.0,167.3,0F
[1479000]	$DSM00,130855,+51.48667,+22.54804,7792.0,105.0,230.6,0F
[1479107]	$DSM03,130855,+51.45028,+22.62278,192.0,9.0,255.9,0F
[1479143]	$DSM04,130855,+51.45032,+22.62289,196.0,5.0,263.0,6F
[1479536]	$DSM0F,130855,+51.46220,+22.60746,152.0,3.0,170.2,0F
[1480107]	$DSM03,130856,+51.45026,+22.62268,192.0,9.0,247.5,0F
[1480143]	$DSM04,130856,+51.45032,+22.62280,194.0,6.0,250.3,6F
[1480393]	$DSM0B,130856,+51.44880,+22.61152,164.0,23.0,351.6,0F
[1480429]	$DSM0C,130856,+51.44944,+22.62068,168.0,10.0,239.1,0F
[1480464]	$DSM0D,130856,+51.44992,+22.62184,156.0,12.0,240.5,0F
[1481000]	$DSM00,130857,+51.48539,+22.54577,7792.0,106.0,226.4,0F
[1482000]	$DSM00,130859,+51.48400,+22.54365,7790.0,107.0,222.2,0F
[1482107]	$DSM03,130859,+51.45013,+22.62233,190.0,9.0,234.8,0F
[1482143]	$DSM04,130859,+51.45019,+22.62252,188.0,8.0,232.0,6F
[1482393]	$DSM0B,130859,+51.44941,+22.61137,164.0,23.0,350.2,0F
[1482429]	$DSM0C,130859,+51.44932,+22.62027,168.0,10.0,240.5,0F
[1482464]	$DSM0D,130859,+51.44976,+22.62139,156.0,12.0,241.9,0F
[1482536]	$DSM0F,130859,+51.46213,+22.60748,152.0,1.0,92.8,0F
[1483000]	$DSM00,130901,+51.48248,+22.54170,7790.0,108.0,218.0,0F
[1483107]	$DSM03,130901,+51.45004,+22.62212,192.0,9.0,243.3,0F
[1483143]	$DSM04,130901,+51.45009,+22.62227,184.0,9.0,240.5,6F
[1483393]	$DSM0B,130901,+51.44984,+22.61126,162.0,24.0,350.2,0F
[1483429]	$DSM0C,130901,+51.44924,+22.62002,168.0,9.0,244.7,0F
[1483464]	$DSM0D,130901,+51.44966,+22.62109,156.0,12.0,243.3,0F
[1483536]	$DSM0F,130901,+51.46212,+22.60748,152.0,0.0,0.0,0F
[1484000]	$DSM00,130903,+51.48087,+22.53989,7790.0,109.0,213.7,0F
[1484107]	$DSM03,130903,+51.44997,+22.62186,192.0,10.0,244.7,0F
[1484143]	$DSM04,130903,+51.45001,+22.62201,186.0,9.0,244.7,6F
[1484393]	$DSM0B,130903,+51.45026,+22.61115,162.0,24.0,350.2,0F
[1484429]	$DSM0C,130903,+51.44916,+22.61976,170.0,10.0,241.9,0F
[1484464]	$DSM0D,130903,+51.44957,+22.62079,158.0,11.0,246.1,0F
[1485000]	$DSM00,130905,+51.47916,+22.53826,7790.0,110.0,209.5,0F
[1485107]	$DSM03,130905,+51.44990,+22.62160,192.0,9.0,243.3,0F
[1485143]	$DSM04,130905,+51.44992,+22.62173,182.0,9.0,240.5,6F
[1485393]	$DSM0B,130905,+51.45068,+22.61104,160.0,24.0,350.2,0F
[1485429]	$DSM0C,130905,+51.44908,+22.61952,168.0,10.0,237.7,0F
[1485464]	$DSM0D,130905,+51.44949,+22.62049,158.0,11.0,243.3,0F
[1486000]	$DSM00,130907,+51.47739,+22.53682,7788.0,111.0,205.3,0F
[1486107]	$DSM03,130907,+51.44981,+22.62137,192.0,9.0,243.3,0F
[1486143]	$DSM04,130907,+51.44984,+22.62150,182.0,9.0,240.5,6F
[1486393]	$DSM0B,130907,+51.45111,+22.61094,160.0,24.0,350.2,0F
[1486429]	$DSM0C,130907,+51.44899,+22.61926,168.0,10.0,240.5,0F
[1486464]	$DSM0D,130907,+51.44940,+22.62021,158.0,11.0,240.5,0F
[1487393]	$DSM0B,130908,+51.45132,+22.61087,160.0,24.0,350.2,0F
[1487429]	$DSM0C,130908,+51.44893,+22.61914,170.0,10.0,239.1,0F
[1487464]	$DSM0D,130908,+51.44934,+22.62006,158.0,11.0,240.5,0F
[1488000]	$DSM00,130909,+51.47554,+22.53558,7788.0,111.0,201.1,0F
[1488107]	$DSM03,130909,+51.44974,+22.62113,192.0,9.0,243.3,0F
[1488143]	$DSM04,130909,+51.44976,+22.62126,182.0,9.0,243.3,6F
[1489393]	$DSM0B,130910,+51.45176,+22.61077,160.0,24.0,350.2,0F
[1489429]	$DSM0C,130910,+51.44884,+22.61888,172.0,10.0,239.1,0F
[1489464]	$DSM0D,130910,+51.44924,+22.61978,160.0,11.0,241.9,0F
[1490000]	$DSM00,130911,+51.47363,+22.53455,7788.0,112.0,196.9,0F
[1490107]	$DSM03,130911,+51.44965,+22.62087,194.0,11.0,241.9,0F
[1490143]	$DSM04,130911,+51.44968,+22.62102,184.0,9.0,240.5,6F
[1491393]	$DSM0B,130912,+51.45217,+22.61066,160.0,23.0,351.6,0F
[1491429]	$DSM0C,130912,+51.44874,+22.61864,174.0,10.0,239.1,0F
[1491464]	$DSM0D,130912,+51.44915,+22.61950,160.0,11.0,240.5,0F
[1492000]	$DSM00,130913,+51.47167,+22.53371,7788.0,112.0,192.7,0F
[1492107]	$DSM03,130913,+51.44956,+22.62057,198.0,12.0,239.1,0F
[1492143]	$DSM04,130913,+51.44959,+22.62076,186.0,10.0,237.7,6F
[1493107]	$DSM03,130914,+51.44950,+22.62042,200.0,12.0,239.1,0F
[1493143]	$DSM04,130914,+51.44953,+22.62064,186.0,10.0,237.7,6F
[1493393]	$DSM0B,130914,+51.45259,+22.61055,160.0,23.0,351.6,0F
[1493429]	$DSM0C,130914,+51.44864,+22.61838,176.0,10.0,239.1,0F
[1493464]	$DSM0D,130914,+51.44905,+22.61924,160.0,10.0,239.1,0F
[1494000]	$DSM00,130915,+51.46967,+22.53309,7788.0,113.0,189.8,0F
[1495000]	$DSM00,130916,+51.46866,+22.53285,7786.0,113.0,187.0,0F
[1495107]	$DSM03,130916,+51.44940,+22.62012,206.0,12.0,239.1,0F
[1495143]	$DSM04,130916,+51.44944,+22.62038,190.0,10.0,237.7,6F
[1495393]	$DSM0B,130916,+51.45300,+22.61044,160.0,23.0,350.2,0F
[1495429]	$DSM0C,130916,+51.44856,+22.61813,176.0,9.0,239.1,0F
[1495464]	$DSM0D,130916,+51.44896,+22.61898,162.0,11.0,239.1,0F
[1496000]	$DSM00,130918,+51.46662,+22.53258,7786.0,113.0,184.2,0F
[1496107]	$DSM03,130918,+51.44927,+22.61982,210.0,12.0,237.7,0F
[1496143]	$DSM04,130918,+51.44934,+22.62010,194.0,11.0,236.2,6F
[1496393]	$DSM0B,130918,+51.45340,+22.61034,160.0,23.0,350.2,0F
[1496429]	$DSM0C,130918,+51.44847,+22.61787,174.0,10.0,239.1,0F
[1496464]	$DSM0D,130918,+51.44886,+22.61873,162.0,11.0,239.1,0F
[1497464]	$DSM0D,130919,+51.44881,+22.61860,162.0,10.0,239.1,0F
[1498000]	$DSM00,130920,+51.46457,+22.53249,7786.0,114.0,180.0,0F
[1498107]	$DSM03,130920,+51.44916,+22.61950,212.0,13.0,239.1,0F
[1498143]	$DSM04,130920,+51.44921,+22.61982,196.0,11.0,236.2,6F
[1498393]	$DSM0B,130920,+51.45384,+22.61023,160.0,24.0,350.2,0F
[1498429]	$DSM0C,130920,+51.44836,+22.61759,174.0,11.0,237.7,0F
[1499107]	$DSM03,130921,+51.44909,+22.61935,214.0,13.0,240.5,0F
[1499143]	$DSM04,130921,+51.44916,+22.61967,196.0,12.0,239.1,6F
[1499393]	$DSM0B,130921,+51.45405,+22.61016,160.0,24.0,350.2,0F
[1499429]	$DSM0C,130921,+51.44831,+22.61744,174.0,11.0,240.5,0F
[1499464]	$DSM0D,130921,+51.44871,+22.61832,162.0,11.0,240.5,0F
[1500000]	$DSM00,130922,+51.46252,+22.53264,7786.0,114.0,175.8,0F
[1501000]	$DSM00,130924,+51.46047,+22.53300,7788.0,114.0,171.6,0F
[1501107]	$DSM03,130924,+51.44892,+22.61888,216.0,12.0,240.5,0F
[1501143]	$DSM04,130924,+51.44899,+22.61920,198.0,11.0,240.5,6F
[1501393]	$DSM0B,130924,+51.45467,+22.61002,158.0,23.0,351.6,0F
[1501429]	$DSM0C,130924,+51.44818,+22.61703,172.0,10.0,240.5,0F
[1501464]	$DSM0D,130924,+51.44858,+22.61793,162.0,10.0,240.5,0F
[1502000]	$DSM00,130926,+51.45844,+22.53358,7788.0,114.0,168.7,0F
[1502107]	$DSM03,130926,+51.44881,+22.61858,218.0,12.0,239.1,0F
[1502143]	$DSM04,130926,+51.44887,+22.61890,198.0,12.0,239.1,6F
[1502393]	$DSM0B,130926,+51.45507,+22.60991,158.0,22.0,350.2,0F
[1502429]	$DSM0C,130926,+51.44809,+22.61678,174.0,11.0,241.9,0F
[1502464]	$DSM0D,130926,+51.44848,+22.61766,164.0,10.0,240.5,0F
[1502536]	$DSM0F,130926,+51.46224,+22.60746,148.0,2.0,165.9,0F
[1503393]	$DSM0B,130927,+51.45528,+22.60986,158.0,22.0,351.6,0F
[1503429]	$DSM0C,130927,+51.44805,+22.61662,174.0,11.0,240.5,0F
[1503464]	$DSM0D,130927,+51.44844,+22.61752,164.0,11.0,239.1,0F
[1503536]	$DSM0F,130927,+51.46223,+22.60746,148.0,2.0,180.0,0F
[1504000]	$DSM00,130928,+51.45643,+22.53438,7788.0,114.0,164.5,0F
[1504107]	$DSM03,130928,+51.44869,+22.61826,218.0,12.0,241.9,0F
[1504143]	$DSM04,130928,+51.44874,+22.61858,196.0,12.0,241.9,6F
[1505393]	$DSM0B,130929,+51.45567,+22.60976,158.0,22.0,351.6,0F
[1505429]	$DSM0C,130929,+51.44795,+22.61637,174.0,10.0,241.9,0F
[1505464]	$DSM0D,130929,+51.44834,+22.61727,164.0,11.0,240.5,0F
[1505536]	$DSM0F,130929,+51.46220,+22.60748,148.0,0.0,353.0,0F
[1506000]	$DSM00,130930,+51.45447,+22.53538,7790.0,113.0,160.3,0F
[1506107]	$DSM03,130930,+51.44860,+22.61796,216.0,12.0,243.3,0F
[1506143]	$DSM04,130930,+51.44863,+22.61826,196.0,12.0,240.5,6F
[1507000]	$DSM00,130931,+51.45352,+22.53599,7792.0,113.0,158.9,0F
[1507107]	$DSM03,130931,+51.44855,+22.61780,216.0,11.0,241.9,0F
[1507143]	$DSM04,130931,+51.44858,+22.61810,198.0,12.0,240.5,6F
[1507393]	$DSM0B,130931,+51.45604,+22.60967,156.0,21.0,351.6,0F
[1507429]	$DSM0C,130931,+51.44785,+22.61604,174.0,12.0,240.5,0F
[1507464]	$DSM0D,130931,+51.44824,+22.61701,164.0,11.0,241.9,0F
[1507536]	$DSM0F,130931,+51.46221,+22.60748,148.0,0.0,0.0,0F
[1508393]	$DSM0B,130932,+51.45624,+22.60963,156.0,20.0,350.2,0F
[1508429]	$DSM0C,130932,+51.44780,+22.61590,172.0,12.0,240.5,0F
[1508464]	$DSM0D,130932,+51.44820,+22.61688,164.0,11.0,240.5,0F
[1509000]	$DSM00,130933,+51.45163,+22.53730,7792.0,113.0,154.7,0F
[1509107]	$DSM03,130933,+51.44845,+22.61752,216.0,11.0,243.3,0F
[1509143]	$DSM04,130933,+51.44847,+22.61780,196.0,11.0,241.9,6F
[1510000]	$DSM00,130934,+51.45070,+22.53802,7792.0,113.0,153.3,0F
[1510107]	$DSM03,130934,+51.44840,+22.61740,214.0,11.0,241.9,0F
[1510143]	$DSM04,130934,+51.44842,+22.61766,194.0,11.0,241.9,6F
[1510393]	$DSM0B,130934,+51.45658,+22.60952,156.0,20.0,348.7,0F
[1510429]	$DSM0C,130934,+51.44768,+22.61557,174.0,12.0,239.1,0F
[1510464]	$DSM0D,130934,+51.44811,+22.61660,164.0,11.0,241.9,0F
[1510536]	$DSM0F,130934,+51.46226,+22.60750,148.0,1.0,38.0,0F
[1511000]	$DSM00,130936,+51.44892,+22.53961,7794.0,112.0,149.1,0F
[1511107]	$DSM03,130936,+51.44831,+22.61712,214.0,10.0,243.3,0F
[1511143]	$DSM04,130936,+51.44834,+22.61735,192.0,11.0,244.7,6F
[1511393]	$DSM0B,130936,+51.45692,+22.60944,156.0,19.0,350.2,0F
[1511429]	$DSM0C,130936,+51.44757,+22.61530,178.0,12.0,240.5,0F
[1511464]	$DSM0D,130936,+51.44801,+22.61630,166.0,11.0,239.1,0F
[1511536]	$DSM0F,130936,+51.46226,+22.60753,148.0,0.0,0.0,0F
[1512143]	$DSM04,130937,+51.44828,+22.61720,194.0,10.0,243.3,6F
[1512464]	$DSM0D,130937,+51.44796,+22.61617,166.0,11.0,239.1,0F
[1513000]	$DSM00,130938,+51.44720,+22.54139,7794.0,112.0,146.2,0F
[1513107]	$DSM03,130938,+51.44824,+22.61686,214.0,10.0,244.7,0F
[1513393]	$DSM0B,130938,+51.45724,+22.60935,156.0,18.0,354.4,0F
[1513429]	$DSM0C,130938,+51.44745,+22.61497,178.0,12.0,240.5,0F
[1514429]	$DSM0C,130939,+51.44740,+22.61482,178.0,12.0,241.9,0F
[1514464]	$DSM0D,130939,+51.44785,+22.61590,166.0,11.0,240.5,0F
[1515000]	$DSM00,130940,+51.44559,+22.54332,7796.0,111.0,142.0,0F
[1515107]	$DSM03,130940,+51.44815,+22.61660,214.0,10.0,243.3,0F
[1515143]	$DSM04,130940,+51.44818,+22.61680,196.0,10.0,241.9,6F
[1515393]	$DSM0B,130940,+51.45756,+22.60935,156.0,18.0,2.8,0F
[1516393]	$DSM0B,130941,+51.45772,+22.60937,156.0,17.0,5.6,0F
[1516429]	$DSM0C,130941,+51.44729,+22.61450,176.0,12.0,240.5,0F
[1516464]	$DSM0D,130941,+51.44775,+22.61562,166.0,11.0,239.1,0F
[1517000]	$DSM00,130942,+51.44405,+22.54538,7796.0,110.0,139.2,0F
[1517107]	$DSM03,130942,+51.44806,+22.61632,216.0,11.0,240.5,0F
[1517143]	$DSM04,130942,+51.44808,+22.61652,196.0,11.0,239.1,6F
[1518393]	$DSM0B,130943,+51.45802,+22.60942,156.0,16.0,7.0,0F
[1518429]	$DSM0C,130943,+51.44718,+22.61418,174.0,12.0,240.5,0F
[1518464]	$DSM0D,130943,+51.44765,+22.61534,166.0,11.0,240.5,0F
[1519000]	$DSM00,130944,+51.44260,+22.54760,7796.0,110.0,135.0,0F
[1519107]	$DSM03,130944,+51.44796,+22.61604,216.0,12.0,239.1,0F
[1519143]	$DSM04,130944,+51.44799,+22.61624,198.0,11.0,240.5,6F
[1520107]	$DSM03,130945,+51.44790,+22.61590,216.0,12.0,241.9,0F
[1520143]	$DSM04,130945,+51.44795,+22.61611,198.0,11.0,240.5,6F
[1520393]	$DSM0B,130945,+51.45830,+22.60950,156.0,14.0,8.4,0F
[1520429]	$DSM0C,130945,+51.44707,+22.61388,176.0,13.0,239.1,0F
[1520464]	$DSM0D,130945,+51.44755,+22.61504,166.0,12.0,241.9,0F
[1521000]	$DSM00,130946,+51.44126,+22.54991,7796.0,109.0,132.2,0F
[1521429]	$DSM0C,130946,+51.44702,+22.61371,176.0,13.0,241.9,0F
[1522393]	$DSM0B,130947,+51.45852,+22.60954,156.0,12.0,7.0,0F
[1522464]	$DSM0D,130947,+51.44744,+22.61474,166.0,12.0,240.5,0F
[1523000]	$DSM00,130948,+51.44000,+22.55232,7796.0,108.0,129.4,0F
[1523107]	$DSM03,130948,+51.44774,+22.61544,216.0,12.0,240.5,0F
[1523143]	$DSM04,130948,+51.44780,+22.61568,196.0,11.0,241.9,6F
[1524000]	$DSM00,130949,+51.43938,+22.55354,7796.0,108.0,129.4,0F
[1524107]	$DSM03,130949,+51.44768,+22.61530,216.0,12.0,241.9,0F
[1524143]	$DSM04,130949,+51.44774,+22.61553,198.0,12.0,240.5,6F
[1524393]	$DSM0B,130949,+51.45876,+22.60956,156.0,14.0,1.4,0F
[1524429]	$DSM0C,130949,+51.44685,+22.61324,178.0,12.0,240.5,0F
[1524464]	$DSM0D,130949,+51.44733,+22.61444,166.0,12.0,240.5,0F
[1525000]	$DSM00,130951,+51.43817,+22.55598,7796.0,108.0,128.0,0F
[1525107]	$DSM03,130951,+51.44758,+22.61499,218.0,12.0,237.7,0F
[1525143]	$DSM04,130951,+51.44762,+22.61521,200.0,12.0,236.2,6F
[1525393]	$DSM0B,130951,+51.45904,+22.60956,156.0,18.0,357.2,0F
[1525429]	$DSM0C,130951,+51.44674,+22.61291,178.0,13.0,236.2,0F
[1525464]	$DSM0D,130951,+51.44723,+22.61411,166.0,13.0,240.5,0F
[1526107]	$DSM03,130952,+51.44752,+22.61484,218.0,14.0,233.4,0F
[1526429]	$DSM0C,130952,+51.44668,+22.61276,178.0,13.0,233.4,0F
[1526464]	$DSM0D,130952,+51.44716,+22.61394,166.0,13.0,239.1,0F
[1527000]	$DSM00,130953,+51.43699,+22.55845,7798.0,108.0,128.0,0F
[1527143]	$DSM04,130953,+51.44748,+22.61482,204.0,15.0,230.6,6F
[1527393]	$DSM0B,130953,+51.45938,+22.60952,156.0,19.0,355.8,0F
[1528107]	$DSM03,130954,+51.44734,+22.61454,218.0,14.0,227.8,0F
[1528143]	$DSM04,130954,+51.44739,+22.61467,204.0,15.0,227.8,6F
[1528393]	$DSM0B,130954,+51.45954,+22.60950,156.0,19.0,355.8,0F
[1528429]	$DSM0C,130954,+51.44653,+22.61252,180.0,9.0,227.8,0F
[1528464]	$DSM0D,130954,+51.44704,+22.61364,166.0,12.0,240.5,0F
[1529000]	$DSM00,130955,+51.43581,+22.56094,7798.0,108.0,128.0,0F
[1530393]	$DSM0B,130956,+51.45990,+22.60946,154.0,20.0,354.4,0F
[1530429]	$DSM0C,130956,+51.44650,+22.61233,180.0,6.0,299.5,0F
[1530464]	$DSM0D,130956,+51.44696,+22.61336,166.0,11.0,239.1,0F
[1531000]	$DSM00,130957,+51.43463,+22.56341,7798.0,108.0,128.0,0F
[1531107]	$DSM03,130957,+51.44704,+22.61407,220.0,15.0,222.2,0F
[1531143]	$DSM04,130957,+51.44708,+22.61422,208.0,15.0,222.2,6F
[1532393]	$DSM0B,130958,+51.46025,+22.60939,156.0,20.0,351.6,0F
[1532429]	$DSM0C,130958,+51.44663,+22.61220,178.0,8.0,357.2,0F
[1532464]	$DSM0D,130958,+51.44686,+22.61310,166.0,9.0,241.9,0F
[1533000]	$DSM00,130959,+51.43344,+22.56588,7800.0,108.0,128.0,0F
[1533107]	$DSM03,130959,+51.44683,+22.61377,222.0,15.0,223.6,0F
[1533143]	$DSM04,130959,+51.44686,+22.61390,212.0,15.0,223.6,6F
[1534107]	$DSM03,131000,+51.44674,+22.61362,224.0,14.0,225.0,0F
[1534143]	$DSM04,131000,+51.44676,+22.61373,212.0,15.0,226.4,6F
[1534393]	$DSM0B,131000,+51.46060,+22.60931,156.0,20.0,350.2,0F
[1534429]	$DSM0C,131000,+51.44677,+22.61216,176.0,10.0,343.1,0F
[1534464]	$DSM0D,131000,+51.44679,+22.61289,166.0,8.0,240.5,0F
[1535000]	$DSM00,131001,+51.43226,+22.56834,7800.0,108.0,128.0,0F
[1536000]	$DSM00,131002,+51.43167,+22.56959,7798.0,108.0,126.6,0F
[1536107]	$DSM03,131002,+51.44657,+22.61334,226.0,13.0,227.8,0F
[1536143]	$DSM04,131002,+51.44660,+22.61340,216.0,13.0,227.8,6F
[1536393]	$DSM0B,131002,+51.46094,+22.60920,156.0,18.0,350.2,0F
[1536429]	$DSM0C,131002,+51.44695,+22.61205,174.0,9.0,336.1,0F
[1536464]	$DSM0D,131002,+51.44672,+22.61272,166.0,7.0,240.5,0F
[1537000]	$DSM00,131004,+51.43054,+22.57210,7798.0,107.0,125.2,0F
[1537107]	$DSM03,131004,+51.44643,+22.61308,226.0,11.0,234.8,0F
[1537143]	$DSM04,131004,+51.44643,+22.61315,220.0,11.0,229.2,6F
[1537393]	$DSM0B,131004,+51.46125,+22.60912,156.0,17.0,350.2,0F
[1537429]	$DSM0C,131004,+51.44711,+22.61195,174.0,9.0,345.9,0F
[1537464]	$DSM0D,131004,+51.44666,+22.61257,166.0,6.0,227.8,0F
[1538107]	$DSM03,131006,+51.44635,+22.61283,226.0,9.0,250.3,0F
[1538143]	$DSM04,131006,+51.44635,+22.61289,222.0,9.0,243.3,6F
[1538393]	$DSM0B,131006,+51.46154,+22.60905,156.0,17.0,350.2,0F
[1538429]	$DSM0C,131006,+51.44726,+22.61188,172.0,9.0,348.7,0F
[1538464]	$DSM0D,131006,+51.44658,+22.61246,166.0,5.0,216.6,0F
[1539000]	$DSM00,131007,+51.42897,+22.57600,7794.0,107.0,120.9,0F
[1540000]	$DSM00,131008,+51.42850,+22.57734,7794.0,106.0,119.5,0F
[1540107]	$DSM03,131008,+51.44636,+22.61259,228.0,8.0,288.3,0F
[1540143]	$DSM04,131008,+51.44632,+22.61268,224.0,7.0,282.7,6F
[1540393]	$DSM0B,131008,+51.46183,+22.60896,158.0,16.0,350.2,0F
[1540429]	$DSM0C,131008,+51.44746,+22.61182,172.0,12.0,353.0,0F
[1540464]	$DSM0D,131008,+51.44652,+22.61233,168.0,4.0,246.1,0F
[1541393]	$DSM0B,131009,+51.46196,+22.60892,158.0,15.0,350.2,0F
[1541429]	$DSM0C,131009,+51.44757,+22.61178,172.0,13.0,353.0,0F
[1541464]	$DSM0D,131009,+51.44652,+22.61229,168.0,3.0,263.0,0F
[1542000]	$DSM00,131010,+51.42761,+22.58004,7792.0,106.0,116.7,0F
[1542107]	$DSM03,131010,+51.44645,+22.61242,228.0,9.0,312.2,0F
[1542143]	$DSM04,131010,+51.44641,+22.61248,220.0,8.0,303.7,6F
[1543107]	$DSM03,131011,+51.44652,+22.61231,228.0,10.0,317.8,0F
[1543143]	$DSM04,131011,+51.44648,+22.61238,218.0,9.0,312.2,6F
[1543393]	$DSM0B,131011,+51.46223,+22.60886,158.0,14.0,347.3,0F
[1543429]	$DSM0C,131011,+51.44780,+22.61173,172.0,12.0,353.0,0F
[1543464]	$DSM0D,131011,+51.44652,+22.61220,168.0,3.0,282.7,0F
[1544000]	$DSM00,131012,+51.42683,+22.58281,7790.0,105.0,112.5,0F
[1545000]	$DSM00,131013,+51.42647,+22.58420,7790.0,105.0,111.1,0F
[1545107]	$DSM03,131013,+51.44668,+22.61216,226.0,10.0,327.7,0F
[1545143]	$DSM04,131013,+51.44663,+22.61220,216.0,9.0,326.2,6F
[1545393]	$DSM0B,131013,+51.46246,+22.60875,158.0,13.0,344.5,0F
[1545429]	$DSM0C,131013,+51.44802,+22.61167,172.0,11.0,351.6,0F
[1545464]	$DSM0D,131013,+51.44654,+22.61212,168.0,2.0,312.2,0F
[1546107]	$DSM03,131014,+51.44676,+22.61210,226.0,10.0,333.3,0F
[1546143]	$DSM04,131014,+51.44670,+22.61214,212.0,9.0,333.3,6F
[1546393]	$DSM0B,131014,+51.46256,+22.60871,156.0,13.0,343.1,0F
[1546429]	$DSM0C,131014,+51.44812,+22.61165,172.0,11.0,353.0,0F
[1546464]	$DSM0D,131014,+51.44655,+22.61212,168.0,1.0,331.9,0F
[1547000]	$DSM00,131015,+51.42584,+22.58704,7790.0,104.0,108.3,0F
[1548107]	$DSM03,131016,+51.44694,+22.61201,226.0,10.0,345.9,0F
[1548143]	$DSM04,131016,+51.44688,+22.61203,212.0,10.0,345.9,6F
[1548393]	$DSM0B,131016,+51.46280,+22.60858,158.0,12.0,340.3,0F
[1548429]	$DSM0C,131016,+51.44832,+22.61158,172.0,11.0,348.7,0F
[1548464]	$DSM0D,131016,+51.44656,+22.61210,168.0,0.0,0.0,0F
[1549000]	$DSM00,131017,+51.42530,+22.58987,7790.0,103.0,105.5,0F
[1550000]	$DSM00,131018,+51.42507,+22.59130,7790.0,102.0,104.1,0F
[1550107]	$DSM03,131018,+51.44714,+22.61195,226.0,11.0,350.2,0F
[1550143]	$DSM04,131018,+51.44708,+22.61199,212.0,11.0,350.2,6F
[1550393]	$DSM0B,131018,+51.46300,+22.60847,156.0,11.0,338.9,0F
[1550429]	$DSM0C,131018,+51.44853,+22.61152,172.0,12.0,351.6,0F
[1551393]	$DSM0B,131019,+51.46308,+22.60841,156.0,10.0,338.9,0F
[1551429]	$DSM0C,131019,+51.44865,+22.61150,172.0,13.0,351.6,0F
[1552000]	$DSM00,131020,+51.42468,+22.59416,7790.0,101.0,101.2,0F
[1552107]	$DSM03,131020,+51.44736,+22.61190,224.0,12.0,350.2,0F
[1552143]	$DSM04,131020,+51.44729,+22.61192,212.0,12.0,348.7,6F
[1553000]	$DSM00,131021,+51.42452,+22.59560,7790.0,101.0,99.8,0F
[1553107]	$DSM03,131021,+51.44746,+22.61188,226.0,12.0,351.6,0F
[1553143]	$DSM04,131021,+51.44741,+22.61188,214.0,12.0,353.0,6F
[1553393]	$DSM0B,131021,+51.46324,+22.60832,156.0,8.0,340.3,0F
[1553429]	$DSM0C,131021,+51.44887,+22.61143,172.0,12.0,350.2,0F
[1553464]	$DSM0D,131021,+51.44663,+22.61210,168.0,5.0,8.4,0F
[1554000]	$DSM00,131023,+51.42427,+22.59845,7790.0,100.0,97.0,0F
[1554107]	$DSM03,131023,+51.44770,+22.61184,224.0,12.0,351.6,0F
[1554143]	$DSM04,131023,+51.44765,+22.61184,214.0,13.0,353.0,6F
[1554393]	$DSM0B,131023,+51.46336,+22.60826,156.0,6.0,341.7,0F
[1554429]	$DSM0C,131023,+51.44909,+22.61137,172.0,12.0,350.2,0F
[1554464]	$DSM0D,131023,+51.44671,+22.61216,168.0,5.0,28.1,0F
[1555143]	$DSM04,131024,+51.44778,+22.61182,214.0,13.0,351.6,6F
[1556000]	$DSM00,131025,+51.42412,+22.60130,7790.0,99.0,94.2,0F
[1556107]	$DSM03,131025,+51.44793,+22.61180,226.0,13.0,350.2,0F
[1556393]	$DSM0B,131025,+51.46344,+22.60821,156.0,3.0,340.3,0F
[1556429]	$DSM0C,131025,+51.44932,+22.61130,172.0,13.0,351.6,0F
[1556464]	$DSM0D,131025,+51.44683,+22.61216,170.0,8.0,340.3,0F
[1557393]	$DSM0B,131026,+51.46344,+22.60819,156.0,2.0,347.3,0F
[1557429]	$DSM0C,131026,+51.44944,+22.61128,170.0,13.0,353.0,0F
[1557464]	$DSM0D,131026,+51.44689,+22.61212,170.0,9.0,340.3,0F
[1558000]	$DSM00,131027,+51.42405,+22.60414,7790.0,98.0,91.4,0F
[1558107]	$DSM03,131027,+51.44819,+22.61173,226.0,14.0,351.6,0F
[1558143]	$DSM04,131027,+51.44815,+22.61173,216.0,14.0,351.6,6F
[1559143]	$DSM04,131029,+51.44843,+22.61167,216.0,15.0,350.2,6F
[1559393]	$DSM0B,131029,+51.46348,+22.60819,156.0,0.0,0.0,0F
[1559429]	$DSM0C,131029,+51.44984,+22.61118,170.0,16.0,350.2,0F
[1559464]	$DSM0D,131029,+51.44716,+22.61197,170.0,11.0,341.7,0F
[1560000]	$DSM00,131030,+51.42415,+22.60834,7788.0,97.0,85.8,0F
[1560107]	$DSM03,131030,+51.44860,+22.61162,226.0,16.0,350.2,0F
[1561429]	$DSM0C,131040,+51.45143,+22.61074,166.0,16.0,350.2,0F
[1561464]	$DSM0D,131040,+51.44871,+22.61154,168.0,18.0,350.2,0F
[1562000]	$DSM00,131041,+51.42623,+22.62289,7784.0,92.0,68.9,0F
[1562107]	$DSM03,131041,+51.45028,+22.61124,230.0,18.0,351.6,0F
[1562143]	$DSM04,131041,+51.45020,+22.61124,216.0,18.0,350.2,6F
[1563429]	$DSM0C,131043,+51.45186,+22.61062,164.0,18.0,351.6,0F
[1563464]	$DSM0D,131043,+51.44919,+22.61141,166.0,18.0,350.2,0F
[1564000]	$DSM00,131044,+51.42724,+22.62647,7784.0,91.0,63.3,0F
[1564107]	$DSM03,131044,+51.45076,+22.61113,232.0,18.0,351.6,0F
[1564143]	$DSM04,131044,+51.45069,+22.61111,218.0,18.0,351.6,6F
[1565000]	$DSM00,131046,+51.42803,+22.62875,7784.0,90.0,60.5,0F
[1565107]	$DSM03,131046,+51.45109,+22.61104,232.0,19.0,353.0,0F
[1565143]	$DSM04,131046,+51.45101,+22.61104,218.0,19.0,353.0,6F
[1565429]	$DSM0C,131046,+51.45236,+22.61047,166.0,20.0,350.2,0F
[1565464]	$DSM0D,131046,+51.44965,+22.61128,166.0,17.0,350.2,0F
[1566464]	$DSM0D,131047,+51.44980,+22.61124,166.0,16.0,350.2,0F
[1567000]	$DSM00,131048,+51.42888,+22.63094,7784.0,89.0,56.2,0F
[1567107]	$DSM03,131048,+51.45143,+22.61098,230.0,18.0,351.6,0F
[1567143]	$DSM04,131048,+51.45138,+22.61096,220.0,19.0,351.6,6F
[1567429]	$DSM0C,131048,+51.45272,+22.61036,168.0,20.0,351.6,0F
[1568429]	$DSM0C,131049,+51.45290,+22.61032,168.0,20.0,351.6,0F
[1568464]	$DSM0D,131049,+51.45009,+22.61118,166.0,16.0,350.2,0F
[1569000]	$DSM00,131050,+51.42981,+22.63300,7784.0,88.0,53.4,0F
[1569107]	$DSM03,131050,+51.45176,+22.61090,230.0,19.0,350.2,0F
[1569143]	$DSM04,131050,+51.45171,+22.61087,222.0,19.0,350.2,6F
[1570000]	$DSM00,131053,+51.43132,+22.63587,7784.0,86.0,47.8,0F
[1570107]	$DSM03,131053,+51.45221,+22.61077,228.0,16.0,348.7,0F
[1570143]	$DSM04,131053,+51.45217,+22.61074,222.0,17.0,350.2,6F
[1570429]	$DSM0C,131053,+51.45361,+22.61012,170.0,20.0,348.7,0F
[1570464]	$DSM0D,131053,+51.45064,+22.61104,164.0,16.0,350.2,0F
[1571429]	$DSM0C,131054,+51.45379,+22.61006,170.0,20.0,348.7,0F
[1571464]	$DSM0D,131054,+51.45078,+22.61100,164.0,15.0,350.2,0F
[1572000]	$DSM00,131055,+51.43243,+22.63763,7784.0,86.0,43.6,0F
[1572107]	$DSM03,131055,+51.45251,+22.61068,228.0,15.0,348.7,0F
[1572143]	$DSM04,131055,+51.45246,+22.61066,222.0,16.0,348.7,6F
[1573429]	$DSM0C,131056,+51.45416,+22.60997,172.0,22.0,351.6,0F
[1573464]	$DSM0D,131056,+51.45105,+22.61094,164.0,15.0,351.6,0F
[1574000]	$DSM00,131057,+51.43358,+22.63926,7784.0,85.0,40.8,0F
[1574107]	$DSM03,131057,+51.45276,+22.61060,228.0,15.0,350.2,0F
[1574143]	$DSM04,131057,+51.45272,+22.61057,220.0,15.0,350.2,6F
[1575429]	$DSM0C,131058,+51.45459,+22.60984,172.0,25.0,348.7,0F
[1575464]	$DSM0D,131058,+51.45132,+22.61087,164.0,16.0,351.6,0F
[1576000]	$DSM00,131059,+51.43479,+22.64076,7784.0,84.0,36.6,0F
[1576107]	$DSM03,131059,+51.45302,+22.61053,228.0,15.0,351.6,0F
[1576143]	$DSM04,131059,+51.45296,+22.61051,216.0,14.0,351.6,6F
[1577107]	$DSM03,131100,+51.45316,+22.61051,228.0,15.0,354.4,0F
[1577143]	$DSM04,131100,+51.45308,+22.61047,214.0,15.0,354.4,6F
[1577429]	$DSM0C,131100,+51.45506,+22.60972,172.0,28.0,351.6,0F
[1577464]	$DSM0D,131100,+51.45160,+22.61079,164.0,15.0,348.7,0F
[1578000]	$DSM00,131101,+51.43604,+22.64214,7784.0,84.0,32.3,0F
[1579000]	$DSM00,131102,+51.43669,+22.64276,7784.0,83.0,30.9,0F
[1579107]	$DSM03,131102,+51.45344,+22.61047,228.0,15.0,354.4,0F
[1579143]	$DSM04,131102,+51.45334,+22.61042,210.0,15.0,354.4,6F
[1579429]	$DSM0C,131102,+51.45557,+22.60959,172.0,29.0,351.6,0F
[1579464]	$DSM0D,131102,+51.45187,+22.61072,164.0,15.0,350.2,0F
[1580000]	$DSM00,131104,+51.43800,+22.64390,7784.0,83.0,26.7,0F
[1580107]	$DSM03,131104,+51.45369,+22.61042,228.0,15.0,354.4,0F
[1580143]	$DSM04,131104,+51.45361,+22.61038,210.0,15.0,353.0,6F
[1580429]	$DSM0C,131104,+51.45607,+22.60948,170.0,26.0,351.6,0F
[1580464]	$DSM0D,131104,+51.45214,+22.61064,164.0,15.0,351.6,0F
[1581000]	$DSM00,131106,+51.43935,+22.64490,7786.0,82.0,23.9,0F
[1581107]	$DSM03,131106,+51.45397,+22.61038,228.0,15.0,353.0,0F
[1581143]	$DSM04,131106,+51.45387,+22.61034,210.0,15.0,351.6,6F
[1581429]	$DSM0C,131106,+51.45652,+22.60937,170.0,24.0,351.6,0F
[1581464]	$DSM0D,131106,+51.45240,+22.61057,164.0,14.0,351.6,0F
[1582107]	$DSM03,131108,+51.45423,+22.61032,226.0,15.0,350.2,0F
[1582143]	$DSM04,131108,+51.45412,+22.61027,208.0,15.0,350.2,6F
[1582429]	$DSM0C,131108,+51.45692,+22.60924,170.0,22.0,348.7,0F
[1582464]	$DSM0D,131108,+51.45264,+22.61051,164.0,13.0,350.2,0F
[1583000]	$DSM00,131109,+51.44144,+22.64613,7786.0,82.0,18.3,0F
[1583429]	$DSM0C,131109,+51.45711,+22.60920,170.0,21.0,350.2,0F
[1584107]	$DSM03,131110,+51.45450,+22.61023,226.0,15.0,347.3,0F
[1584143]	$DSM04,131110,+51.45437,+22.61019,206.0,15.0,347.3,6F
[1584464]	$DSM0D,131110,+51.45286,+22.61044,164.0,13.0,350.2,0F
[1585000]	$DSM00,131111,+51.44285,+22.64677,7786.0,81.0,14.1,0F
[1586000]	$DSM00,131112,+51.44356,+22.64703,7786.0,81.0,12.7,0F
[1586107]	$DSM03,131112,+51.45476,+22.61012,224.0,15.0,347.3,0F
[1586143]	$DSM04,131112,+51.45464,+22.61010,206.0,15.0,347.3,6F
[1586429]	$DSM0C,131112,+51.45764,+22.60914,170.0,20.0,4.2,0F
[1586464]	$DSM0D,131112,+51.45308,+22.61038,164.0,12.0,350.2,0F
[1587000]	$DSM00,131114,+51.44500,+22.64744,7786.0,81.0,8.4,0F
[1587107]	$DSM03,131114,+51.45501,+22.61004,224.0,15.0,348.7,0F
[1587143]	$DSM04,131114,+51.45491,+22.61000,206.0,15.0,348.7,6F
[1587429]	$DSM0C,131114,+51.45801,+22.60920,170.0,20.0,7.0,0F
[1587464]	$DSM0D,131114,+51.45331,+22.61034,166.0,13.0,351.6,0F
[1588107]	$DSM03,131115,+51.45516,+22.61000,226.0,15.0,348.7,0F
[1588143]	$DSM04,131115,+51.45504,+22.60995,208.0,15.0,348.7,6F
[1588429]	$DSM0C,131115,+51.45817,+22.60924,170.0,18.0,7.0,0F
[1588464]	$DSM0D,131115,+51.45344,+22.61030,166.0,14.0,351.6,0F
[1589000]	$DSM00,131116,+51.44645,+22.64767,7786.0,81.0,4.2,0F
[1590000]	$DSM00,131117,+51.44717,+22.64774,7786.0,81.0,2.8,0F
[1590107]	$DSM03,131117,+51.45541,+22.60991,224.0,15.0,350.2,0F
[1590143]	$DSM04,131117,+51.45532,+22.60986,208.0,15.0,350.2,6F
[1590429]	$DSM0C,131117,+51.45845,+22.60935,168.0,13.0,8.4,0F
[1590464]	$DSM0D,131117,+51.45369,+22.61023,166.0,15.0,353.0,0F
[1591429]	$DSM0C,131118,+51.45856,+22.60939,168.0,10.0,5.6,0F
[1591464]	$DSM0D,131118,+51.45384,+22.61021,166.0,16.0,351.6,0F
[1592000]	$DSM00,131119,+51.44863,+22.64778,7786.0,80.0,0.0,0F
[1592107]	$DSM03,131119,+51.45568,+22.60982,224.0,15.0,348.7,0F
[1592143]	$DSM04,131119,+51.45560,+22.60978,208.0,15.0,348.7,6F
[1593429]	$DSM0C,131120,+51.45866,+22.60948,168.0,5.0,39.4,0F
[1593464]	$DSM0D,131120,+51.45412,+22.61014,166.0,16.0,350.2,0F
[1594000]	$DSM00,131121,+51.45008,+22.64767,7788.0,80.0,355.8,0F
[1594107]	$DSM03,131121,+51.45595,+22.60974,224.0,15.0,348.7,0F
[1594143]	$DSM04,131121,+51.45586,+22.60972,210.0,15.0,348.7,6F
[1595000]	$DSM00,131122,+51.45081,+22.64757,7788.0,80.0,354.4,0F
[1595107]	$DSM03,131122,+51.45608,+22.60969,224.0,15.0,347.3,0F
[1595143]	$DSM04,131122,+51.45599,+22.60967,210.0,15.0,347.3,6F
[1595429]	$DSM0C,131122,+51.45872,+22.60956,170.0,3.0,57.7,0F
[1595464]	$DSM0D,131122,+51.45438,+22.61008,166.0,15.0,351.6,0F
[1596000]	$DSM00,131124,+51.45224,+22.64726,7788.0,80.0,351.6,0F
[1596107]	$DSM03,131124,+51.45635,+22.60956,224.0,15.0,343.1,0F
[1596143]	$DSM04,131124,+51.45626,+22.60954,210.0,16.0,344.5,6F
[1596429]	$DSM0C,131124,+51.45874,+22.60967,170.0,3.0,102.7,0F
[1596464]	$DSM0D,131124,+51.45465,+22.61000,166.0,14.0,350.2,0F
[1597429]	$DSM0C,131125,+51.45874,+22.60974,170.0,3.0,102.7,0F
[1597464]	$DSM0D,131125,+51.45477,+22.60997,164.0,14.0,350.2,0F
[1598000]	$DSM00,131126,+51.45368,+22.64690,7788.0,80.0,350.2,0F
[1598107]	$DSM03,131126,+51.45660,+22.60946,224.0,15.0,345.9,0F
[1598143]	$DSM04,131126,+51.45654,+22.60942,212.0,15.0,345.9,6F
[1599000]	$DSM00,131128,+51.45511,+22.64649,7788.0,80.0,350.2,0F
[1599107]	$DSM03,131128,+51.45687,+22.60937,224.0,15.0,355.8,0F
[1599429]	$DSM0C,131128,+51.45876,+22.60995,166.0,4.0,56.2,0F
[1599464]	$DSM0D,131128,+51.45512,+22.60986,164.0,13.0,350.2,0F
[1600000]	$DSM00,131130,+51.45654,+22.64606,7788.0,80.0,350.2,0F
[1600107]	$DSM03,131130,+51.45713,+22.60937,224.0,15.0,4.2,0F
[1600143]	$DSM04,131130,+51.45708,+22.60935,212.0,15.0,4.2,6F
[1600429]	$DSM0C,131130,+51.45879,+22.61006,164.0,2.0,70.3,0F
[1600464]	$DSM0D,131130,+51.45536,+22.60982,164.0,13.0,351.6,0F
[1601000]	$DSM00,131132,+51.45796,+22.64564,7790.0,80.0,348.7,0F
[1601107]	$DSM03,131132,+51.45740,+22.60946,224.0,16.0,15.5,0F
[1601143]	$DSM04,131132,+51.45736,+22.60944,214.0,16.0,15.5,6F
[1601429]	$DSM0C,131132,+51.45881,+22.61010,166.0,0.0,237.7,0F
[1601464]	$DSM0D,131132,+51.45558,+22.60976,162.0,13.0,351.6,0F
[1602000]	$DSM00,131134,+51.45940,+22.64518,7790.0,80.0,348.7,0F
[1602036]	$DSM01,131134,+51.46223,+22.60804,196.0,0.0,0.0,0F
[1602107]	$DSM03,131134,+51.45768,+22.60959,224.0,16.0,16.9,0F
[1602143]	$DSM04,131134,+51.45761,+22.60956,210.0,16.0,15.5,6F
[1602429]	$DSM0C,131134,+51.45880,+22.61010,166.0,0.0,0.0,0F
[1602464]	$DSM0D,131134,+51.45581,+22.60972,162.0,13.0,353.0,0F
[1603000]	$DSM00,131136,+51.46081,+22.64473,7790.0,80.0,348.7,0F
[1603107]	$DSM03,131136,+51.45798,+22.60969,224.0,17.0,9.8,0F
[1603143]	$DSM04,131136,+51.45789,+22.60969,208.0,16.0,11.2,6F
[1603464]	$DSM0D,131136,+51.45604,+22.60967,162.0,13.0,351.6,0F
[1604464]	$DSM0D,131137,+51.45616,+22.60965,162.0,13.0,353.0,0F
[1605000]	$DSM00,131138,+51.46224,+22.64426,7790.0,80.0,348.7,0F
[1605107]	$DSM03,131138,+51.45828,+22.60976,224.0,18.0,5.6,0F
[1605143]	$DSM04,131138,+51.45820,+22.60976,206.0,18.0,5.6,6F
[1606000]	$DSM00,131139,+51.46294,+22.64402,7790.0,81.0,348.7,0F
[1606143]	$DSM04,131139,+51.45837,+22.60978,206.0,18.0,4.2,6F
[1606464]	$DSM0D,131139,+51.45640,+22.60959,162.0,13.0,351.6,0F
[1607000]	$DSM00,131141,+51.46437,+22.64355,7790.0,81.0,348.7,0F
[1607107]	$DSM03,131141,+51.45879,+22.60980,224.0,19.0,1.4,0F
[1607143]	$DSM04,131141,+51.45869,+22.60980,204.0,19.0,1.4,6F
[1607464]	$DSM0D,131141,+51.45664,+22.60954,162.0,13.0,351.6,0F
[1608000]	$DSM00,131143,+51.46579,+22.64308,7790.0,81.0,348.7,0F
[1608107]	$DSM03,131143,+51.45912,+22.60978,224.0,18.0,358.6,0F
[1608143]	$DSM04,131143,+51.45904,+22.60980,204.0,18.0,358.6,6F
[1608464]	$DSM0D,131143,+51.45687,+22.60948,160.0,13.0,350.2,0F
[1609464]	$DSM0D,131144,+51.45698,+22.60944,160.0,13.0,351.6,0F
[1610000]	$DSM00,131145,+51.46720,+22.64259,7790.0,81.0,347.3,0F
[1610107]	$DSM03,131145,+51.45944,+22.60976,224.0,18.0,355.8,0F
[1610143]	$DSM04,131145,+51.45935,+22.60976,204.0,18.0,354.4,6F
[1611000]	$DSM00,131149,+51.47004,+22.64160,7790.0,81.0,347.3,0F
[1611107]	$DSM03,131149,+51.46010,+22.60961,222.0,18.0,350.2,0F
[1611143]	$DSM04,131149,+51.46001,+22.60961,206.0,18.0,348.7,6F
[1611464]	$DSM0D,131149,+51.45757,+22.60939,158.0,13.0,7.0,0F
[1612107]	$DSM03,131150,+51.46026,+22.60956,222.0,18.0,350.2,0F
[1612143]	$DSM04,131150,+51.46016,+22.60956,206.0,17.0,348.7,6F
[1612464]	$DSM0D,131150,+51.45768,+22.60944,158.0,13.0,9.8,0F
[1613000]	$DSM00,131151,+51.47146,+22.64109,7790.0,81.0,347.3,0F
[1614000]	$DSM00,131152,+51.47217,+22.64083,7790.0,81.0,347.3,0F
[1614107]	$DSM03,131152,+51.46057,+22.60948,222.0,18.0,350.2,0F
[1614143]	$DSM04,131152,+51.46048,+22.60946,208.0,18.0,350.2,6F
[1614429]	$DSM0C,131152,+51.45879,+22.61010,170.0,2.0,305.2,0F
[1614464]	$DSM0D,131152,+51.45791,+22.60950,160.0,12.0,9.8,0F
[1615000]	$DSM00,131154,+51.47359,+22.64031,7790.0,81.0,347.3,0F
[1615107]	$DSM03,131154,+51.46088,+22.60939,224.0,17.0,348.7,0F
[1615143]	$DSM04,131154,+51.46081,+22.60937,210.0,17.0,350.2,6F
[1615429]	$DSM0C,131154,+51.45878,+22.61006,170.0,2.0,270.0,0F
[1615464]	$DSM0D,131154,+51.45814,+22.60954,160.0,12.0,8.4,0F
[1616107]	$DSM03,131155,+51.46102,+22.60935,224.0,17.0,350.2,0F
[1617000]	$DSM00,131156,+51.47500,+22.63980,7790.0,81.0,347.3,0F
[1617143]	$DSM04,131156,+51.46113,+22.60928,212.0,17.0,350.2,6F
[1617429]	$DSM0C,131156,+51.45877,+22.61002,172.0,2.0,272.8,0F
[1617464]	$DSM0D,131156,+51.45833,+22.60959,160.0,10.0,8.4,0F
[1618429]	$DSM0C,131157,+51.45876,+22.61000,172.0,2.0,271.4,0F
[1618464]	$DSM0D,131157,+51.45841,+22.60961,160.0,9.0,8.4,0F
[1619000]	$DSM00,131158,+51.47641,+22.63928,7790.0,81.0,347.3,0F
[1619107]	$DSM03,131158,+51.46145,+22.60922,224.0,15.0,348.7,0F
[1619143]	$DSM04,131158,+51.46144,+22.60920,214.0,16.0,350.2,6F
[1620000]	$DSM00,131159,+51.47712,+22.63903,7790.0,81.0,347.3,0F
[1620429]	$DSM0C,131159,+51.45874,+22.60993,172.0,2.0,265.8,0F
[1620464]	$DSM0D,131159,+51.45856,+22.60965,160.0,6.0,19.7,0F
[1621107]	$DSM03,131200,+51.46170,+22.60912,224.0,14.0,347.3,0F
[1621143]	$DSM04,131200,+51.46173,+22.60912,216.0,16.0,348.7,6F
[1622464]	$DSM0D,131201,+51.45864,+22.60976,160.0,6.0,61.9,0F
[1623429]	$DSM0C,131202,+51.45871,+22.60991,174.0,0.0,0.0,0F
[1624000]	$DSM00,131203,+51.47995,+22.63798,7790.0,81.0,347.3,0F
[1624107]	$DSM03,131203,+51.46204,+22.60896,224.0,13.0,344.5,0F
[1624143]	$DSM04,131203,+51.46211,+22.60898,218.0,13.0,345.9,6F
[1625464]	$DSM0D,131204,+51.45866,+22.61002,160.0,6.0,85.8,0F
[1626000]	$DSM00,131205,+51.48136,+22.63746,7790.0,81.0,347.3,0F
[1626107]	$DSM03,131205,+51.46224,+22.60888,222.0,10.0,341.7,0F
[1626143]	$DSM04,131205,+51.46230,+22.60888,216.0,11.0,341.7,6F
[1627000]	$DSM00,131207,+51.48277,+22.63692,7790.0,81.0,345.9,0F
[1627107]	$DSM03,131207,+51.46240,+22.60879,222.0,9.0,341.7,0F
[1627143]	$DSM04,131207,+51.46245,+22.60877,216.0,9.0,341.7,6F
[1627393]	$DSM0B,131207,+51.46350,+22.60824,154.0,2.0,340.3,0F
[1627464]	$DSM0D,131207,+51.45871,+22.61016,162.0,2.0,38.0,0F
[1628000]	$DSM00,131213,+51.48691,+22.63482,7790.0,81.0,336.1,0F
[1628107]	$DSM03,131213,+51.46280,+22.60860,220.0,8.0,343.1,0F
[1628143]	$DSM04,131213,+51.46281,+22.60858,210.0,7.0,344.5,6F
[1628393]	$DSM0B,131213,+51.46375,+22.60810,154.0,3.0,350.2,0F
[1628464]	$DSM0D,131213,+51.45872,+22.61019,164.0,0.0,0.0,0F
[1629393]	$DSM0B,131219,+51.46404,+22.60798,156.0,6.0,355.8,0F
[1630000]	$DSM00,131220,+51.49112,+22.63008,7788.0,84.0,313.6,0F
[1630107]	$DSM03,131220,+51.46317,+22.60838,216.0,6.0,337.5,0F
[1630143]	$DSM04,131220,+51.46316,+22.60838,210.0,5.0,337.5,6F
[1631107]	$DSM03,131221,+51.46321,+22.60834,216.0,5.0,331.9,0F
[1631143]	$DSM04,131221,+51.46320,+22.60836,210.0,6.0,333.3,6F
[1631393]	$DSM0B,131221,+51.46413,+22.60796,156.0,5.0,354.4,0F
[1632000]	$DSM00,131222,+51.49209,+22.62821,7788.0,85.0,306.6,0F
[1633000]	$DSM00,131223,+51.49253,+22.62720,7788.0,85.0,303.7,0F
[1633107]	$DSM03,131223,+51.46328,+22.60828,214.0,5.0,324.8,0F
[1633143]	$DSM04,131223,+51.46331,+22.60828,212.0,6.0,327.7,6F
[1633393]	$DSM0B,131223,+51.46421,+22.60796,156.0,4.0,351.6,0F
[1634393]	$DSM0B,131224,+51.46425,+22.60794,156.0,4.0,354.4,0F
[1635000]	$DSM00,131225,+51.49332,+22.62508,7790.0,86.0,298.1,0F
[1635107]	$DSM03,131225,+51.46336,+22.60815,214.0,6.0,317.8,0F
[1635143]	$DSM04,131225,+51.46338,+22.60817,210.0,6.0,319.2,6F
[1636000]	$DSM00,131227,+51.49398,+22.62278,7792.0,88.0,292.5,0F
[1636107]	$DSM03,131227,+51.46344,+22.60802,212.0,6.0,315.0,0F
[1636143]	$DSM04,131227,+51.46346,+22.60802,208.0,6.0,315.0,6F
[1636393]	$DSM0B,131227,+51.46434,+22.60791,158.0,3.0,348.7,0F
[1637000]	$DSM00,131230,+51.49471,+22.61909,7794.0,90.0,284.1,0F
[1637107]	$DSM03,131230,+51.46356,+22.60783,210.0,6.0,317.8,0F
[1637143]	$DSM04,131230,+51.46358,+22.60783,206.0,7.0,320.6,6F
[1637393]	$DSM0B,131230,+51.46441,+22.60789,158.0,2.0,355.8,0F
[1638000]	$DSM00,131231,+51.49488,+22.61783,7794.0,90.0,281.2,0F
[1638107]	$DSM03,131231,+51.46361,+22.60776,210.0,7.0,320.6,0F
[1638143]	$DSM04,131231,+51.46362,+22.60776,204.0,7.0,322.0,6F
[1638393]	$DSM0B,131231,+51.46443,+22.60789,158.0,1.0,344.5,0F
[1638464]	$DSM0D,131231,+51.45872,+22.61021,170.0,2.0,75.9,0F
[1639000]	$DSM00,131233,+51.49511,+22.61521,7794.0,92.0,275.6,0F
[1639107]	$DSM03,131233,+51.46371,+22.60763,208.0,7.0,320.6,0F
[1639143]	$DSM04,131233,+51.46372,+22.60763,202.0,7.0,322.0,6F
[1639393]	$DSM0B,131233,+51.46444,+22.60787,158.0,0.0,0.0,0F
[1639464]	$DSM0D,131233,+51.45872,+22.61027,170.0,2.0,85.8,0F
[1640000]	$DSM00,131235,+51.49517,+22.61252,7796.0,93.0,270.0,0F
[1640107]	$DSM03,131235,+51.46380,+22.60750,208.0,7.0,319.2,0F
[1640143]	$DSM04,131235,+51.46382,+22.60750,202.0,7.0,323.4,6F
[1640464]	$DSM0D,131235,+51.45872,+22.61032,172.0,1.0,75.9,0F
[1641000]	$DSM00,131237,+51.49510,+22.60980,7796.0,95.0,265.8,0F
[1641107]	$DSM03,131237,+51.46388,+22.60738,206.0,7.0,322.0,0F
[1641143]	$DSM04,131237,+51.46392,+22.60740,202.0,7.0,323.4,6F
[1641464]	$DSM0D,131237,+51.45872,+22.61034,172.0,0.0,0.0,0F
[1642143]	$DSM04,131238,+51.46396,+22.60733,200.0,7.0,324.8,6F
[1643000]	$DSM00,131239,+51.49488,+22.60706,7796.0,96.0,260.2,0F
[1643107]	$DSM03,131239,+51.46400,+22.60727,206.0,7.0,322.0,0F
[1644000]	$DSM00,131240,+51.49469,+22.60568,7796.0,97.0,257.3,0F
[1644107]	$DSM03,131240,+51.46405,+22.60720,206.0,7.0,324.8,0F
[1644143]	$DSM04,131240,+51.46406,+22.60722,200.0,7.0,323.4,6F
[1645107]	$DSM03,131241,+51.46410,+22.60714,206.0,7.0,323.4,0F
[1645143]	$DSM04,131241,+51.46412,+22.60716,200.0,7.0,324.8,6F
[1646000]	$DSM00,131242,+51.49424,+22.60294,7798.0,98.0,253.1,0F
[1646143]	$DSM04,131242,+51.46416,+22.60710,198.0,7.0,326.2,6F
[1647000]	$DSM00,131243,+51.49395,+22.60156,7798.0,99.0,250.3,0F
[1647107]	$DSM03,131243,+51.46420,+22.60703,206.0,7.0,326.2,0F
[1648107]	$DSM03,131245,+51.46431,+22.60692,204.0,7.0,330.5,0F
[1648143]	$DSM04,131245,+51.46434,+22.60695,196.0,7.0,334.7,6F
[1649000]	$DSM00,131246,+51.49290,+22.59757,7800.0,101.0,244.7,0F
[1650000]	$DSM00,131247,+51.49248,+22.59626,7800.0,102.0,241.9,0F
[1650107]	$DSM03,131247,+51.46441,+22.60684,204.0,7.0,336.1,0F
[1650143]	$DSM04,131247,+51.46444,+22.60686,192.0,7.0,337.5,6F
[1651000]	$DSM00,131249,+51.49153,+22.59371,7800.0,103.0,237.7,0F
[1651107]	$DSM03,131249,+51.46453,+22.60678,204.0,7.0,341.7,0F
[1651143]	$DSM04,131249,+51.46456,+22.60680,192.0,7.0,343.1,6F
[1652000]	$DSM00,131251,+51.49046,+22.59126,7800.0,104.0,233.4,0F
[1652107]	$DSM03,131251,+51.46465,+22.60671,204.0,7.0,348.7,0F
[1652143]	$DSM04,131251,+51.46466,+22.60675,190.0,7.0,348.7,6F
[1653107]	$DSM03,131254,+51.46483,+22.60667,204.0,7.0,355.8,0F
[1653143]	$DSM04,131254,+51.46483,+22.60671,188.0,7.0,353.0,6F
[1654000]	$DSM00,131255,+51.48796,+22.58669,7802.0,106.0,225.0,0F
[1655000]	$DSM00,131257,+51.48655,+22.58461,7802.0,107.0,220.8,0F
[1655107]	$DSM03,131257,+51.46501,+22.60669,204.0,7.0,8.4,0F
[1655143]	$DSM04,131257,+51.46500,+22.60671,190.0,6.0,8.4,6F
[1656000]	$DSM00,131259,+51.48502,+22.58268,7802.0,108.0,216.6,0F
[1656107]	$DSM03,131259,+51.46512,+22.60673,204.0,6.0,19.7,0F
[1656143]	$DSM04,131259,+51.46511,+22.60675,192.0,6.0,21.1,6F
[1657000]	$DSM00,131302,+51.48258,+22.58006,7802.0,109.0,210.9,0F
[1657107]	$DSM03,131302,+51.46526,+22.60684,204.0,6.0,32.3,0F
[1657143]	$DSM04,131302,+51.46524,+22.60688,194.0,6.0,38.0,6F
[1658000]	$DSM00,131304,+51.48085,+22.57854,7802.0,110.0,206.7,0F
[1658107]	$DSM03,131304,+51.46537,+22.60695,202.0,6.0,35.2,0F
[1658143]	$DSM04,131304,+51.46532,+22.60701,194.0,7.0,36.6,6F
[1659107]	$DSM03,131309,+51.46556,+22.60725,202.0,5.0,52.0,0F
[1659143]	$DSM04,131309,+51.46554,+22.60736,194.0,6.0,54.8,6F
[1660000]	$DSM00,131310,+51.47527,+22.57500,7802.0,112.0,196.9,0F
[1661000]	$DSM00,131312,+51.47332,+22.57416,7800.0,112.0,192.7,0F
[1661107]	$DSM03,131312,+51.46560,+22.60742,200.0,3.0,87.2,0F
[1661143]	$DSM04,131312,+51.46560,+22.60750,192.0,3.0,77.3,6F
[1662000]	$DSM00,131315,+51.47032,+22.57328,7800.0,113.0,188.4,0F
[1662107]	$DSM03,131315,+51.46556,+22.60753,200.0,3.0,140.6,0F
[1662143]	$DSM04,131315,+51.46556,+22.60761,190.0,3.0,146.2,6F
[1663107]	$DSM03,131316,+51.46553,+22.60755,200.0,3.0,157.5,0F
[1663143]	$DSM04,131316,+51.46553,+22.60763,190.0,3.0,143.4,6F
[1664000]	$DSM00,131317,+51.46830,+22.57289,7800.0,113.0,185.6,0F
[1665000]	$DSM00,131319,+51.46624,+22.57270,7800.0,113.0,182.8,0F
[1665107]	$DSM03,131319,+51.46547,+22.60759,200.0,2.0,168.7,0F
[1665143]	$DSM04,131319,+51.46547,+22.60763,188.0,2.0,180.0,6F
[1666393]	$DSM0B,131321,+51.46444,+22.60774,170.0,2.0,188.4,0F
[1667000]	$DSM00,131322,+51.46318,+22.57272,7802.0,113.0,178.6,0F
[1667107]	$DSM03,131322,+51.46540,+22.60761,202.0,2.0,161.7,0F
[1667143]	$DSM04,131322,+51.46542,+22.60766,186.0,1.0,173.0,6F
[1668000]	$DSM00,131324,+51.46112,+22.57294,7802.0,113.0,175.8,0F
[1668107]	$DSM03,131324,+51.46537,+22.60761,202.0,2.0,184.2,0F
[1668143]	$DSM04,131324,+51.46540,+22.60766,188.0,1.0,180.0,6F
[1668393]	$DSM0B,131324,+51.46437,+22.60778,170.0,3.0,151.9,0F
[1669107]	$DSM03,131326,+51.46535,+22.60761,202.0,2.0,196.9,0F
[1670000]	$DSM00,131328,+51.45705,+22.57382,7802.0,113.0,170.2,0F
[1670143]	$DSM04,131328,+51.46540,+22.60766,190.0,0.0,0.0,6F
[1670393]	$DSM0B,131328,+51.46428,+22.60785,168.0,3.0,164.5,0F
[1670464]	$DSM0D,131328,+51.45866,+22.61042,176.0,2.0,253.1,0F
[1671393]	$DSM0B,131329,+51.46425,+22.60785,168.0,3.0,171.6,0F
[1671464]	$DSM0D,131329,+51.45866,+22.61038,174.0,3.0,282.7,0F
[1672000]	$DSM00,131330,+51.45501,+22.57440,7802.0,113.0,170.2,0F
[1672107]	$DSM03,131330,+51.46527,+22.60757,206.0,2.0,182.8,0F
[1673000]	$DSM00,131331,+51.45402,+22.57472,7802.0,113.0,168.7,0F
[1673107]	$DSM03,131331,+51.46525,+22.60757,208.0,3.0,185.6,0F
[1673143]	$DSM04,131331,+51.46535,+22.60766,192.0,2.0,182.8,6F
[1673393]	$DSM0B,131331,+51.46421,+22.60787,168.0,2.0,167.3,0F
[1673464]	$DSM0D,131331,+51.45868,+22.61030,174.0,3.0,295.3,0F
[1674000]	$DSM00,131333,+51.45200,+22.57536,7802.0,113.0,168.7,0F
[1674107]	$DSM03,131333,+51.46520,+22.60757,208.0,3.0,178.6,0F
[1674143]	$DSM04,131333,+51.46529,+22.60766,196.0,2.0,175.8,6F
[1674393]	$DSM0B,131333,+51.46419,+22.60787,168.0,1.0,161.7,0F
[1674464]	$DSM0D,131333,+51.45869,+22.61023,174.0,1.0,258.7,0F
[1675000]	$DSM00,131336,+51.44899,+22.57637,7802.0,113.0,168.7,0F
[1675107]	$DSM03,131336,+51.46511,+22.60755,206.0,3.0,174.4,0F
[1675143]	$DSM04,131336,+51.46526,+22.60766,196.0,2.0,164.5,6F
[1675393]	$DSM0B,131336,+51.46419,+22.60787,168.0,0.0,0.0,0F
[1675464]	$DSM0D,131336,+51.45869,+22.61023,172.0,0.0,0.0,0F
[1676000]	$DSM00,131340,+51.44498,+22.57774,7802.0,113.0,167.3,0F
[1676107]	$DSM03,131340,+51.46500,+22.60757,206.0,2.0,171.6,0F
[1676143]	$DSM04,131340,+51.46511,+22.60766,192.0,3.0,174.4,6F
[1677464]	$DSM0D,131341,+51.45866,+22.61014,172.0,3.0,250.3,0F
[1678000]	$DSM00,131342,+51.44300,+22.57858,7802.0,113.0,164.5,0F
[1678107]	$DSM03,131342,+51.46497,+22.60757,206.0,2.0,182.8,0F
[1678143]	$DSM04,131342,+51.46507,+22.60766,194.0,2.0,185.6,6F
[1679464]	$DSM0D,131343,+51.45865,+22.61006,172.0,3.0,264.4,0F
[1680000]	$DSM00,131344,+51.44106,+22.57957,7800.0,113.0,160.3,0F
[1680107]	$DSM03,131344,+51.46495,+22.60757,206.0,1.0,206.7,0F
[1680143]	$DSM04,131344,+51.46504,+22.60763,194.0,1.0,213.7,6F
[1681464]	$DSM0D,131345,+51.45866,+22.60997,172.0,3.0,282.7,0F
[1682000]	$DSM00,131346,+51.43916,+22.58075,7798.0,113.0,157.5,0F
[1682107]	$DSM03,131346,+51.46492,+22.60755,206.0,0.0,0.0,0F
[1682143]	$DSM04,131346,+51.46500,+22.60761,194.0,0.0,0.0,6F
[1683000]	$DSM00,131347,+51.43823,+22.58141,7798.0,113.0,154.7,0F
[1683464]	$DSM0D,131347,+51.45868,+22.60989,170.0,2.0,275.6,0F
[1684000]	$DSM00,131349,+51.43642,+22.58292,7796.0,112.0,150.5,0F
[1684143]	$DSM04,131349,+51.46497,+22.60759,196.0,2.0,220.8,6F
[1684464]	$DSM0D,131349,+51.45868,+22.60984,170.0,0.0,288.3,0F
[1685000]	$DSM00,131351,+51.43469,+22.58459,7796.0,112.0,147.7,0F
[1685107]	$DSM03,131351,+51.46488,+22.60746,208.0,3.0,240.5,0F
[1685143]	$DSM04,131351,+51.46495,+22.60753,196.0,3.0,241.9,6F
[1685464]	$DSM0D,131351,+51.45868,+22.60984,170.0,0.0,0.0,0F
[1686000]	$DSM00,131353,+51.43305,+22.58646,7796.0,111.0,143.4,0F
[1686107]	$DSM03,131353,+51.46484,+22.60738,208.0,4.0,241.9,0F
[1686143]	$DSM04,131353,+51.46492,+22.60744,198.0,4.0,246.1,6F
[1687107]	$DSM03,131355,+51.46482,+22.60729,210.0,4.0,240.5,0F
[1687143]	$DSM04,131355,+51.46488,+22.60733,198.0,4.0,233.4,6F
[1688000]	$DSM00,131356,+51.43078,+22.58954,7798.0,110.0,137.8,0F
[1689143]	$DSM04,131400,+51.46473,+22.60710,202.0,4.0,229.2,6F
[1689429]	$DSM0C,131400,+51.45855,+22.60974,170.0,4.0,195.5,0F
[1690000]	$DSM00,131401,+51.42749,+22.59536,7800.0,107.0,128.0,0F
[1690107]	$DSM03,131401,+51.46466,+22.60701,214.0,4.0,216.6,0F
[1691107]	$DSM03,131402,+51.46463,+22.60697,214.0,4.0,210.9,0F
[1691143]	$DSM04,131402,+51.46468,+22.60701,202.0,4.0,222.2,6F
[1691429]	$DSM0C,131402,+51.45845,+22.60974,168.0,7.0,187.0,0F
[1691464]	$DSM0D,131402,+51.45868,+22.60976,170.0,2.0,257.3,0F
[1692000]	$DSM00,131403,+51.42639,+22.59789,7800.0,106.0,123.7,0F
[1693000]	$DSM00,131405,+51.42540,+22.60051,7800.0,105.0,119.5,0F
[1693107]	$DSM03,131405,+51.46453,+22.60692,214.0,5.0,195.5,0F
[1693143]	$DSM04,131405,+51.46457,+22.60697,202.0,4.0,187.0,6F
[1693429]	$DSM0C,131405,+51.45827,+22.60967,166.0,7.0,194.1,0F
[1693464]	$DSM0D,131405,+51.45865,+22.60969,170.0,1.0,222.2,0F
[1694429]	$DSM0C,131406,+51.45821,+22.60965,164.0,8.0,191.2,0F
[1694464]	$DSM0D,131406,+51.45864,+22.60967,168.0,2.0,222.2,0F
[1695000]	$DSM00,131407,+51.42455,+22.60319,7798.0,104.0,115.3,0F
[1695107]	$DSM03,131407,+51.46444,+22.60688,214.0,5.0,188.4,0F
[1695143]	$DSM04,131407,+51.46449,+22.60695,200.0,5.0,195.5,6F
[1696429]	$DSM0C,131408,+51.45806,+22.60963,166.0,8.0,188.4,0F
[1696464]	$DSM0D,131408,+51.45859,+22.60963,168.0,4.0,198.3,0F
[1697000]	$DSM00,131409,+51.42380,+22.60594,7798.0,103.0,111.1,0F
[1697107]	$DSM03,131409,+51.46434,+22.60686,214.0,6.0,188.4,0F
[1697143]	$DSM04,131409,+51.46438,+22.60690,198.0,6.0,195.5,6F
[1698000]	$DSM00,131410,+51.42348,+22.60733,7798.0,103.0,109.7,0F
[1698107]	$DSM03,131410,+51.46428,+22.60686,214.0,6.0,192.7,0F
[1698143]	$DSM04,131410,+51.46432,+22.60688,196.0,6.0,191.2,6F
[1698429]	$DSM0C,131410,+51.45792,+22.60961,166.0,8.0,189.8,0F
[1698464]	$DSM0D,131410,+51.45849,+22.60961,168.0,6.0,188.4,0F
[1699000]	$DSM00,131412,+51.42293,+22.61014,7796.0,102.0,105.5,0F
[1699107]	$DSM03,131412,+51.46418,+22.60682,216.0,6.0,194.1,0F
[1699143]	$DSM04,131412,+51.46420,+22.60684,194.0,6.0,198.3,6F
[1699429]	$DSM0C,131412,+51.45777,+22.60956,166.0,8.0,192.7,0F
[1699464]	$DSM0D,131412,+51.45837,+22.60959,168.0,7.0,189.8,0F
[1700000]	$DSM00,131414,+51.42252,+22.61300,7796.0,100.0,101.2,0F
[1700107]	$DSM03,131414,+51.46406,+22.60678,216.0,6.0,196.9,0F
[1700143]	$DSM04,131414,+51.46408,+22.60678,192.0,6.0,199.7,6F
[1700429]	$DSM0C,131414,+51.45764,+22.60954,164.0,7.0,188.4,0F
[1700464]	$DSM0D,131414,+51.45824,+22.60954,166.0,8.0,188.4,0F
[1701536]	$DSM0F,131415,+51.46233,+22.60763,142.0,1.0,302.3,0F
[1702000]	$DSM00,131416,+51.42226,+22.61583,7794.0,99.0,97.0,0F
[1702107]	$DSM03,131416,+51.46394,+22.60673,216.0,6.0,198.3,0F
[1702143]	$DSM04,131416,+51.46397,+22.60671,196.0,6.0,199.7,6F
[1702429]	$DSM0C,131416,+51.45752,+22.60952,164.0,5.0,187.0,0F
[1702464]	$DSM0D,131416,+51.45808,+22.60952,166.0,8.0,188.4,0F
[1703429]	$DSM0C,131418,+51.45743,+22.60950,164.0,5.0,206.7,0F
[1703464]	$DSM0D,131418,+51.45792,+22.60948,166.0,9.0,191.2,0F
[1703536]	$DSM0F,131418,+51.46236,+22.60759,142.0,0.0,0.0,0F
[1704000]	$DSM00,131419,+51.42211,+22.62008,7792.0,97.0,90.0,0F
[1704107]	$DSM03,131419,+51.46378,+22.60669,220.0,7.0,177.2,0F
[1704143]	$DSM04,131419,+51.46379,+22.60667,196.0,7.0,180.0,6F
[1705429]	$DSM0C,131420,+51.45736,+22.60944,168.0,3.0,223.6,0F
[1705464]	$DSM0D,131420,+51.45778,+22.60944,166.0,7.0,189.8,0F
[1706000]	$DSM00,131421,+51.42217,+22.62287,7792.0,96.0,85.8,0F
[1706107]	$DSM03,131421,+51.46365,+22.60671,220.0,8.0,173.0,0F
[1706143]	$DSM04,131421,+51.46364,+22.60669,196.0,8.0,173.0,6F
[1707464]	$DSM0D,131422,+51.45768,+22.60942,166.0,4.0,184.2,0F
[1708000]	$DSM00,131423,+51.42238,+22.62559,7792.0,95.0,81.6,0F
[1708107]	$DSM03,131423,+51.46349,+22.60675,222.0,10.0,174.4,0F
[1708143]	$DSM04,131423,+51.46347,+22.60673,200.0,10.0,174.4,6F
[1708429]	$DSM0C,131423,+51.45732,+22.60935,172.0,2.0,240.5,0F
[1709000]	$DSM00,131425,+51.42270,+22.62826,7792.0,93.0,77.3,0F
[1709107]	$DSM03,131425,+51.46330,+22.60675,222.0,11.0,177.2,0F
[1709143]	$DSM04,131425,+51.46328,+22.60675,202.0,10.0,180.0,6F
[1709429]	$DSM0C,131425,+51.45731,+22.60928,174.0,3.0,261.6,0F
[1709464]	$DSM0D,131425,+51.45761,+22.60939,166.0,4.0,182.8,0F
[1710000]	$DSM00,131427,+51.42315,+22.63083,7790.0,92.0,73.1,0F
[1710107]	$DSM03,131427,+51.46309,+22.60678,222.0,12.0,177.2,0F
[1710143]	$DSM04,131427,+51.46308,+22.60678,204.0,12.0,177.2,6F
[1710429]	$DSM0C,131427,+51.45729,+22.60914,176.0,7.0,255.9,0F
[1710464]	$DSM0D,131427,+51.45752,+22.60937,166.0,5.0,205.3,0F
[1711143]	$DSM04,131428,+51.46299,+22.60678,204.0,11.0,177.2,6F
[1711429]	$DSM0C,131428,+51.45727,+22.60903,176.0,7.0,253.1,0F
[1711464]	$DSM0D,131428,+51.45749,+22.60933,166.0,5.0,219.4,0F
[1712000]	$DSM00,131429,+51.42373,+22.63328,7790.0,90.0,67.5,0F
[1712107]	$DSM03,131429,+51.46287,+22.60682,224.0,12.0,171.6,0F
[1713464]	$DSM0D,131430,+51.45744,+22.60922,166.0,4.0,240.5,0F
[1714000]	$DSM00,131431,+51.42443,+22.63564,7790.0,89.0,63.3,0F
[1714107]	$DSM03,131431,+51.46265,+22.60692,226.0,13.0,157.5,0F
[1714143]	$DSM04,131431,+51.46265,+22.60688,206.0,13.0,160.3,6F
[1714429]	$DSM0C,131431,+51.45720,+22.60860,176.0,11.0,254.5,0F
[1715429]	$DSM0C,131433,+51.45715,+22.60826,178.0,12.0,257.3,0F
[1715464]	$DSM0D,131433,+51.45740,+22.60901,166.0,6.0,263.0,0F
[1716000]	$DSM00,131434,+51.42566,+22.63890,7790.0,87.0,56.2,0F
[1716107]	$DSM03,131434,+51.46236,+22.60725,230.0,14.0,135.0,0F
[1716143]	$DSM04,131434,+51.46236,+22.60718,212.0,13.0,136.4,6F
[1717429]	$DSM0C,131435,+51.45710,+22.60789,180.0,12.0,253.1,0F
[1717464]	$DSM0D,131435,+51.45737,+22.60881,164.0,8.0,260.2,0F
[1718000]	$DSM00,131436,+51.42661,+22.64089,7790.0,86.0,50.6,0F
[1718107]	$DSM03,131436,+51.46220,+22.60759,230.0,14.0,119.5,0F
[1718143]	$DSM04,131436,+51.46220,+22.60750,214.0,15.0,123.7,6F
[1719107]	$DSM03,131437,+51.46215,+22.60776,232.0,14.0,112.5,0F
[1719143]	$DSM04,131437,+51.46215,+22.60768,214.0,15.0,115.3,6F
[1719393]	$DSM0B,131437,+51.46410,-1.29838,166.0,2.0,170.2,0F
[1719429]	$DSM0C,131437,+51.45702,+22.60757,180.0,10.0,253.1,0F
[1719464]	$DSM0D,131437,+51.45734,+22.60856,164.0,9.0,257.3,0F
[1720000]	$DSM00,131438,+51.42766,+22.64272,7790.0,85.0,46.4,0F
[1721393]	$DSM0B,131439,+51.46406,+22.60787,166.0,2.0,170.2,0F
[1721429]	$DSM0C,131439,+51.45698,+22.60729,182.0,8.0,255.9,0F
[1721464]	$DSM0D,131439,+51.45731,+22.60830,164.0,10.0,255.9,0F
[1722000]	$DSM00,131440,+51.42878,+22.64437,7788.0,84.0,40.8,0F
[1722107]	$DSM03,131440,+51.46208,+22.60843,232.0,16.0,92.8,0F
[1722143]	$DSM04,131440,+51.46208,+22.60834,216.0,16.0,98.4,6F
[1723393]	$DSM0B,131441,+51.46403,+22.60789,166.0,1.0,151.9,0F
[1723429]	$DSM0C,131441,+51.45696,+22.60706,180.0,7.0,258.7,0F
[1723464]	$DSM0D,131441,+51.45727,+22.60800,164.0,11.0,258.7,0F
[1724000]	$DSM00,131442,+51.42999,+22.64585,7788.0,83.0,35.2,0F
[1724107]	$DSM03,131442,+51.46209,+22.60888,232.0,16.0,83.0,0F
[1724143]	$DSM04,131442,+51.46208,+22.60881,222.0,16.0,85.8,6F
[1725000]	$DSM00,131444,+51.43125,+22.64714,7788.0,82.0,30.9,0F
[1725107]	$DSM03,131444,+51.46216,+22.60937,232.0,17.0,73.1,0F
[1725143]	$DSM04,131444,+51.46213,+22.60931,222.0,17.0,74.5,6F
[1725393]	$DSM0B,131444,+51.46400,+22.60791,166.0,0.0,0.0,0F
[1725429]	$DSM0C,131444,+51.45705,+22.60678,172.0,5.0,341.7,0F
[1725464]	$DSM0D,131444,+51.45720,+22.60750,164.0,12.0,255.9,0F
[1726000]	$DSM00,131446,+51.43256,+22.64821,7788.0,82.0,25.3,0F
[1726107]	$DSM03,131446,+51.46228,+22.60984,232.0,18.0,63.3,0F
[1726143]	$DSM04,131446,+51.46224,+22.60980,224.0,18.0,63.3,6F
[1726393]	$DSM0B,131446,+51.46397,+22.60791,168.0,2.0,187.0,0F
[1726429]	$DSM0C,131446,+51.45718,+22.60669,168.0,9.0,350.2,0F
[1726464]	$DSM0D,131446,+51.45714,+22.60718,164.0,11.0,257.3,0F
[1727000]	$DSM00,131448,+51.43392,+22.64911,7788.0,81.0,19.7,0F
[1727107]	$DSM03,131448,+51.46245,+22.61030,234.0,18.0,56.2,0F
[1727143]	$DSM04,131448,+51.46242,+22.61027,222.0,18.0,56.2,6F
[1727393]	$DSM0B,131448,+51.46394,+22.60791,168.0,1.0,182.8,0F
[1727429]	$DSM0C,131448,+51.45740,+22.60658,166.0,12.0,347.3,0F
[1727464]	$DSM0D,131448,+51.45710,+22.60690,164.0,8.0,255.9,0F
[1728393]	$DSM0B,131450,+51.46392,+22.60791,166.0,0.0,0.0,0F
[1728429]	$DSM0C,131450,+51.45764,+22.60648,164.0,14.0,351.6,0F
[1728464]	$DSM0D,131450,+51.45712,+22.60673,164.0,6.0,308.0,0F
[1729000]	$DSM00,131451,+51.43604,+22.65008,7786.0,80.0,12.7,0F
[1729107]	$DSM03,131451,+51.46277,+22.61092,236.0,18.0,45.0,0F
[1729143]	$DSM04,131451,+51.46271,+22.61087,224.0,17.0,53.4,6F
[1730429]	$DSM0C,131455,+51.45835,+22.60618,166.0,15.0,347.3,0F
[1730464]	$DSM0D,131455,+51.45747,+22.60654,164.0,11.0,345.9,0F
[1731000]	$DSM00,131456,+51.43962,+22.65066,7788.0,80.0,0.0,0F
[1731107]	$DSM03,131456,+51.46344,+22.61173,238.0,18.0,29.5,0F
[1731143]	$DSM04,131456,+51.46330,+22.61169,228.0,18.0,30.9,6F
[1732000]	$DSM00,131458,+51.44107,+22.65057,7788.0,80.0,355.8,0F
[1732107]	$DSM03,131458,+51.46374,+22.61195,240.0,18.0,19.7,0F
[1732143]	$DSM04,131458,+51.46362,+22.61192,230.0,18.0,23.9,6F
[1732429]	$DSM0C,131458,+51.45872,+22.60596,166.0,13.0,340.3,0F
[1732464]	$DSM0D,131458,+51.45777,+22.60641,164.0,12.0,345.9,0F
[1733000]	$DSM00,131459,+51.44179,+22.65046,7788.0,80.0,354.4,0F
[1733536]	$DSM0F,131459,+51.46230,+22.60755,158.0,0.0,324.8,0F
[1734107]	$DSM03,131500,+51.46406,+22.61208,242.0,19.0,12.7,0F
[1734143]	$DSM04,131500,+51.46394,+22.61210,232.0,17.0,15.5,6F
[1734429]	$DSM0C,131500,+51.45896,+22.60577,168.0,15.0,331.9,0F
[1734464]	$DSM0D,131500,+51.45801,+22.60630,164.0,13.0,347.3,0F
[1735107]	$DSM03,131501,+51.46423,+22.61212,244.0,19.0,9.8,0F
[1735143]	$DSM04,131501,+51.46412,+22.61214,232.0,18.0,11.2,6F
[1735429]	$DSM0C,131501,+51.45907,+22.60566,168.0,15.0,330.5,0F
[1735464]	$DSM0D,131501,+51.45812,+22.60626,164.0,14.0,345.9,0F
[1736000]	$DSM00,131502,+51.44393,+22.64993,7788.0,80.0,350.2,0F
[1737107]	$DSM03,131530,+51.46932,+22.60986,276.0,27.0,284.1,0F
[1737143]	$DSM04,131530,+51.46938,+22.60986,274.0,28.0,285.5,6F
[1737393]	$DSM0B,131530,+51.46343,+22.60682,162.0,3.0,165.9,0F
[1737429]	$DSM0C,131530,+51.46112,+22.60574,172.0,7.0,357.2,0F
[1737464]	$DSM0D,131530,+51.46096,+22.60568,160.0,6.0,81.6,0F
[1738107]	$DSM03,131531,+51.46938,+22.60946,276.0,28.0,279.8,0F
[1738143]	$DSM04,131531,+51.46944,+22.60948,274.0,27.0,282.7,6F
[1738393]	$DSM0B,131531,+51.46340,+22.60684,162.0,3.0,168.7,0F
[1738429]	$DSM0C,131531,+51.46118,+22.60574,172.0,8.0,358.6,0F
[1738464]	$DSM0D,131531,+51.46096,+22.60574,160.0,4.0,75.9,0F
[1738536]	$DSM0F,131531,+51.46231,+22.60753,156.0,0.0,0.0,0F
[1739107]	$DSM03,131533,+51.46944,+22.60864,276.0,28.0,272.8,0F
[1739143]	$DSM04,131533,+51.46949,+22.60866,274.0,27.0,275.6,6F
[1739393]	$DSM0B,131533,+51.46332,+22.60686,162.0,5.0,163.1,0F
[1739429]	$DSM0C,131533,+51.46136,+22.60572,170.0,11.0,351.6,0F
[1739464]	$DSM0D,131533,+51.46100,+22.60583,160.0,4.0,32.3,0F
[1740393]	$DSM0B,131536,+51.46317,+22.60695,162.0,6.0,161.7,0F
[1740429]	$DSM0C,131536,+51.46172,+22.60566,168.0,15.0,354.4,0F
[1740464]	$DSM0D,131536,+51.46114,+22.60585,160.0,7.0,355.8,0F
[1741107]	$DSM03,131537,+51.46928,+22.60703,276.0,28.0,253.1,0F
[1741143]	$DSM04,131537,+51.46931,+22.60699,268.0,28.0,254.5,6F
[1742107]	$DSM03,131543,+51.46840,+22.60500,272.0,29.0,223.6,0F
[1742143]	$DSM04,131543,+51.46840,+22.60486,268.0,31.0,225.0,6F
[1742393]	$DSM0B,131543,+51.46283,+22.60714,162.0,5.0,160.3,0F
[1742429]	$DSM0C,131543,+51.46252,+22.60553,166.0,9.0,351.6,0F
[1742464]	$DSM0D,131543,+51.46168,+22.60579,160.0,10.0,355.8,0F
[1743143]	$DSM04,131544,+51.46817,+22.60456,268.0,31.0,220.8,6F
[1743393]	$DSM0B,131544,+51.46277,+22.60716,162.0,6.0,163.1,0F
[1743429]	$DSM0C,131544,+51.46259,+22.60551,166.0,7.0,353.0,0F
[1743464]	$DSM0D,131544,+51.46176,+22.60577,158.0,10.0,355.8,0F
[1744107]	$DSM03,131545,+51.46800,+22.60448,272.0,28.0,215.2,0F
[1745107]	$DSM03,131546,+51.46777,+22.60426,274.0,28.0,208.1,0F
[1745393]	$DSM0B,131546,+51.46268,+22.60722,162.0,6.0,158.9,0F
[1745429]	$DSM0C,131546,+51.46268,+22.60551,168.0,2.0,355.8,0F
[1745464]	$DSM0D,131546,+51.46193,+22.60574,158.0,9.0,354.4,0F
[1746143]	$DSM04,131547,+51.46746,+22.60390,264.0,29.0,205.3,6F
[1747393]	$DSM0B,131548,+51.46259,+22.60727,162.0,5.0,161.7,0F
[1747429]	$DSM0C,131548,+51.46271,+22.60555,168.0,3.0,61.9,0F
[1747464]	$DSM0D,131548,+51.46211,+22.60572,158.0,8.0,355.8,0F
[1748107]	$DSM03,131549,+51.46704,+22.60382,280.0,29.0,199.7,0F
[1748143]	$DSM04,131549,+51.46698,+22.60366,266.0,28.0,198.3,6F
[1749107]	$DSM03,131550,+51.46680,+22.60371,280.0,29.0,196.9,0F
[1749393]	$DSM0B,131550,+51.46249,+22.60731,162.0,5.0,163.1,0F
[1749429]	$DSM0C,131550,+51.46274,+22.60566,168.0,5.0,64.7,0F
[1749464]	$DSM0D,131550,+51.46226,+22.60570,158.0,8.0,354.4,0F
[1750107]	$DSM03,131553,+51.46604,+22.60343,282.0,29.0,192.7,0F
[1750143]	$DSM04,131553,+51.46597,+22.60332,274.0,30.0,191.2,6F
[1750393]	$DSM0B,131553,+51.46236,+22.60738,160.0,4.0,165.9,0F
[1750429]	$DSM0C,131553,+51.46281,+22.60596,166.0,8.0,80.2,0F
[1750464]	$DSM0D,131553,+51.46246,+22.60566,160.0,7.0,354.4,0F
[1751107]	$DSM03,131555,+51.46552,+22.60328,282.0,28.0,189.8,0F
[1751143]	$DSM04,131555,+51.46544,+22.60319,276.0,30.0,188.4,6F
[1751393]	$DSM0B,131555,+51.46230,+22.60740,160.0,2.0,153.3,0F
[1751429]	$DSM0C,131555,+51.46284,+22.60620,164.0,9.0,80.2,0F
[1751464]	$DSM0D,131555,+51.46256,+22.60564,160.0,6.0,354.4,0F
[1752000]	$DSM00,131558,+51.48196,+22.63724,7788.0,80.0,345.9,0F
[1753107]	$DSM03,131556,+51.46526,+22.60321,282.0,28.0,188.4,0F
[1753143]	$DSM04,131556,+51.46516,+22.60313,278.0,30.0,187.0,6F
[1753393]	$DSM0B,131556,+51.46229,+22.60740,160.0,0.0,143.4,0F
[1754429]	$DSM0C,131557,+51.46288,+22.60648,164.0,9.0,85.8,0F
[1754464]	$DSM0D,131557,+51.46265,+22.60566,158.0,3.0,22.5,0F
[1755000]	$DSM00,131559,+51.48217,+22.63716,7788.0,80.0,344.5,0F
[1755107]	$DSM03,131559,+51.46449,+22.60315,282.0,28.0,180.0,0F
[1755143]	$DSM04,131559,+51.46439,+22.60308,284.0,28.0,180.0,6F
[1755393]	$DSM0B,131559,+51.46228,+22.60742,160.0,0.0,0.0,0F
[1755429]	$DSM0C,131559,+51.46290,+22.60669,162.0,6.0,84.4,0F
[1755464]	$DSM0D,131559,+51.46270,+22.60572,158.0,4.0,64.7,0F
[1756000]	$DSM00,131602,+51.48423,+22.63604,7788.0,81.0,337.5,0F
[1757429]	$DSM0C,131600,+51.46291,+22.60678,160.0,4.0,91.4,0F
[1757464]	$DSM0D,131600,+51.46271,+22.60579,158.0,5.0,77.3,0F
[1758107]	$DSM03,131601,+51.46397,+22.60321,282.0,28.0,174.4,0F
[1758143]	$DSM04,131601,+51.46390,+22.60315,288.0,28.0,175.8,6F
[1759000]	$DSM00,131604,+51.48555,+22.63504,7786.0,81.0,331.9,0F
[1760107]	$DSM03,131602,+51.46372,+22.60328,282.0,28.0,171.6,0F
[1760143]	$DSM04,131602,+51.46365,+22.60319,292.0,28.0,173.0,6F
[1760429]	$DSM0C,131602,+51.46291,+22.60686,160.0,1.0,85.8,0F
[1760464]	$DSM0D,131602,+51.46273,+22.60594,158.0,6.0,80.2,0F
[1761000]	$DSM00,131605,+51.48618,+22.63446,7786.0,82.0,329.1,0F
[1762429]	$DSM0C,131603,+51.46293,+22.60688,160.0,1.0,81.6,0F
[1762464]	$DSM0D,131603,+51.46273,+22.60602,158.0,6.0,78.7,0F
[1763107]	$DSM03,131604,+51.46324,+22.60345,284.0,28.0,165.9,0F
[1763143]	$DSM04,131604,+51.46315,+22.60334,296.0,28.0,168.7,6F
[1764000]	$DSM00,131606,+51.48680,+22.63379,7784.0,82.0,326.2,0F
[1765107]	$DSM03,131605,+51.46300,+22.60356,284.0,28.0,163.1,0F
[1765143]	$DSM04,131605,+51.46290,+22.60345,296.0,28.0,167.3,6F
[1765393]	$DSM0B,131605,+51.46223,+22.60744,160.0,2.0,170.2,0F
[1765429]	$DSM0C,131605,+51.46293,+22.60692,160.0,1.0,70.3,0F
[1765464]	$DSM0D,131605,+51.46276,+22.60620,158.0,7.0,77.3,0F
[1766000]	$DSM00,131608,+51.48796,+22.63231,7784.0,83.0,319.2,0F
[1767393]	$DSM0B,131606,+51.46221,+22.60744,160.0,2.0,165.9,0F
[1767429]	$DSM0C,131606,+51.46294,+22.60695,158.0,2.0,68.9,0F
[1767464]	$DSM0D,131606,+51.46277,+22.60630,158.0,7.0,78.7,0F
[1768107]	$DSM03,131607,+51.46252,+22.60384,284.0,28.0,158.9,0F
[1768143]	$DSM04,131607,+51.46244,+22.60371,296.0,27.0,158.9,6F
[1769000]	$DSM00,131610,+51.48901,+22.63062,7784.0,84.0,312.2,0F
[1770107]	$DSM03,131609,+51.46208,+22.60418,284.0,27.0,151.9,0F
[1770143]	$DSM04,131609,+51.46201,+22.60409,294.0,28.0,150.5,6F
[1770393]	$DSM0B,131609,+51.46216,+22.60746,162.0,2.0,165.9,0F
[1770429]	$DSM0C,131609,+51.46296,+22.60708,162.0,2.0,112.5,0F
[1770464]	$DSM0D,131609,+51.46280,+22.60660,158.0,7.0,83.0,0F
[1771000]	$DSM00,131612,+51.48997,+22.62868,7784.0,85.0,306.6,0F
[1772143]	$DSM04,131611,+51.46161,+22.60456,294.0,27.0,143.4,6F
[1773107]	$DSM03,131612,+51.46148,+22.60486,286.0,26.0,139.2,0F
[1773393]	$DSM0B,131612,+51.46209,+22.60750,162.0,2.0,130.8,0F
[1773429]	$DSM0C,131612,+51.46289,+22.60716,162.0,4.0,161.7,0F
[1773464]	$DSM0D,131612,+51.46284,+22.60688,158.0,6.0,77.3,0F
[1774000]	$DSM00,131615,+51.49117,+22.62549,7786.0,87.0,296.7,0F
[1775107]	$DSM03,131614,+51.46116,+22.60540,286.0,25.0,130.8,0F
[1775143]	$DSM04,131614,+51.46112,+22.60538,294.0,26.0,132.2,6F
[1775393]	$DSM0B,131614,+51.46208,+22.60753,164.0,1.0,57.7,0F
[1775429]	$DSM0C,131614,+51.46278,+22.60720,160.0,5.0,173.0,0F
[1775464]	$DSM0D,131614,+51.46286,+22.60701,158.0,3.0,85.8,0F
[1776000]	$DSM00,131616,+51.49152,+22.62435,7786.0,88.0,293.9,0F
[1777143]	$DSM04,131615,+51.46098,+22.60568,294.0,26.0,129.4,6F
[1777393]	$DSM0B,131615,+51.46208,+22.60755,164.0,0.0,0.0,0F
[1777429]	$DSM0C,131615,+51.46273,+22.60722,160.0,6.0,171.6,0F
[1777464]	$DSM0D,131615,+51.46286,+22.60706,160.0,2.0,94.2,0F
[1778107]	$DSM03,131616,+51.46089,+22.60600,288.0,25.0,123.7,0F
[1779000]	$DSM00,131619,+51.49232,+22.62074,7788.0,90.0,286.9,0F
[1780107]	$DSM03,131617,+51.46078,+22.60630,288.0,25.0,120.9,0F
[1780143]	$DSM04,131617,+51.46073,+22.60630,290.0,26.0,122.3,6F
[1780429]	$DSM0C,131617,+51.46261,+22.60729,160.0,7.0,163.1,0F
[1780464]	$DSM0D,131617,+51.46284,+22.60712,160.0,3.0,136.4,0F
[1781000]	$DSM00,131620,+51.49252,+22.61948,7788.0,90.0,284.1,0F
[1782107]	$DSM03,131619,+51.46060,+22.60697,288.0,25.0,112.5,0F
[1782143]	$DSM04,131619,+51.46053,+22.60699,292.0,25.0,115.3,6F
[1782429]	$DSM0C,131619,+51.46250,+22.60736,160.0,5.0,174.4,0F
[1782464]	$DSM0D,131619,+51.46280,+22.60716,162.0,4.0,167.3,0F
[1783000]	$DSM00,131622,+51.49281,+22.61688,7788.0,92.0,278.4,0F
[1784429]	$DSM0C,131620,+51.46246,+22.60738,162.0,4.0,168.7,0F
[1784464]	$DSM0D,131620,+51.46276,+22.60716,162.0,4.0,167.3,0F
[1785107]	$DSM03,131621,+51.46048,+22.60766,286.0,25.0,102.7,0F
[1785143]	$DSM04,131621,+51.46041,+22.60768,292.0,25.0,104.1,6F
[1786000]	$DSM00,131624,+51.49296,+22.61422,7788.0,93.0,272.8,0F
[1787429]	$DSM0C,131622,+51.46237,+22.60744,160.0,3.0,128.0,0F
[1787464]	$DSM0D,131622,+51.46268,+22.60720,162.0,5.0,160.3,0F
[1788107]	$DSM03,131623,+51.46044,+22.60836,288.0,25.0,90.0,0F
[1788143]	$DSM04,131623,+51.46039,+22.60836,288.0,24.0,91.4,6F
[1789000]	$DSM00,131625,+51.49297,+22.61287,7788.0,94.0,270.0,0F
[1790143]	$DSM04,131626,+51.46054,+22.60935,282.0,24.0,71.7,6F
[1791107]	$DSM03,131627,+51.46064,+22.60978,290.0,25.0,64.7,0F
[1791429]	$DSM0C,131627,+51.46223,+22.60753,160.0,1.0,168.7,0F
[1791464]	$DSM0D,131627,+51.46249,+22.60731,162.0,4.0,168.7,0F
[1792000]	$DSM00,131629,+51.49268,+22.60740,7788.0,96.0,260.2,0F
[1793107]	$DSM03,131632,+51.46136,+22.61120,290.0,25.0,39.4,0F
[1793143]	$DSM04,131632,+51.46132,+22.61111,280.0,26.0,42.2,6F
[1793429]	$DSM0C,131632,+51.46221,+22.60755,160.0,0.0,0.0,0F
[1793464]	$DSM0D,131632,+51.46232,+22.60738,162.0,4.0,161.7,0F
[1794000]	$DSM00,131635,+51.49113,+22.59920,15978.0,100.0,247.5,0F
[1795464]	$DSM0D,131633,+51.46229,+22.60740,162.0,3.0,164.5,0F
[1796107]	$DSM03,131634,+51.46176,+22.61154,288.0,24.0,23.9,0F
[1796143]	$DSM04,131634,+51.46169,+22.61150,278.0,24.0,30.9,6F
[1797000]	$DSM00,131636,+51.49076,+22.59789,7786.0,101.0,244.7,0F
[1798464]	$DSM0D,131635,+51.46224,+22.60742,160.0,2.0,161.7,0F
[1799107]	$DSM03,131636,+51.46220,+22.61173,288.0,25.0,8.4,0F
[1800000]	$DSM00,131638,+51.48988,+22.59528,7786.0,102.0,240.5,0F
[1801143]	$DSM04,131637,+51.46231,+22.61180,282.0,23.0,11.2,6F
[1801464]	$DSM0D,131637,+51.46223,+22.60744,160.0,0.0,151.9,0F
[1802000]	$DSM00,131641,+51.48835,+22.59154,7786.0,104.0,233.4,0F
[1803143]	$DSM04,131638,+51.46252,+22.61182,284.0,24.0,5.6,6F
[1804107]	$DSM03,131639,+51.46290,+22.61169,288.0,26.0,350.2,0F
[1804464]	$DSM0D,131639,+51.46223,+22.60744,160.0,0.0,0.0,0F
[1805000]	$DSM00,131642,+51.48778,+22.59036,7786.0,104.0,232.0,0F
[1806107]	$DSM03,131641,+51.46335,+22.61148,290.0,25.0,337.5,0F
[1806143]	$DSM04,131641,+51.46325,+22.61148,280.0,27.0,340.3,6F
[1807000]	$DSM00,131643,+51.48718,+22.58918,7786.0,105.0,229.2,0F
[1808107]	$DSM03,131642,+51.46356,+22.61130,290.0,25.0,330.5,0F
[1808143]	$DSM04,131642,+51.46349,+22.61128,278.0,28.0,334.7,6F
[1809107]	$DSM03,131644,+51.46391,+22.61085,294.0,24.0,316.4,0F
[1809143]	$DSM04,131644,+51.46388,+22.61079,278.0,26.0,319.2,6F
[1809464]	$DSM0D,131644,+51.46217,+22.60746,160.0,2.0,180.0,0F
[1810000]	$DSM00,131648,+51.48377,+22.58384,7788.0,107.0,219.4,0F
[1811107]	$DSM03,131646,+51.46418,+22.61032,296.0,23.0,303.7,0F
[1811143]	$DSM04,131646,+51.46419,+22.61027,284.0,25.0,310.8,6F
[1811464]	$DSM0D,131646,+51.46213,+22.60746,160.0,2.0,168.7,0F
[1812107]	$DSM03,131647,+51.46428,+22.61002,298.0,23.0,298.1,0F
[1813143]	$DSM04,131648,+51.46440,+22.60967,288.0,24.0,300.9,6F
[1813393]	$DSM0B,131648,+51.46220,+22.60794,170.0,2.0,60.5,0F
[1813464]	$DSM0D,131648,+51.46211,+22.60748,160.0,0.0,126.6,0F
[1814000]	$DSM00,131650,+51.48222,+22.58193,7788.0,108.0,216.6,0F
[1815107]	$DSM03,131651,+51.46450,+22.60871,304.0,23.0,275.6,0F
[1815143]	$DSM04,131651,+51.46452,+22.60864,294.0,23.0,277.0,6F
[1815393]	$DSM0B,131651,+51.46220,+22.60798,170.0,0.0,40.8,0F
[1815464]	$DSM0D,131651,+51.46211,+22.60748,160.0,0.0,0.0,0F
[1816107]	$DSM03,131653,+51.46450,+22.60804,306.0,23.0,263.0,0F
[1817143]	$DSM04,131654,+51.46447,+22.60763,302.0,24.0,258.7,6F
[1817393]	$DSM0B,131654,+51.46221,+22.60798,170.0,0.0,0.0,0F
[1818107]	$DSM03,131657,+51.46421,+22.60675,308.0,23.0,241.9,0F
[1818143]	$DSM04,131657,+51.46423,+22.60665,310.0,23.0,243.3,6F
[1819107]	$DSM03,131659,+51.46396,+22.60620,306.0,23.0,229.2,0F
[1819143]	$DSM04,131659,+51.46397,+22.60609,310.0,24.0,232.0,6F
[1820107]	$DSM03,131701,+51.46363,+22.60572,306.0,25.0,216.6,0F
[1820143]	$DSM04,131701,+51.46363,+22.60557,310.0,26.0,220.8,6F
[1821107]	$DSM03,131703,+51.46324,+22.60536,302.0,25.0,205.3,0F
[1821143]	$DSM04,131703,+51.46320,+22.60521,306.0,27.0,208.1,6F
[1822107]	$DSM03,131705,+51.46280,+22.60510,302.0,26.0,195.5,0F
[1822143]	$DSM04,131705,+51.46273,+22.60495,302.0,26.0,199.7,6F
[1823107]	$DSM03,131707,+51.46233,+22.60497,300.0,26.0,185.6,0F
[1823143]	$DSM04,131707,+51.46228,+22.60482,300.0,26.0,187.0,6F
[1824107]	$DSM03,131709,+51.46186,+22.60500,300.0,25.0,174.4,0F
[1824143]	$DSM04,131709,+51.46182,+22.60486,296.0,25.0,174.4,6F
[1825107]	$DSM03,131711,+51.46142,+22.60517,302.0,25.0,160.3,0F
[1825143]	$DSM04,131711,+51.46138,+22.60504,292.0,25.0,161.7,6F
[1826000]	$DSM00,131714,+51.45944,+22.57214,7794.0,113.0,177.2,0F
[1827107]	$DSM03,131713,+51.46101,+22.60549,302.0,25.0,147.7,0F
[1827143]	$DSM04,131713,+51.46097,+22.60538,292.0,25.0,151.9,6F
[1828107]	$DSM03,131714,+51.46083,+22.60570,302.0,25.0,142.0,0F
[1828143]	$DSM04,131714,+51.46078,+22.60562,294.0,26.0,143.4,6F
[1829000]	$DSM00,131718,+51.45539,+22.57283,7796.0,112.0,171.6,0F
[1830107]	$DSM03,131717,+51.46038,+22.60652,302.0,25.0,125.2,0F
[1830429]	$DSM0C,131717,+51.46213,+22.60770,164.0,1.0,53.4,0F
[1831143]	$DSM04,131718,+51.46020,+22.60678,290.0,25.0,122.3,6F
[1832429]	$DSM0C,131719,+51.46215,+22.60774,162.0,2.0,77.3,0F
[1833107]	$DSM03,131720,+51.46008,+22.60750,302.0,24.0,109.7,0F
[1833143]	$DSM04,131720,+51.46000,+22.60742,288.0,24.0,109.7,6F
[1834429]	$DSM0C,131722,+51.46216,+22.60780,162.0,0.0,0.0,0F
[1834464]	$DSM0D,131722,+51.46209,+22.60772,172.0,1.0,25.3,0F
[1835107]	$DSM03,131723,+51.46001,+22.60849,306.0,21.0,83.0,0F
[1835143]	$DSM04,131723,+51.45994,+22.60843,288.0,22.0,92.8,6F
[1836107]	$DSM03,131724,+51.46007,+22.60879,308.0,20.0,73.1,0F
[1836143]	$DSM04,131724,+51.45995,+22.60873,290.0,22.0,87.2,6F
[1836464]	$DSM0D,131724,+51.46212,+22.60774,172.0,2.0,66.1,0F
[1837464]	$DSM0D,131725,+51.46213,+22.60778,172.0,1.0,66.1,0F
[1838107]	$DSM03,131726,+51.46024,+22.60931,310.0,20.0,59.1,0F
[1838143]	$DSM04,131726,+51.46004,+22.60933,296.0,20.0,75.9,6F
[1839107]	$DSM03,131728,+51.46048,+22.60980,310.0,21.0,50.6,0F
[1839143]	$DSM04,131728,+51.46028,+22.60976,296.0,20.0,47.8,6F
[1839429]	$DSM0C,131728,+51.46220,+22.60787,160.0,2.0,67.5,0F
[1839464]	$DSM0D,131728,+51.46215,+22.60785,172.0,2.0,68.9,0F
[1840000]	$DSM00,131731,+51.44248,+22.57718,7800.0,112.0,164.5,0F
[1841429]	$DSM0C,131729,+51.46220,+22.60789,160.0,2.0,73.1,0F
[1841464]	$DSM0D,131729,+51.46215,+22.60787,172.0,1.0,43.6,0F
[1842107]	$DSM03,131730,+51.46076,+22.61023,308.0,22.0,43.6,0F
[1842143]	$DSM04,131730,+51.46063,+22.61012,288.0,22.0,42.2,6F
[1843000]	$DSM00,131733,+51.44056,+22.57817,7800.0,112.0,161.7,0F
[1844107]	$DSM03,131732,+51.46107,+22.61064,304.0,23.0,38.0,0F
[1844429]	$DSM0C,131732,+51.46223,+22.60794,162.0,0.0,0.0,0F
[1844464]	$DSM0D,131732,+51.46217,+22.60787,172.0,0.0,0.0,0F
[1845000]	$DSM00,131735,+51.43868,+22.57933,7798.0,112.0,157.5,0F
[1846107]	$DSM03,131734,+51.46141,+22.61104,300.0,24.0,36.6,0F
[1846143]	$DSM04,131734,+51.46133,+22.61092,276.0,24.0,36.6,6F
[1847000]	$DSM00,131737,+51.43684,+22.58068,7798.0,111.0,153.3,0F
[1848143]	$DSM04,131735,+51.46152,+22.61113,276.0,24.0,32.3,6F
[1849107]	$DSM03,131736,+51.46179,+22.61141,296.0,24.0,28.1,0F
[1849464]	$DSM0D,131736,+51.46220,+22.60800,174.0,3.0,67.5,0F
[1850000]	$DSM00,131738,+51.43595,+22.58141,7796.0,111.0,151.9,0F
[1850107]	$DSM03,131738,+51.46220,+22.61167,294.0,25.0,18.3,0F
[1850143]	$DSM04,131738,+51.46213,+22.61160,276.0,25.0,18.3,6F
[1850464]	$DSM0D,131738,+51.46223,+22.60804,172.0,2.0,357.2,0F
[1851000]	$DSM00,131741,+51.43339,+22.58392,7796.0,110.0,146.2,0F
[1852107]	$DSM03,131740,+51.46264,+22.61184,292.0,25.0,8.4,0F
[1852143]	$DSM04,131740,+51.46256,+22.61178,276.0,24.0,9.8,6F
[1852464]	$DSM0D,131740,+51.46224,+22.60804,172.0,0.0,253.1,0F
[1853000]	$DSM00,131742,+51.43257,+22.58484,7796.0,110.0,144.8,0F
[1854464]	$DSM0D,131741,+51.46224,+22.60804,172.0,0.0,0.0,0F
[1855107]	$DSM03,131742,+51.46309,+22.61184,292.0,24.0,355.8,0F
[1855143]	$DSM04,131742,+51.46302,+22.61182,278.0,24.0,357.2,6F
[1856000]	$DSM00,131745,+51.43028,+22.58783,7796.0,109.0,139.2,0F
[1857107]	$DSM03,131743,+51.46331,+22.61180,292.0,24.0,350.2,0F
[1858000]	$DSM00,131746,+51.42955,+22.58890,7798.0,109.0,136.4,0F
[1858107]	$DSM03,131746,+51.46392,+22.61143,296.0,23.0,330.5,0F
[1858143]	$DSM04,131746,+51.46392,+22.61139,278.0,26.0,334.7,6F
[1859000]	$DSM00,131749,+51.42752,+22.59227,7798.0,107.0,130.8,0F
[1860107]	$DSM03,131747,+51.46408,+22.61126,298.0,23.0,324.8,0F
[1860143]	$DSM04,131747,+51.46410,+22.61118,278.0,24.0,327.7,6F
[1861000]	$DSM00,131750,+51.42691,+22.59347,7798.0,107.0,129.4,0F
[1862107]	$DSM03,131749,+51.46438,+22.61079,302.0,23.0,312.2,0F
[1862143]	$DSM04,131749,+51.46439,+22.61072,278.0,23.0,312.2,6F
[1863000]	$DSM00,131752,+51.42576,+22.59592,7798.0,106.0,125.2,0F
[1864107]	$DSM03,131751,+51.46463,+22.61021,304.0,24.0,300.9,0F
[1864143]	$DSM04,131751,+51.46460,+22.61014,280.0,24.0,299.5,6F
[1865000]	$DSM00,131755,+51.42422,+22.59976,7798.0,104.0,119.5,0F
[1866107]	$DSM03,131753,+51.46480,+22.60954,306.0,25.0,288.3,0F
[1866143]	$DSM04,131753,+51.46479,+22.60948,284.0,25.0,291.1,6F
[1867000]	$DSM00,131756,+51.42377,+22.60107,7798.0,104.0,118.1,0F
[1868107]	$DSM03,131755,+51.46490,+22.60879,310.0,26.0,279.8,0F
[1868143]	$DSM04,131755,+51.46488,+22.60873,284.0,27.0,281.2,6F
[1869000]	$DSM00,131758,+51.42296,+22.60375,7798.0,103.0,113.9,0F
[1870107]	$DSM03,131757,+51.46492,+22.60802,308.0,26.0,271.4,0F
[1870143]	$DSM04,131757,+51.46488,+22.60798,284.0,26.0,272.8,6F
[1871000]	$DSM00,131759,+51.42261,+22.60512,7798.0,102.0,112.5,0F
[1872107]	$DSM03,131800,+51.46482,+22.60688,308.0,26.0,257.3,0F
[1872143]	$DSM04,131800,+51.46483,+22.60686,286.0,26.0,260.2,6F
[1873000]	$DSM00,131804,+51.42132,+22.61208,7798.0,99.0,102.7,0F
[1874107]	$DSM03,131802,+51.46466,+22.60618,310.0,26.0,246.1,0F
[1874143]	$DSM04,131802,+51.46468,+22.60615,288.0,25.0,251.7,6F
[1875000]	$DSM00,131805,+51.42114,+22.61347,7798.0,99.0,99.8,0F
[1876143]	$DSM04,131803,+51.46457,+22.60581,292.0,26.0,244.7,6F
[1877107]	$DSM03,131804,+51.46443,+22.60551,310.0,26.0,236.2,0F
[1878000]	$DSM00,131807,+51.42092,+22.61628,7796.0,98.0,95.6,0F
[1879107]	$DSM03,131805,+51.46428,+22.60521,310.0,26.0,232.0,0F
[1879143]	$DSM04,131805,+51.46431,+22.60517,300.0,26.0,234.8,6F
[1880000]	$DSM00,131808,+51.42084,+22.61770,7796.0,97.0,94.2,0F
[1881107]	$DSM03,131807,+51.46394,+22.60467,312.0,26.0,219.4,0F
[1881143]	$DSM04,131807,+51.46396,+22.60461,302.0,26.0,220.8,6F
[1882000]	$DSM00,131809,+51.42081,+22.61909,7796.0,97.0,91.4,0F
[1882107]	$DSM03,131809,+51.46355,+22.60431,314.0,25.0,205.3,0F
[1882143]	$DSM04,131809,+51.46353,+22.60422,306.0,26.0,206.7,6F
[1883000]	$DSM00,131812,+51.42088,+22.62321,7794.0,95.0,85.8,0F
[1884107]	$DSM03,131810,+51.46333,+22.60416,316.0,26.0,199.7,0F
[1884143]	$DSM04,131810,+51.46331,+22.60409,306.0,26.0,199.7,6F
[1885000]	$DSM00,131813,+51.42097,+22.62458,7794.0,94.0,83.0,0F
[1886107]	$DSM03,131812,+51.46287,+22.60401,318.0,26.0,189.8,0F
[1886143]	$DSM04,131812,+51.46284,+22.60390,308.0,26.0,189.8,6F
[1887000]	$DSM00,131815,+51.42124,+22.62724,7794.0,93.0,78.7,0F
[1888107]	$DSM03,131814,+51.46240,+22.60392,316.0,26.0,181.4,0F
[1888143]	$DSM04,131814,+51.46236,+22.60384,310.0,26.0,182.8,6F
[1889000]	$DSM00,131817,+51.42162,+22.62984,7794.0,92.0,74.5,0F
[1890107]	$DSM03,131815,+51.46217,+22.60394,316.0,25.0,178.6,0F
[1890143]	$DSM04,131815,+51.46214,+22.60386,310.0,26.0,178.6,6F
[1891000]	$DSM00,131819,+51.42213,+22.63233,7794.0,90.0,70.3,0F
[1892107]	$DSM03,131818,+51.46152,+22.60416,316.0,24.0,161.7,0F
[1892143]	$DSM04,131818,+51.46148,+22.60407,312.0,24.0,161.7,6F
[1893000]	$DSM00,131821,+51.42274,+22.63474,7792.0,89.0,66.1,0F
[1894107]	$DSM03,131819,+51.46132,+22.60429,316.0,23.0,157.5,0F
[1894143]	$DSM04,131819,+51.46129,+22.60420,312.0,23.0,157.5,6F
[1895000]	$DSM00,131823,+51.42348,+22.63701,7794.0,88.0,60.5,0F
[1896107]	$DSM03,131830,+51.46028,+22.60684,314.0,19.0,83.0,0F
[1896143]	$DSM04,131830,+51.46028,+22.60684,308.0,20.0,87.2,6F
[1897000]	$DSM00,131832,+51.42795,+22.64544,7794.0,83.0,39.4,0F
[1898107]	$DSM03,131833,+51.46041,+22.60766,310.0,20.0,71.7,0F
[1898143]	$DSM04,131833,+51.46039,+22.60768,306.0,19.0,74.5,6F
[1899000]	$DSM00,131834,+51.42917,+22.64686,7794.0,82.0,33.7,0F
[1900107]	$DSM03,131836,+51.46064,+22.60854,304.0,23.0,67.5,0F
[1900143]	$DSM04,131836,+51.46058,+22.60851,302.0,22.0,68.9,6F
[1901000]	$DSM00,131838,+51.43176,+22.64911,7794.0,81.0,23.9,0F
[1902107]	$DSM03,131837,+51.46072,+22.60884,304.0,24.0,67.5,0F
[1903143]	$DSM04,131838,+51.46076,+22.60914,300.0,24.0,67.5,6F
[1904000]	$DSM00,131841,+51.43381,+22.65027,7794.0,80.0,15.5,0F
[1905107]	$DSM03,131839,+51.46091,+22.60950,302.0,25.0,64.7,0F
[1906143]	$DSM04,131840,+51.46096,+22.60978,296.0,26.0,63.3,6F
[1907143]	$DSM04,131841,+51.46107,+22.61012,294.0,27.0,64.7,6F
[1908107]	$DSM03,131842,+51.46124,+22.61055,298.0,28.0,63.3,0F
[1909000]	$DSM00,131845,+51.43664,+22.65111,7794.0,79.0,5.6,0F
[1910107]	$DSM03,131843,+51.46136,+22.61092,298.0,29.0,61.9,0F
[1910143]	$DSM04,131843,+51.46130,+22.61087,292.0,28.0,61.9,6F
[1911000]	$DSM00,131847,+51.43809,+22.65122,7794.0,79.0,1.4,0F
[1912107]	$DSM03,131846,+51.46176,+22.61203,296.0,30.0,56.2,0F
[1912143]	$DSM04,131846,+51.46172,+22.61199,286.0,29.0,57.7,6F
[1913000]	$DSM00,131849,+51.43952,+22.65115,7794.0,79.0,355.8,0F
[1914107]	$DSM03,131848,+51.46209,+22.61274,294.0,30.0,50.6,0F
[1914143]	$DSM04,131848,+51.46203,+22.61270,286.0,30.0,52.0,6F
[1915107]	$DSM03,131849,+51.46228,+22.61306,294.0,30.0,46.4,0F
[1915143]	$DSM04,131849,+51.46223,+22.61304,286.0,30.0,47.8,6F
[1916107]	$DSM03,131851,+51.46268,+22.61366,296.0,30.0,39.4,0F
[1916143]	$DSM04,131851,+51.46261,+22.61362,282.0,30.0,42.2,6F
[1917107]	$DSM03,131853,+51.46312,+22.61418,296.0,31.0,33.7,0F
[1917143]	$DSM04,131853,+51.46306,+22.61411,278.0,30.0,35.2,6F
[1918107]	$DSM03,131854,+51.46336,+22.61442,296.0,31.0,30.9,0F
[1918143]	$DSM04,131854,+51.46328,+22.61437,280.0,28.0,35.2,6F
[1919107]	$DSM03,131856,+51.46387,+22.61484,296.0,32.0,26.7,0F
[1919143]	$DSM04,131856,+51.46369,+22.61478,280.0,27.0,30.9,6F
[1920107]	$DSM03,131858,+51.46439,+22.61523,296.0,32.0,22.5,0F
[1920143]	$DSM04,131858,+51.46419,+22.61514,280.0,29.0,23.9,6F
[1921107]	$DSM03,131859,+51.46467,+22.61538,296.0,32.0,19.7,0F
[1921143]	$DSM04,131859,+51.46447,+22.61530,280.0,30.0,21.1,6F
[1922107]	$DSM03,131901,+51.46522,+22.61562,298.0,32.0,12.7,0F
[1922143]	$DSM04,131901,+51.46510,+22.61557,276.0,31.0,12.7,6F
[1923107]	$DSM03,131902,+51.46551,+22.61570,300.0,31.0,8.4,0F
[1924143]	$DSM04,131903,+51.46571,+22.61568,280.0,31.0,4.2,6F
[1925107]	$DSM03,131906,+51.46667,+22.61570,304.0,32.0,354.4,0F
[1925143]	$DSM04,131906,+51.46658,+22.61564,282.0,31.0,354.4,6F
[1926107]	$DSM03,131908,+51.46724,+22.61551,306.0,32.0,345.9,0F
[1926143]	$DSM04,131908,+51.46714,+22.61546,280.0,32.0,345.9,6F
[1927107]	$DSM03,131911,+51.46806,+22.61499,308.0,32.0,333.3,0F
[1927143]	$DSM04,131911,+51.46800,+22.61497,286.0,33.0,334.7,6F
[1928107]	$DSM03,131913,+51.46854,+22.61452,310.0,32.0,324.8,0F
[1929143]	$DSM04,131914,+51.46877,+22.61418,288.0,33.0,322.0,6F
[1930107]	$DSM03,131917,+51.46936,+22.61326,312.0,31.0,309.4,0F
[1930143]	$DSM04,131917,+51.46941,+22.61319,290.0,0.0,0.0,6F
[1931107]	$DSM03,131919,+51.46968,+22.61250,314.0,31.0,300.9,0F
[1931143]	$DSM04,131919,+51.46976,+22.61248,290.0,30.0,308.0,6F
[1932107]	$DSM03,131921,+51.46992,+22.61169,318.0,31.0,292.5,0F
[1932143]	$DSM04,131921,+51.46996,+22.61169,292.0,29.0,295.3,6F
[1933107]	$DSM03,131923,+51.47009,+22.61083,320.0,31.0,284.1,0F
[1933143]	$DSM04,131923,+51.47012,+22.61079,294.0,32.0,286.9,6F
[1934107]	$DSM03,131927,+51.47020,+22.60898,324.0,32.0,272.8,0F
[1934143]	$DSM04,131927,+51.47017,+22.60896,298.0,32.0,272.8,6F
[1935107]	$DSM03,131930,+51.47016,+22.60755,326.0,33.0,263.0,0F
[1935143]	$DSM04,131930,+51.47012,+22.60755,304.0,34.0,265.8,6F
[1936107]	$DSM03,131932,+51.47004,+22.60660,326.0,33.0,257.3,0F
[1936143]	$DSM04,131932,+51.47003,+22.60652,308.0,36.0,260.2,6F
[1937107]	$DSM03,131949,+51.46629,+22.60285,338.0,29.0,177.2,0F
[1937143]	$DSM04,131949,+51.46629,+22.60268,336.0,29.0,182.8,6F
[1937536]	$DSM0F,131949,+51.46228,+22.60759,138.0,0.0,0.0,0F
[1938000]	$DSM00,131952,+51.48432,+22.63630,7798.0,82.0,337.5,0F
[1938107]	$DSM03,131952,+51.46551,+22.60298,334.0,29.0,173.0,0F
[1938143]	$DSM04,131952,+51.46550,+22.60287,332.0,29.0,173.0,6F
[1938536]	$DSM0F,131952,+51.46230,+22.60761,136.0,0.0,0.0,0F
[1939000]	$DSM00,131955,+51.48630,+22.63471,7796.0,83.0,329.1,0F
[1940107]	$DSM03,131958,+51.46399,+22.60373,330.0,29.0,154.7,0F
[1940143]	$DSM04,131958,+51.46397,+22.60364,322.0,30.0,157.5,6F
[1941000]	$DSM00,131959,+51.48866,+22.63175,7794.0,84.0,316.4,0F
[1942107]	$DSM03,132001,+51.46332,+22.60439,332.0,28.0,143.4,0F
[1942143]	$DSM04,132001,+51.46331,+22.60433,324.0,28.0,143.4,6F
[1943000]	$DSM00,132002,+51.49016,+22.62896,7796.0,86.0,306.6,0F
[1944107]	$DSM03,132006,+51.46246,+22.60581,334.0,27.0,125.2,0F
[1944143]	$DSM04,132006,+51.46247,+22.60574,328.0,27.0,125.2,6F
[1945000]	$DSM00,132008,+51.49232,+22.62222,7798.0,89.0,289.7,0F
[1945107]	$DSM03,132008,+51.46220,+22.60648,332.0,27.0,119.5,0F
[1945143]	$DSM04,132008,+51.46223,+22.60643,326.0,26.0,118.1,6F
[1946107]	$DSM03,132010,+51.46201,+22.60716,328.0,26.0,113.9,0F
[1946143]	$DSM04,132010,+51.46202,+22.60714,324.0,26.0,115.3,6F
[1947000]	$DSM00,132013,+51.49316,+22.61581,7800.0,92.0,275.6,0F
[1948107]	$DSM03,132012,+51.46187,+22.60787,322.0,26.0,104.1,0F
[1948143]	$DSM04,132012,+51.46186,+22.60785,320.0,26.0,105.5,6F
[1949000]	$DSM00,132015,+51.49323,+22.61310,7800.0,94.0,270.0,0F
[1950107]	$DSM03,132014,+51.46180,+22.60860,316.0,26.0,94.2,0F
[1950143]	$DSM04,132014,+51.46180,+22.60862,314.0,27.0,97.0,6F
[1951000]	$DSM00,132017,+51.49316,+22.61036,7802.0,95.0,265.8,0F
[1952107]	$DSM03,132016,+51.46182,+22.60933,308.0,26.0,83.0,0F
[1952143]	$DSM04,132016,+51.46180,+22.60942,310.0,27.0,85.8,6F
[1953000]	$DSM00,132019,+51.49292,+22.60761,7804.0,97.0,260.2,0F
[1954107]	$DSM03,132018,+51.46196,+22.61004,304.0,25.0,67.5,0F
[1954143]	$DSM04,132018,+51.46189,+22.61016,310.0,26.0,75.9,6F
[1955000]	$DSM00,132021,+51.49255,+22.60484,7804.0,98.0,255.9,0F
[1956107]	$DSM03,132020,+51.46220,+22.61068,300.0,26.0,54.8,0F
[1956143]	$DSM04,132020,+51.46213,+22.61090,314.0,28.0,61.9,6F
[1957000]	$DSM00,132023,+51.49200,+22.60210,7806.0,100.0,250.3,0F
[1957107]	$DSM03,132023,+51.46268,+22.61150,296.0,26.0,40.8,0F
[1957143]	$DSM04,132023,+51.46259,+22.61182,318.0,27.0,49.2,6F
[1958000]	$DSM00,132026,+51.49095,+22.59806,7808.0,102.0,244.7,0F
[1959107]	$DSM03,132024,+51.46286,+22.61175,294.0,26.0,39.4,0F
[1959143]	$DSM04,132024,+51.46275,+22.61208,318.0,26.0,47.8,6F
[1960000]	$DSM00,132028,+51.49007,+22.59547,7808.0,103.0,239.1,0F
[1961107]	$DSM03,132026,+51.46324,+22.61222,292.0,27.0,40.8,0F
[1961143]	$DSM04,132026,+51.46315,+22.61248,308.0,27.0,43.6,6F
[1962000]	$DSM00,132029,+51.48958,+22.59420,7810.0,104.0,237.7,0F
[1963107]	$DSM03,132027,+51.46341,+22.61250,290.0,28.0,47.8,0F
[1963143]	$DSM04,132027,+51.46334,+22.61272,302.0,29.0,47.8,6F
[1964000]	$DSM00,132031,+51.48851,+22.59171,7810.0,105.0,233.4,0F
[1965107]	$DSM03,132029,+51.46371,+22.61319,288.0,29.0,64.7,0F
[1965143]	$DSM04,132029,+51.46365,+22.61332,298.0,26.0,56.2,6F
[1966000]	$DSM00,132032,+51.48792,+22.59051,7810.0,105.0,230.6,0F
[1967107]	$DSM03,132031,+51.46387,+22.61405,286.0,32.0,80.2,0F
[1967143]	$DSM04,132031,+51.46387,+22.61403,290.0,0.0,0.0,6F
[1968000]	$DSM00,132034,+51.48667,+22.58819,7810.0,106.0,227.8,0F
[1969107]	$DSM03,132032,+51.46388,+22.61452,286.0,33.0,83.0,0F
[1969143]	$DSM04,132032,+51.46394,+22.61442,286.0,0.0,0.0,6F
[1970000]	$DSM00,132035,+51.48600,+22.58710,7810.0,107.0,225.0,0F
[1971143]	$DSM04,132033,+51.46400,+22.61486,284.0,28.0,73.1,6F
[1972107]	$DSM03,132034,+51.46397,+22.61551,282.0,35.0,80.2,0F
[1973000]	$DSM00,132037,+51.48458,+22.58498,7810.0,108.0,220.8,0F
[1974107]	$DSM03,132038,+51.46444,+22.61740,286.0,35.0,57.7,0F
[1974143]	$DSM04,132038,+51.46444,+22.61716,274.0,34.0,60.5,6F
[1975000]	$DSM00,132039,+51.48307,+22.58298,7810.0,109.0,218.0,0F
[1976107]	$DSM03,132040,+51.46484,+22.61815,290.0,34.0,43.6,0F
[1976143]	$DSM04,132040,+51.46482,+22.61802,278.0,34.0,50.6,6F
[1977107]	$DSM03,132047,+51.46680,+22.61914,298.0,33.0,355.8,0F
[1977143]	$DSM04,132047,+51.46680,+22.61918,300.0,33.0,0.0,6F
[1978000]	$DSM00,132051,+51.47239,+22.57454,7812.0,112.0,195.5,0F
[1979107]	$DSM03,132049,+51.46740,+22.61894,300.0,33.0,344.5,0F
[1979143]	$DSM04,132049,+51.46742,+22.61892,298.0,33.0,345.9,6F
[1980000]	$DSM00,132052,+51.47141,+22.57412,7812.0,112.0,194.1,0F
[1981107]	$DSM03,132051,+51.46796,+22.61858,304.0,34.0,333.3,0F
[1981143]	$DSM04,132051,+51.46800,+22.61851,298.0,34.0,334.7,6F
[1982000]	$DSM00,132055,+51.46843,+22.57313,7812.0,113.0,189.8,0F
[1983107]	$DSM03,132054,+51.46872,+22.61770,310.0,34.0,317.8,0F
[1983143]	$DSM04,132054,+51.46872,+22.61766,292.0,33.0,316.4,6F
[1984107]	$DSM03,132056,+51.46910,+22.61695,312.0,33.0,305.2,0F
[1984143]	$DSM04,132056,+51.46909,+22.61695,292.0,31.0,310.8,6F
[1985107]	$DSM03,132058,+51.46938,+22.61611,314.0,32.0,295.3,0F
[1985143]	$DSM04,132058,+51.46936,+22.61609,292.0,32.0,296.7,6F
[1986107]	$DSM03,132100,+51.46957,+22.61523,316.0,32.0,285.5,0F
[1986143]	$DSM04,132100,+51.46954,+22.61521,288.0,33.0,289.7,6F
[1987107]	$DSM03,132102,+51.46968,+22.61431,316.0,32.0,277.0,0F
[1987143]	$DSM04,132102,+51.46964,+22.61426,290.0,33.0,279.8,6F
[1988000]	$DSM00,132105,+51.45821,+22.57281,7814.0,113.0,174.4,0F
[1989107]	$DSM03,132103,+51.46969,+22.61381,318.0,32.0,272.8,0F
[1989143]	$DSM04,132103,+51.46965,+22.61379,292.0,32.0,274.2,6F
[1990107]	$DSM03,132106,+51.46960,+22.61240,322.0,34.0,260.2,0F
[1990143]	$DSM04,132106,+51.46957,+22.61233,300.0,33.0,260.2,6F
[1991107]	$DSM03,132108,+51.46944,+22.61141,324.0,35.0,251.7,0F
[1991143]	$DSM04,132108,+51.46941,+22.61139,304.0,34.0,253.1,6F
[1992143]	$DSM04,132109,+51.46928,+22.61092,306.0,35.0,248.9,6F
[1993107]	$DSM03,132110,+51.46918,+22.61047,326.0,36.0,241.9,0F
[1994143]	$DSM04,132111,+51.46898,+22.61002,312.0,36.0,237.7,6F
[1995107]	$DSM03,132114,+51.46837,+22.60881,330.0,36.0,223.6,0F
[1995143]	$DSM04,132114,+51.46833,+22.60879,316.0,37.0,225.0,6F
[1996107]	$DSM03,132116,+51.46786,+22.60817,334.0,35.0,213.7,0F
[1996143]	$DSM04,132116,+51.46780,+22.60815,322.0,36.0,215.2,6F
[1997107]	$DSM03,132118,+51.46729,+22.60770,338.0,35.0,203.9,0F
[1997143]	$DSM04,132118,+51.46724,+22.60768,326.0,35.0,203.9,6F
[1998000]	$DSM00,132120,+51.44308,+22.57770,7814.0,113.0,164.5,0F
[1998107]	$DSM03,132120,+51.46667,+22.60738,342.0,36.0,194.1,0F
[1998143]	$DSM04,132120,+51.46662,+22.60733,330.0,36.0,195.5,6F
[1999000]	$DSM00,132122,+51.44113,+22.57866,7814.0,113.0,161.7,0F
[1999107]	$DSM03,132122,+51.46602,+22.60725,344.0,35.0,184.2,0F
[1999143]	$DSM04,132122,+51.46598,+22.60718,334.0,34.0,185.6,6F
[2000000]	$DSM00,132125,+51.43829,+22.58049,7812.0,113.0,156.1,0F
[2001107]	$DSM03,132123,+51.46571,+22.60727,346.0,35.0,177.2,0F
[2001143]	$DSM04,132123,+51.46566,+22.60720,334.0,34.0,178.6,6F
[2002000]	$DSM00,132127,+51.43648,+22.58195,7810.0,112.0,151.9,0F
[2003143]	$DSM04,132125,+51.46503,+22.60740,336.0,34.0,167.3,6F
[2004107]	$DSM03,132126,+51.46481,+22.60757,346.0,33.0,164.5,0F
[2005000]	$DSM00,132129,+51.43472,+22.58360,7808.0,112.0,147.7,0F
[2005107]	$DSM03,132129,+51.46399,+22.60791,350.0,29.0,170.2,0F
[2005143]	$DSM04,132129,+51.46392,+22.60794,346.0,31.0,168.7,6F
[2006000]	$DSM00,132131,+51.43306,+22.58542,7808.0,111.0,144.8,0F
[2006107]	$DSM03,132131,+51.46349,+22.60800,350.0,27.0,175.8,0F
[2006143]	$DSM04,132131,+51.46340,+22.60806,350.0,29.0,174.4,6F
[2007000]	$DSM00,132134,+51.43072,+22.58845,7808.0,110.0,137.8,0F
[2008107]	$DSM03,132133,+51.46302,+22.60802,348.0,25.0,182.8,0F
[2008143]	$DSM04,132133,+51.46292,+22.60810,352.0,25.0,181.4,6F
[2009000]	$DSM00,132136,+51.42930,+22.59064,7808.0,109.0,135.0,0F
[2010107]	$DSM03,132135,+51.46259,+22.60796,344.0,24.0,188.4,0F
[2010143]	$DSM04,132135,+51.46252,+22.60802,350.0,24.0,187.0,6F
[2011000]	$DSM00,132138,+51.42798,+22.59298,7810.0,108.0,130.8,0F
[2012107]	$DSM03,132137,+51.46217,+22.60785,342.0,23.0,191.2,0F
[2012143]	$DSM04,132137,+51.46213,+22.60789,346.0,23.0,189.8,6F
[2013000]	$DSM00,132140,+51.42676,+22.59540,7810.0,107.0,126.6,0F
[2014107]	$DSM03,132139,+51.46176,+22.60772,340.0,23.0,191.2,0F
[2014143]	$DSM04,132139,+51.46173,+22.60774,340.0,23.0,191.2,6F
[2015000]	$DSM00,132142,+51.42567,+22.59794,7808.0,106.0,123.7,0F
[2016107]	$DSM03,132141,+51.46138,+22.60761,338.0,22.0,184.2,0F
[2017143]	$DSM04,132142,+51.46115,+22.60766,340.0,21.0,178.6,6F
[2018000]	$DSM00,132145,+51.42424,+22.60188,7808.0,105.0,118.1,0F
[2019107]	$DSM03,132144,+51.46084,+22.60770,336.0,19.0,163.1,0F
[2019143]	$DSM04,132144,+51.46082,+22.60774,338.0,19.0,164.5,6F
[2020000]	$DSM00,132146,+51.42383,+22.60324,7808.0,104.0,115.3,0F
[2021107]	$DSM03,132152,+51.46038,+22.60935,314.0,17.0,81.6,0F
[2021143]	$DSM04,132152,+51.46036,+22.60942,318.0,18.0,83.0,6F
[2022000]	$DSM00,132155,+51.42151,+22.61587,7806.0,99.0,97.0,0F
[2023107]	$DSM03,132154,+51.46048,+22.60982,310.0,16.0,68.9,0F
[2023143]	$DSM04,132154,+51.46047,+22.60989,312.0,17.0,68.9,6F
[2024000]	$DSM00,132157,+51.42137,+22.61870,7804.0,98.0,92.8,0F
[2025107]	$DSM03,132156,+51.46061,+22.61025,306.0,16.0,60.5,0F
[2025143]	$DSM04,132156,+51.46061,+22.61032,306.0,17.0,60.5,6F
[2026000]	$DSM00,132159,+51.42135,+22.62152,7802.0,97.0,88.6,0F
[2027107]	$DSM03,132200,+51.46096,+22.61096,302.0,15.0,45.0,0F
[2027143]	$DSM04,132200,+51.46096,+22.61100,296.0,14.0,46.4,6F
[2028000]	$DSM00,132202,+51.42158,+22.62564,7800.0,95.0,81.6,0F
[2028107]	$DSM03,132202,+51.46118,+22.61124,302.0,16.0,35.2,0F
[2028143]	$DSM04,132202,+51.46115,+22.61126,296.0,14.0,38.0,6F
[2029000]	$DSM00,132204,+51.42191,+22.62830,7800.0,93.0,77.3,0F
[2029143]	$DSM04,132204,+51.46139,+22.61150,296.0,15.0,30.9,6F
[2030107]	$DSM03,132205,+51.46155,+22.61158,300.0,15.0,26.7,0F
[2031000]	$DSM00,132208,+51.42290,+22.63336,7798.0,91.0,68.9,0F
[2032107]	$DSM03,132206,+51.46168,+22.61167,300.0,14.0,21.1,0F
[2032143]	$DSM04,132206,+51.46162,+22.61167,294.0,14.0,22.5,6F
[2033000]	$DSM00,132209,+51.42324,+22.63456,7798.0,90.0,66.1,0F
[2034107]	$DSM03,132208,+51.46190,+22.61175,300.0,13.0,11.2,0F
[2034143]	$DSM04,132208,+51.46186,+22.61175,294.0,12.0,9.8,6F
[2035000]	$DSM00,132211,+51.42396,+22.63686,7798.0,89.0,61.9,0F
[2036107]	$DSM03,132215,+51.46268,+22.61186,296.0,13.0,4.2,0F
[2036143]	$DSM04,132215,+51.46260,+22.61186,288.0,12.0,5.6,6F
[2037000]	$DSM00,132218,+51.42732,+22.64377,7796.0,85.0,43.6,0F
[2038107]	$DSM03,132217,+51.46293,+22.61188,296.0,15.0,4.2,0F
[2038143]	$DSM04,132217,+51.46284,+22.61188,286.0,14.0,7.0,6F
[2039000]	$DSM00,132220,+51.42847,+22.64536,7796.0,84.0,39.4,0F
[2040143]	$DSM04,132219,+51.46312,+22.61195,286.0,16.0,5.6,6F
[2041107]	$DSM03,132220,+51.46340,+22.61192,298.0,18.0,2.8,0F
[2042000]	$DSM00,132223,+51.43032,+22.64740,7796.0,82.0,30.9,0F
[2042107]	$DSM03,132223,+51.46396,+22.61192,298.0,21.0,354.4,0F
[2042143]	$DSM04,132223,+51.46384,+22.61197,288.0,22.0,355.8,6F
[2043000]	$DSM00,132224,+51.43096,+22.64800,7796.0,82.0,29.5,0F
[2044107]	$DSM03,132225,+51.46437,+22.61182,300.0,24.0,347.3,0F
[2044143]	$DSM04,132225,+51.46426,+22.61186,288.0,22.0,348.7,6F
[2045107]	$DSM03,132227,+51.46481,+22.61160,302.0,26.0,338.9,0F
[2045143]	$DSM04,132227,+51.46468,+22.61167,290.0,25.0,338.9,6F
[2046107]	$DSM03,132228,+51.46503,+22.61145,304.0,27.0,330.5,0F
[2046143]	$DSM04,132228,+51.46492,+22.61150,294.0,27.0,331.9,6F
[2047107]	$DSM03,132231,+51.46555,+22.61064,312.0,28.0,305.2,0F
[2047143]	$DSM04,132231,+51.46547,+22.61074,300.0,25.0,310.8,6F
[2048000]	$DSM00,132232,+51.43645,+22.65087,7794.0,79.0,8.4,0F
[2049107]	$DSM03,132233,+51.46576,+22.60989,316.0,29.0,288.3,0F
[2049143]	$DSM04,132233,+51.46569,+22.61000,302.0,29.0,291.1,6F
[2050107]	$DSM03,132236,+51.46581,+22.60856,324.0,31.0,261.6,0F
[2050143]	$DSM04,132236,+51.46580,+22.60860,314.0,31.0,265.8,6F
[2051107]	$DSM03,132240,+51.46534,+22.60678,332.0,34.0,237.7,0F
[2051143]	$DSM04,132240,+51.46536,+22.60680,330.0,33.0,240.5,6F
[2052143]	$DSM04,132241,+51.46516,+22.60637,334.0,34.0,236.2,6F
[2053107]	$DSM03,132242,+51.46494,+22.60598,334.0,35.0,227.8,0F
[2054000]	$DSM00,132246,+51.44638,+22.64922,7796.0,79.0,348.7,0F
[2055107]	$DSM03,132244,+51.46446,+22.60527,334.0,36.0,219.4,0F
[2055143]	$DSM04,132244,+51.46443,+22.60519,340.0,38.0,222.2,6F
[2056107]	$DSM03,132245,+51.46420,+22.60497,334.0,36.0,215.2,0F
[2056143]	$DSM04,132245,+51.46415,+22.60484,342.0,37.0,219.4,6F
[2057107]	$DSM03,132247,+51.46363,+22.60446,336.0,35.0,203.9,0F
[2057143]	$DSM04,132247,+51.46358,+22.60431,344.0,36.0,208.1,6F
[2058107]	$DSM03,132248,+51.46333,+22.60429,336.0,35.0,198.3,0F
[2059143]	$DSM04,132249,+51.46294,+22.60398,346.0,37.0,195.5,6F
[2060107]	$DSM03,132250,+51.46271,+22.60409,340.0,35.0,185.6,0F
[2061107]	$DSM03,132251,+51.46239,+22.60409,342.0,35.0,180.0,0F
[2061143]	$DSM04,132251,+51.46228,+22.60394,342.0,35.0,181.4,6F
[2062107]	$DSM03,132253,+51.46176,+22.60422,344.0,34.0,168.7,0F
[2062143]	$DSM04,132253,+51.46164,+22.60414,336.0,34.0,170.2,6F
[2063107]	$DSM03,132254,+51.46146,+22.60437,346.0,34.0,163.1,0F
[2063143]	$DSM04,132254,+51.46135,+22.60429,334.0,34.0,164.5,6F
[2064143]	$DSM04,132255,+51.46105,+22.60446,332.0,34.0,160.3,6F
[2065107]	$DSM03,132256,+51.46088,+22.60476,346.0,34.0,153.3,0F
[2066107]	$DSM03,132257,+51.46061,+22.60502,346.0,34.0,146.2,0F
[2066143]	$DSM04,132257,+51.46051,+22.60493,332.0,34.0,149.1,6F
[2067107]	$DSM03,132258,+51.46037,+22.60532,346.0,34.0,142.0,0F
[2067143]	$DSM04,132258,+51.46028,+22.60521,332.0,33.0,142.0,6F
[2068107]	$DSM03,132300,+51.45993,+22.60600,346.0,33.0,132.2,0F
[2068143]	$DSM04,132300,+51.45985,+22.60596,334.0,34.0,132.2,6F
[2069107]	$DSM03,132301,+51.45975,+22.60639,346.0,33.0,126.6,0F
[2069143]	$DSM04,132301,+51.45967,+22.60635,334.0,33.0,126.6,6F
[2070107]	$DSM03,132303,+51.45946,+22.60718,344.0,31.0,115.3,0F
[2070143]	$DSM04,132303,+51.45940,+22.60712,332.0,31.0,118.1,6F
[2071107]	$DSM03,132304,+51.45936,+22.60759,342.0,31.0,109.7,0F
[2071143]	$DSM04,132304,+51.45929,+22.60755,330.0,31.0,112.5,6F
[2072107]	$DSM03,132311,+51.45940,+22.61060,336.0,29.0,70.3,0F
[2072143]	$DSM04,132311,+51.45935,+22.61060,326.0,30.0,71.7,6F
[2072536]	$DSM0F,132311,+51.46224,+22.60755,160.0,2.0,194.1,0F
[2073143]	$DSM04,132312,+51.45946,+22.61098,326.0,29.0,67.5,6F
[2073536]	$DSM0F,132312,+51.46221,+22.60755,162.0,2.0,192.7,0F
[2074107]	$DSM03,132313,+51.45962,+22.61134,334.0,29.0,60.5,0F
[2074536]	$DSM0F,132313,+51.46220,+22.60755,162.0,1.0,188.4,0F
[2075143]	$DSM04,132314,+51.45972,+22.61169,324.0,28.0,57.7,6F
[2075536]	$DSM0F,132314,+51.46220,+22.60755,164.0,1.0,189.8,0F
[2076536]	$DSM0F,132322,+51.46220,+22.60755,164.0,0.0,0.0,0F
[2077143]	$DSM04,132324,+51.46193,+22.61358,332.0,28.0,7.0,6F
[2078107]	$DSM03,132325,+51.46217,+22.61364,340.0,28.0,2.8,0F
[2078143]	$DSM04,132325,+51.46220,+22.61360,334.0,29.0,2.8,6F
[2079107]	$DSM03,132331,+51.46374,+22.61345,352.0,29.0,354.4,0F
[2079143]	$DSM04,132331,+51.46374,+22.61340,346.0,29.0,354.4,6F
[2080000]	$DSM00,132334,+51.48008,+22.63823,7798.0,80.0,347.3,0F
[2080107]	$DSM03,132334,+51.46456,+22.61332,354.0,31.0,355.8,0F
[2080143]	$DSM04,132334,+51.46456,+22.61328,356.0,32.0,355.8,6F
[2081000]	$DSM00,132337,+51.48217,+22.63742,7798.0,80.0,344.5,0F
[2082107]	$DSM03,132336,+51.46511,+22.61324,356.0,30.0,355.8,0F
[2082143]	$DSM04,132336,+51.46516,+22.61321,362.0,33.0,355.8,6F
[2083000]	$DSM00,132338,+51.48286,+22.63710,7798.0,80.0,343.1,0F
[2084107]	$DSM03,132337,+51.46538,+22.61321,356.0,30.0,355.8,0F
[2085143]	$DSM04,132338,+51.46574,+22.61315,366.0,32.0,357.2,6F
[2086000]	$DSM00,132342,+51.48552,+22.63532,7796.0,81.0,331.9,0F
[2087107]	$DSM03,132340,+51.46621,+22.61313,356.0,31.0,355.8,0F
[2087143]	$DSM04,132340,+51.46630,+22.61310,368.0,32.0,355.8,6F
[2088000]	$DSM00,132343,+51.48616,+22.63474,7796.0,81.0,329.1,0F
[2089143]	$DSM04,132341,+51.46659,+22.61306,368.0,33.0,355.8,6F
[2090107]	$DSM03,132342,+51.46677,+22.61304,354.0,31.0,354.4,0F
[2091143]	$DSM04,132343,+51.46717,+22.61296,366.0,33.0,353.0,6F
[2092000]	$DSM00,132346,+51.48792,+22.63261,7794.0,83.0,317.8,0F
[2093107]	$DSM03,132344,+51.46734,+22.61289,354.0,32.0,348.7,0F
[2093143]	$DSM04,132344,+51.46746,+22.61287,366.0,34.0,350.2,6F
[2094000]	$DSM00,132347,+51.48846,+22.63177,7794.0,83.0,315.0,0F
[2095107]	$DSM03,132346,+51.46791,+22.61266,354.0,32.0,343.1,0F
[2095143]	$DSM04,132346,+51.46802,+22.61268,364.0,33.0,344.5,6F
[2096000]	$DSM00,132348,+51.48898,+22.63092,7794.0,83.0,312.2,0F
[2097143]	$DSM04,132347,+51.46828,+22.61252,362.0,32.0,340.3,6F
[2098000]	$DSM00,132350,+51.48992,+22.62900,7796.0,85.0,305.2,0F
[2099107]	$DSM03,132348,+51.46844,+22.61231,354.0,31.0,334.7,0F
[2099143]	$DSM04,132348,+51.46854,+22.61233,362.0,32.0,336.1,6F
[2100000]	$DSM00,132351,+51.49033,+22.62798,7796.0,85.0,302.3,0F
[2101107]	$DSM03,132350,+51.46891,+22.61186,356.0,30.0,324.8,0F
[2101143]	$DSM04,132350,+51.46900,+22.61184,360.0,31.0,324.8,6F
[2102000]	$DSM00,132353,+51.49108,+22.62581,7798.0,86.0,296.7,0F
[2103107]	$DSM03,132351,+51.46912,+22.61158,358.0,30.0,319.2,0F
[2103143]	$DSM04,132351,+51.46921,+22.61156,360.0,30.0,319.2,6F
[2104143]	$DSM04,132352,+51.46939,+22.61126,358.0,29.0,315.0,6F
[2105107]	$DSM03,132353,+51.46949,+22.61096,358.0,29.0,308.0,0F
[2106000]	$DSM00,132355,+51.49170,+22.62349,7798.0,88.0,291.1,0F
[2107107]	$DSM03,132354,+51.46963,+22.61060,360.0,29.0,300.9,0F
[2108000]	$DSM00,132357,+51.49218,+22.62104,7800.0,89.0,285.5,0F
[2109143]	$DSM04,132355,+51.46978,+22.61021,354.0,29.0,295.3,6F
[2110107]	$DSM03,132356,+51.46983,+22.60984,362.0,29.0,288.3,0F
[2111000]	$DSM00,132359,+51.49250,+22.61849,7800.0,91.0,279.8,0F
[2112107]	$DSM03,132357,+51.46989,+22.60944,362.0,28.0,282.7,0F
[2112143]	$DSM04,132357,+51.46991,+22.60939,352.0,28.0,282.7,6F
[2113107]	$DSM03,132358,+51.46994,+22.60903,362.0,28.0,275.6,0F
[2113143]	$DSM04,132358,+51.46992,+22.60898,348.0,28.0,275.6,6F
[2114107]	$DSM03,132400,+51.46991,+22.60821,360.0,28.0,261.6,0F
[2114143]	$DSM04,132400,+51.46992,+22.60819,346.0,28.0,265.8,6F
[2115000]	$DSM00,132403,+51.49272,+22.61317,7802.0,94.0,268.6,0F
[2116143]	$DSM04,132401,+51.46986,+22.60780,346.0,28.0,258.7,6F
[2117107]	$DSM03,132402,+51.46976,+22.60744,358.0,27.0,246.1,0F
[2117143]	$DSM04,132402,+51.46980,+22.60740,346.0,29.0,255.9,6F
[2118000]	$DSM00,132406,+51.49249,+22.60905,7804.0,96.0,261.6,0F
[2119107]	$DSM03,132404,+51.46949,+22.60675,354.0,28.0,233.4,0F
[2119143]	$DSM04,132404,+51.46956,+22.60671,344.0,25.0,239.1,6F
[2120000]	$DSM00,132407,+51.49235,+22.60768,7804.0,97.0,258.7,0F
[2121107]	$DSM03,132405,+51.46932,+22.60645,354.0,28.0,229.2,0F
[2121143]	$DSM04,132405,+51.46937,+22.60641,342.0,27.0,230.6,6F
[2122000]	$DSM00,132408,+51.49216,+22.60628,7804.0,98.0,257.3,0F
[2123107]	$DSM03,132406,+51.46913,+22.60615,352.0,28.0,223.6,0F
[2124143]	$DSM04,132407,+51.46890,+22.60585,338.0,29.0,220.8,6F
[2125000]	$DSM00,132410,+51.49168,+22.60356,7804.0,99.0,251.7,0F
[2126107]	$DSM03,132408,+51.46872,+22.60564,348.0,29.0,215.2,0F
[2126143]	$DSM04,132408,+51.46866,+22.60560,338.0,29.0,216.6,6F
[2127107]	$DSM03,132410,+51.46825,+22.60521,346.0,29.0,208.1,0F
[2127143]	$DSM04,132410,+51.46817,+22.60517,336.0,30.0,208.1,6F
[2128000]	$DSM00,132413,+51.49068,+22.59950,7806.0,101.0,244.7,0F
[2129107]	$DSM03,132411,+51.46800,+22.60504,344.0,29.0,203.9,0F
[2129143]	$DSM04,132411,+51.46793,+22.60497,338.0,30.0,206.7,6F
[2130000]	$DSM00,132414,+51.49028,+22.59817,7806.0,102.0,243.3,0F
[2131107]	$DSM03,132412,+51.46775,+22.60486,344.0,30.0,199.7,0F
[2132143]	$DSM04,132413,+51.46743,+22.60463,338.0,30.0,199.7,6F
[2133000]	$DSM00,132416,+51.48937,+22.59560,7806.0,103.0,239.1,0F
[2134107]	$DSM03,132414,+51.46723,+22.60465,340.0,30.0,192.7,0F
[2134143]	$DSM04,132414,+51.46714,+22.60452,338.0,31.0,195.5,6F
[2135000]	$DSM00,132417,+51.48887,+22.59433,7806.0,104.0,236.2,0F
[2136107]	$DSM03,132415,+51.46695,+22.60459,340.0,30.0,188.4,0F
[2136143]	$DSM04,132415,+51.46686,+22.60442,338.0,32.0,192.7,6F
[2137000]	$DSM00,132419,+51.48777,+22.59188,7808.0,105.0,232.0,0F
[2138107]	$DSM03,132416,+51.46667,+22.60452,340.0,30.0,185.6,0F
[2139143]	$DSM04,132417,+51.46627,+22.60431,338.0,31.0,185.6,6F
[2140000]	$DSM00,132420,+51.48717,+22.59068,7808.0,105.0,230.6,0F
[2141107]	$DSM03,132418,+51.46611,+22.60450,340.0,31.0,180.0,0F
[2141143]	$DSM04,132418,+51.46598,+22.60431,336.0,32.0,182.8,6F
[2142000]	$DSM00,132421,+51.48654,+22.58954,7808.0,106.0,227.8,0F
[2143107]	$DSM03,132420,+51.46555,+22.60456,338.0,30.0,173.0,0F
[2143143]	$DSM04,132420,+51.46542,+22.60437,338.0,31.0,175.8,6F
[2144000]	$DSM00,132422,+51.48588,+22.58841,7808.0,106.0,226.4,0F
[2145107]	$DSM03,132421,+51.46527,+22.60465,338.0,30.0,168.7,0F
[2145143]	$DSM04,132421,+51.46516,+22.60446,340.0,31.0,170.2,6F
[2146000]	$DSM00,132424,+51.48448,+22.58626,7810.0,107.0,222.2,0F
[2147107]	$DSM03,132422,+51.46500,+22.60476,338.0,30.0,164.5,0F
[2147143]	$DSM04,132422,+51.46490,+22.60456,342.0,30.0,165.9,6F
[2148000]	$DSM00,132426,+51.48300,+22.58427,7810.0,108.0,218.0,0F
[2149107]	$DSM03,132424,+51.46450,+22.60504,338.0,29.0,161.7,0F
[2149143]	$DSM04,132424,+51.46440,+22.60486,344.0,29.0,163.1,6F
[2150107]	$DSM03,132425,+51.46425,+22.60517,336.0,29.0,161.7,0F
[2150143]	$DSM04,132425,+51.46416,+22.60502,342.0,29.0,163.1,6F
[2151107]	$DSM03,132427,+51.46375,+22.60540,334.0,29.0,167.3,0F
[2151143]	$DSM04,132427,+51.46368,+22.60527,338.0,28.0,165.9,6F
[2152107]	$DSM03,132428,+51.46350,+22.60547,334.0,29.0,170.2,0F
[2152143]	$DSM04,132428,+51.46343,+22.60538,338.0,28.0,170.2,6F
[2153000]	$DSM00,132431,+51.47885,+22.57998,7812.0,110.0,208.1,0F
[2154143]	$DSM04,132430,+51.46292,+22.60551,336.0,28.0,175.8,6F
[2155107]	$DSM03,132433,+51.46218,+22.60564,328.0,30.0,174.4,0F
[2155143]	$DSM04,132433,+51.46217,+22.60557,338.0,0.0,0.0,6F
[2156000]	$DSM00,132436,+51.47426,+22.57676,7814.0,112.0,199.7,0F
[2156107]	$DSM03,132436,+51.46140,+22.60594,328.0,30.0,157.5,0F
[2156143]	$DSM04,132436,+51.46139,+22.60579,340.0,31.0,167.3,6F
[2157000]	$DSM00,132438,+51.47233,+22.57577,7812.0,112.0,195.5,0F
[2158107]	$DSM03,132439,+51.46078,+22.60669,328.0,29.0,130.8,0F
[2158143]	$DSM04,132439,+51.46079,+22.60665,336.0,28.0,130.8,6F
[2159107]	$DSM03,132440,+51.46061,+22.60701,328.0,29.0,123.7,0F
[2160036]	$DSM01,132441,+51.46223,+22.60804,198.0,0.0,0.0,0F
[2160143]	$DSM04,132441,+51.46053,+22.60740,338.0,28.0,115.3,6F
[2161107]	$DSM03,132444,+51.46031,+22.60860,324.0,29.0,95.6,0F
[2161143]	$DSM04,132444,+51.46031,+22.60866,332.0,29.0,99.8,6F
[2162107]	$DSM03,132446,+51.46031,+22.60944,322.0,29.0,85.8,0F
[2162143]	$DSM04,132446,+51.46028,+22.60950,330.0,28.0,92.8,6F
[2163000]	$DSM00,132450,+51.46016,+22.57369,7812.0,114.0,177.2,0F
[2164107]	$DSM03,132449,+51.46053,+22.61062,316.0,27.0,64.7,0F
[2164143]	$DSM04,132449,+51.46032,+22.61070,330.0,0.0,0.0,6F
[2165000]	$DSM00,132452,+51.45809,+22.57397,7812.0,114.0,174.4,0F
[2166143]	$DSM04,132450,+51.46038,+22.61109,332.0,0.0,0.0,6F
[2167107]	$DSM03,132451,+51.46080,+22.61126,314.0,26.0,50.6,0F
[2168000]	$DSM00,132454,+51.45604,+22.57440,7812.0,114.0,171.6,0F
[2169107]	$DSM03,132453,+51.46116,+22.61175,312.0,26.0,36.6,0F
[2169143]	$DSM04,132453,+51.46078,+22.61212,344.0,26.0,56.2,6F
[2170000]	$DSM00,132456,+51.45399,+22.57495,7812.0,114.0,170.2,0F
[2171107]	$DSM03,132455,+51.46158,+22.61210,310.0,26.0,21.1,0F
[2171143]	$DSM04,132455,+51.46136,+22.61236,340.0,26.0,21.1,6F
[2172000]	$DSM00,132457,+51.45298,+22.57526,7812.0,114.0,168.7,0F
[2173143]	$DSM04,132456,+51.46170,+22.61227,328.0,26.0,12.7,6F
[2174107]	$DSM03,132457,+51.46204,+22.61225,310.0,26.0,8.4,0F
[2175107]	$DSM03,132500,+51.46276,+22.61231,310.0,26.0,358.6,0F
[2175143]	$DSM04,132500,+51.46272,+22.61229,316.0,26.0,358.6,6F
[2176107]	$DSM03,132502,+51.46325,+22.61222,310.0,27.0,351.6,0F
[2176143]	$DSM04,132502,+51.46322,+22.61218,316.0,27.0,351.6,6F
[2177000]	$DSM00,132505,+51.44488,+22.57806,7814.0,114.0,165.9,0F
[2177107]	$DSM03,132505,+51.46397,+22.61190,310.0,28.0,338.9,0F
[2177143]	$DSM04,132505,+51.46396,+22.61188,320.0,28.0,340.3,6F
[2178000]	$DSM00,132508,+51.44192,+22.57946,7812.0,114.0,161.7,0F
[2179107]	$DSM03,132507,+51.46443,+22.61152,312.0,27.0,329.1,0F
[2179143]	$DSM04,132507,+51.46440,+22.61154,322.0,27.0,329.1,6F
[2180000]	$DSM00,132509,+51.44095,+22.58000,7812.0,114.0,160.3,0F
[2180107]	$DSM03,132509,+51.46482,+22.61104,314.0,27.0,320.6,0F
[2180143]	$DSM04,132509,+51.46481,+22.61107,326.0,27.0,320.6,6F
[2181000]	$DSM00,132512,+51.43812,+22.58193,7810.0,113.0,154.7,0F
[2182107]	$DSM03,132511,+51.46516,+22.61047,318.0,28.0,309.4,0F
[2182143]	$DSM04,132511,+51.46516,+22.61049,324.0,27.0,309.4,6F
[2183000]	$DSM00,132514,+51.43632,+22.58347,7808.0,113.0,150.5,0F
[2184107]	$DSM03,132512,+51.46532,+22.61014,318.0,28.0,303.7,0F
[2184143]	$DSM04,132512,+51.46529,+22.61016,324.0,27.0,305.2,6F
[2185000]	$DSM00,132516,+51.43459,+22.58519,7808.0,112.0,146.2,0F
[2186107]	$DSM03,132514,+51.46555,+22.60944,320.0,27.0,292.5,0F
[2186143]	$DSM04,132514,+51.46553,+22.60944,324.0,28.0,293.9,6F
[2187000]	$DSM00,132517,+51.43376,+22.58613,7808.0,112.0,144.8,0F
[2188107]	$DSM03,132515,+51.46563,+22.60905,320.0,27.0,285.5,0F
[2188143]	$DSM04,132515,+51.46560,+22.60905,322.0,28.0,286.9,6F
[2189000]	$DSM00,132518,+51.43295,+22.58710,7808.0,112.0,142.0,0F
[2189107]	$DSM03,132518,+51.46567,+22.60789,320.0,26.0,264.4,0F
[2189143]	$DSM04,132518,+51.46566,+22.60789,320.0,26.0,268.6,6F
[2190000]	$DSM00,132521,+51.43067,+22.59023,7808.0,110.0,136.4,0F
[2191107]	$DSM03,132519,+51.46564,+22.60750,320.0,26.0,258.7,0F
[2191143]	$DSM04,132519,+51.46563,+22.60750,318.0,26.0,261.6,6F
[2192000]	$DSM00,132522,+51.42996,+22.59137,7808.0,110.0,135.0,0F
[2193107]	$DSM03,132521,+51.46548,+22.60680,318.0,26.0,246.1,0F
[2193143]	$DSM04,132521,+51.46545,+22.60678,316.0,25.0,248.9,6F
[2194000]	$DSM00,132523,+51.42928,+22.59250,7808.0,109.0,133.6,0F
[2195107]	$DSM03,132522,+51.46536,+22.60645,318.0,26.0,239.1,0F
[2195143]	$DSM04,132522,+51.46535,+22.60645,318.0,26.0,243.3,6F
[2196000]	$DSM00,132525,+51.42800,+22.59491,7808.0,109.0,129.4,0F
[2197107]	$DSM03,132523,+51.46522,+22.60613,318.0,26.0,234.8,0F
[2198000]	$DSM00,132527,+51.42683,+22.59740,7808.0,108.0,125.2,0F
[2199107]	$DSM03,132526,+51.46469,+22.60536,316.0,27.0,213.7,0F
[2199143]	$DSM04,132526,+51.46468,+22.60534,320.0,26.0,215.2,6F
[2200000]	$DSM00,132529,+51.42578,+22.60002,7808.0,107.0,120.9,0F
[2201107]	$DSM03,132528,+51.46425,+22.60500,318.0,27.0,201.1,0F
[2201143]	$DSM04,132528,+51.46421,+22.60497,320.0,28.0,202.5,6F
[2202000]	$DSM00,132531,+51.42486,+22.60270,7806.0,105.0,116.7,0F
[2202107]	$DSM03,132531,+51.46352,+22.60476,318.0,28.0,182.8,0F
[2202143]	$DSM04,132531,+51.46346,+22.60472,320.0,28.0,184.2,6F
[2203000]	$DSM00,132534,+51.42372,+22.60684,7806.0,104.0,111.1,0F
[2203107]	$DSM03,132534,+51.46274,+22.60489,318.0,28.0,165.9,0F
[2203143]	$DSM04,132534,+51.46271,+22.60484,322.0,28.0,165.9,6F
[2204000]	$DSM00,132537,+51.42287,+22.61107,7804.0,102.0,105.5,0F
[2205107]	$DSM03,132535,+51.46249,+22.60502,316.0,28.0,160.3,0F
[2205143]	$DSM04,132535,+51.46246,+22.60497,322.0,29.0,160.3,6F
[2206107]	$DSM03,132536,+51.46224,+22.60517,316.0,29.0,157.5,0F
[2206143]	$DSM04,132536,+51.46221,+22.60514,320.0,29.0,157.5,6F
[2207000]	$DSM00,132540,+51.42232,+22.61536,7802.0,100.0,98.4,0F
[2208107]	$DSM03,132538,+51.46176,+22.60553,316.0,29.0,157.5,0F
[2208143]	$DSM04,132538,+51.46174,+22.60551,320.0,29.0,156.1,6F
[2209000]	$DSM00,132542,+51.42212,+22.61819,7802.0,99.0,94.2,0F
[2210107]	$DSM03,132540,+51.46125,+22.60590,314.0,31.0,156.1,0F
[2210143]	$DSM04,132540,+51.46123,+22.60588,320.0,32.0,156.1,6F
[2211107]	$DSM03,132542,+51.46071,+22.60630,314.0,34.0,153.3,0F
[2211143]	$DSM04,132542,+51.46067,+22.60630,322.0,34.0,153.3,6F
[2212000]	$DSM00,132545,+51.42209,+22.62242,7800.0,97.0,88.6,0F
[2213107]	$DSM03,132543,+51.46042,+22.60654,314.0,36.0,151.9,0F
[2214000]	$DSM00,132546,+51.42214,+22.62381,7800.0,96.0,85.8,0F
[2215107]	$DSM03,132544,+51.46013,+22.60682,316.0,37.0,150.5,0F
[2216143]	$DSM04,132545,+51.45982,+22.60710,326.0,38.0,149.1,6F
[2217000]	$DSM00,132548,+51.42235,+22.62654,7798.0,95.0,81.6,0F
[2218107]	$DSM03,132546,+51.45954,+22.60740,316.0,39.0,146.2,0F
[2218143]	$DSM04,132546,+51.45953,+22.60740,326.0,38.0,149.1,6F
[2219000]	$DSM00,132549,+51.42251,+22.62787,7798.0,94.0,78.7,0F
[2219107]	$DSM03,132549,+51.45868,+22.60841,318.0,40.0,140.6,0F
[2219143]	$DSM04,132549,+51.45866,+22.60841,322.0,40.0,142.0,6F
[2220000]	$DSM00,132552,+51.42317,+22.63175,7798.0,92.0,71.7,0F
[2221107]	$DSM03,132553,+51.45767,+22.61004,318.0,40.0,130.8,0F
[2221143]	$DSM04,132553,+51.45764,+22.61006,320.0,40.0,130.8,6F
[2222000]	$DSM00,132554,+51.42377,+22.63420,7798.0,90.0,67.5,0F
[2222107]	$DSM03,132554,+51.45743,+22.61051,318.0,40.0,128.0,0F
[2222143]	$DSM04,132554,+51.45742,+22.61051,320.0,40.0,128.0,6F
[2223000]	$DSM00,132557,+51.42488,+22.63765,7798.0,89.0,59.1,0F
[2224107]	$DSM03,132555,+51.45721,+22.61096,316.0,40.0,125.2,0F
[2224143]	$DSM04,132555,+51.45721,+22.61098,318.0,40.0,125.2,6F
[2225000]	$DSM00,132558,+51.42531,+22.63872,7798.0,88.0,57.7,0F
[2226107]	$DSM03,132556,+51.45702,+22.61143,316.0,40.0,122.3,0F
[2226143]	$DSM04,132556,+51.45701,+22.61148,316.0,40.0,122.3,6F
[2227107]	$DSM03,132558,+51.45668,+22.61244,314.0,39.0,116.7,0F
[2227143]	$DSM04,132558,+51.45667,+22.61246,314.0,39.0,116.7,6F
[2228107]	$DSM03,132559,+51.45652,+22.61296,312.0,39.0,113.9,0F
[2228143]	$DSM04,132559,+51.45652,+22.61300,312.0,40.0,113.9,6F
[2229000]	$DSM00,132602,+51.42724,+22.64265,7796.0,86.0,47.8,0F
[2230107]	$DSM03,132601,+51.45625,+22.61403,310.0,40.0,113.9,0F
[2230143]	$DSM04,132601,+51.45624,+22.61407,310.0,41.0,113.9,6F
[2231143]	$DSM04,132602,+51.45610,+22.61461,308.0,41.0,115.3,6F
[2232000]	$DSM00,132605,+51.42892,+22.64516,7796.0,84.0,39.4,0F
[2232107]	$DSM03,132605,+51.45563,+22.61617,306.0,40.0,115.3,0F
[2232143]	$DSM04,132605,+51.45563,+22.61622,304.0,41.0,115.3,6F
[2233000]	$DSM00,132607,+51.43013,+22.64660,7796.0,83.0,35.2,0F
[2233143]	$DSM04,132607,+51.45532,+22.61729,304.0,41.0,115.3,6F
[2234000]	$DSM00,132608,+51.43274,+22.64888,7794.0,81.0,23.9,0F
[2234107]	$DSM03,132608,+51.45516,+22.61776,306.0,40.0,115.3,0F
[2235107]	$DSM03,132609,+51.45501,+22.61830,306.0,41.0,113.9,0F
[2236000]	$DSM00,132610,+51.43411,+22.64971,7794.0,81.0,18.3,0F
[2236143]	$DSM04,132610,+51.45487,+22.61890,302.0,40.0,112.5,6F
[2237107]	$DSM03,132611,+51.45473,+22.61939,304.0,40.0,109.7,0F
[2237143]	$DSM04,132611,+51.45473,+22.61944,302.0,40.0,109.7,6F
[2238000]	$DSM00,132612,+51.43551,+22.65031,7794.0,80.0,12.7,0F
[2239000]	$DSM00,132613,+51.43622,+22.65055,7792.0,80.0,11.2,0F
[2239107]	$DSM03,132613,+51.45456,+22.62051,304.0,40.0,99.8,0F
[2239143]	$DSM04,132613,+51.45454,+22.62053,304.0,40.0,102.7,6F
[2240000]	$DSM00,132614,+51.43692,+22.65072,7792.0,80.0,8.4,0F
[2240107]	$DSM03,132614,+51.45451,+22.62109,306.0,40.0,95.6,0F
[2240143]	$DSM04,132614,+51.45449,+22.62109,304.0,40.0,97.0,6F
[2241000]	$DSM00,132616,+51.43836,+22.65094,7792.0,79.0,2.8,0F
[2241107]	$DSM03,132616,+51.45451,+22.62225,308.0,39.0,85.8,0F
[2241143]	$DSM04,132616,+51.45450,+22.62222,304.0,39.0,85.8,6F
[2242000]	$DSM00,132617,+51.43908,+22.65096,7792.0,79.0,0.0,0F
[2242107]	$DSM03,132617,+51.45456,+22.62280,308.0,39.0,80.2,0F
[2242143]	$DSM04,132617,+51.45456,+22.62280,304.0,39.0,81.6,6F
[2243107]	$DSM03,132618,+51.45464,+22.62334,310.0,39.0,75.9,0F
[2243143]	$DSM04,132618,+51.45463,+22.62336,306.0,40.0,77.3,6F
[2244000]	$DSM00,132619,+51.44052,+22.65085,7792.0,79.0,355.8,0F
[2245000]	$DSM00,132620,+51.44123,+22.65072,7792.0,79.0,353.0,0F
[2245107]	$DSM03,132620,+51.45488,+22.62441,310.0,39.0,66.1,0F
[2245143]	$DSM04,132620,+51.45482,+22.62448,310.0,39.0,73.1,6F
[2246000]	$DSM00,132621,+51.44195,+22.65057,7792.0,79.0,351.6,0F
[2246107]	$DSM03,132621,+51.45504,+22.62491,312.0,39.0,60.5,0F
[2247107]	$DSM03,132622,+51.45524,+22.62540,314.0,39.0,56.2,0F
[2248000]	$DSM00,132623,+51.44336,+22.65018,7792.0,79.0,350.2,0F
[2248143]	$DSM04,132623,+51.45536,+22.62592,314.0,38.0,56.2,6F
[2249000]	$DSM00,132624,+51.44406,+22.64997,7790.0,79.0,348.7,0F
[2249107]	$DSM03,132624,+51.45570,+22.62624,318.0,38.0,46.4,0F
[2249143]	$DSM04,132624,+51.45560,+22.62632,314.0,38.0,49.2,6F
[2250000]	$DSM00,132626,+51.44548,+22.64950,7792.0,79.0,348.7,0F
[2250107]	$DSM03,132626,+51.45624,+22.62694,320.0,38.0,36.6,0F
[2250143]	$DSM04,132626,+51.45619,+22.62699,314.0,38.0,36.6,6F
[2251000]	$DSM00,132627,+51.44617,+22.64924,7792.0,79.0,348.7,0F
[2251107]	$DSM03,132627,+51.45654,+22.62724,320.0,38.0,32.3,0F
[2251143]	$DSM04,132627,+51.45649,+22.62727,312.0,39.0,32.3,6F
[2252143]	$DSM04,132628,+51.45682,+22.62750,312.0,39.0,28.1,6F
[2253000]	$DSM00,132629,+51.44758,+22.64875,7792.0,79.0,348.7,0F
[2253107]	$DSM03,132629,+51.45716,+22.62774,320.0,38.0,25.3,0F
[2254000]	$DSM00,132630,+51.44828,+22.64851,7792.0,79.0,348.7,0F
[2254107]	$DSM03,132630,+51.45748,+22.62796,320.0,38.0,22.5,0F
[2254143]	$DSM04,132630,+51.45747,+22.62796,312.0,39.0,22.5,6F
[2255143]	$DSM04,132631,+51.45781,+22.62812,310.0,39.0,19.7,6F
[2256000]	$DSM00,132632,+51.44968,+22.64804,7794.0,79.0,348.7,0F
[2257000]	$DSM00,132633,+51.45039,+22.64780,7794.0,79.0,348.7,0F
[2257107]	$DSM03,132633,+51.45848,+22.62847,320.0,39.0,15.5,0F
[2257143]	$DSM04,132633,+51.45850,+22.62845,312.0,39.0,15.5,6F
[2258000]	$DSM00,132634,+51.45109,+22.64759,7794.0,79.0,348.7,0F
[2258107]	$DSM03,132634,+51.45882,+22.62860,320.0,39.0,14.1,0F
[2258143]	$DSM04,132634,+51.45885,+22.62858,312.0,39.0,14.1,6F
[2259000]	$DSM00,132636,+51.45251,+22.64714,7794.0,79.0,348.7,0F
[2259107]	$DSM03,132636,+51.45953,+22.62881,320.0,40.0,9.8,0F
[2259143]	$DSM04,132636,+51.45956,+22.62879,312.0,40.0,9.8,6F
[2260000]	$DSM00,132637,+51.45320,+22.64692,7794.0,80.0,348.7,0F
[2260107]	$DSM03,132637,+51.45990,+22.62890,320.0,40.0,7.0,0F
[2260143]	$DSM04,132637,+51.45992,+22.62886,312.0,40.0,7.0,6F
[2261000]	$DSM00,132639,+51.45462,+22.64649,7794.0,80.0,350.2,0F
[2261107]	$DSM03,132639,+51.46063,+22.62896,322.0,40.0,2.8,0F
[2261143]	$DSM04,132639,+51.46063,+22.62896,314.0,40.0,2.8,6F
[2262000]	$DSM00,132640,+51.45532,+22.64628,7794.0,80.0,350.2,0F
[2262107]	$DSM03,132640,+51.46099,+22.62898,324.0,40.0,1.4,0F
[2262143]	$DSM04,132640,+51.46100,+22.62898,316.0,41.0,1.4,6F
[2263143]	$DSM04,132641,+51.46138,+22.62896,318.0,40.0,358.6,6F
[2264000]	$DSM00,132642,+51.45674,+22.64585,7794.0,80.0,350.2,0F
[2265000]	$DSM00,132643,+51.45745,+22.64564,7794.0,80.0,350.2,0F
[2265143]	$DSM04,132643,+51.46209,+22.62890,320.0,40.0,355.8,6F
[2266000]	$DSM00,132644,+51.45816,+22.64544,7794.0,80.0,350.2,0F
[2267000]	$DSM00,132646,+51.45957,+22.64501,7792.0,80.0,348.7,0F
[2267107]	$DSM03,132646,+51.46314,+22.62870,326.0,39.0,353.0,0F
[2267143]	$DSM04,132646,+51.46316,+22.62870,324.0,39.0,353.0,6F
[2268000]	$DSM00,132647,+51.46028,+22.64478,7792.0,80.0,348.7,0F
[2268143]	$DSM04,132647,+51.46352,+22.62862,326.0,39.0,353.0,6F
[2269000]	$DSM00,132649,+51.46170,+22.64435,7792.0,80.0,348.7,0F
[2269143]	$DSM04,132649,+51.46421,+22.62845,326.0,39.0,350.2,6F
[2270000]	$DSM00,132650,+51.46242,+22.64413,7792.0,80.0,348.7,0F
[2270143]	$DSM04,132650,+51.46456,+22.62832,328.0,39.0,348.7,6F
[2271000]	$DSM00,132651,+51.46312,+22.64390,7792.0,80.0,348.7,0F
[2272143]	$DSM04,132652,+51.46525,+22.62806,332.0,39.0,345.9,6F
[2273000]	$DSM00,132653,+51.46456,+22.64345,7792.0,81.0,348.7,0F
[2273036]	$DSM01,132653,+51.46223,+22.60802,198.0,0.0,0.0,0F
[2274000]	$DSM00,132654,+51.46526,+22.64321,7792.0,81.0,348.7,0F
[2274143]	$DSM04,132654,+51.46592,+22.62776,334.0,39.0,343.1,6F
[2274536]	$DSM0F,132654,+51.46217,+22.60757,156.0,2.0,12.7,0F
[2275536]	$DSM0F,132655,+51.46218,+22.60757,156.0,2.0,7.0,0F
[2276000]	$DSM00,132656,+51.46668,+22.64276,7792.0,81.0,348.7,0F
[2277000]	$DSM00,132657,+51.46740,+22.64252,7792.0,81.0,348.7,0F
[2277536]	$DSM0F,132657,+51.46221,+22.60757,156.0,2.0,357.2,0F
[2278107]	$DSM03,132658,+51.46723,+22.62705,338.0,38.0,338.9,0F
[2278536]	$DSM0F,132658,+51.46223,+22.60757,156.0,1.0,0.0,0F
[2279000]	$DSM00,132659,+51.46882,+22.64205,7792.0,81.0,348.7,0F
[2279107]	$DSM03,132659,+51.46753,+22.62684,340.0,38.0,337.5,0F
[2279143]	$DSM04,132659,+51.46753,+22.62680,338.0,37.0,336.1,6F
[2280536]	$DSM0F,132700,+51.46224,+22.60757,156.0,2.0,357.2,0F
[2281000]	$DSM00,132701,+51.47025,+22.64156,7792.0,81.0,348.7,0F
[2281143]	$DSM04,132701,+51.46816,+22.62634,340.0,38.0,333.3,6F
[2281536]	$DSM0F,132701,+51.46226,+22.60757,156.0,1.0,358.6,0F
[2282143]	$DSM04,132702,+51.46846,+22.62609,342.0,39.0,331.9,6F
[2282536]	$DSM0F,132702,+51.46226,+22.60757,156.0,1.0,355.8,0F
[2283000]	$DSM00,132703,+51.47168,+22.64109,7792.0,81.0,348.7,0F
[2283107]	$DSM03,132703,+51.46878,+22.62581,344.0,38.0,329.1,0F
[2284000]	$DSM00,132704,+51.47240,+22.64085,7792.0,81.0,348.7,0F
[2284536]	$DSM0F,132704,+51.46226,+22.60757,154.0,0.0,0.0,0F
[2285000]	$DSM00,132706,+51.47382,+22.64036,7792.0,81.0,348.7,0F
[2285107]	$DSM03,132706,+51.46962,+22.62486,348.0,37.0,323.4,0F
[2286000]	$DSM00,132707,+51.47453,+22.64012,7792.0,81.0,348.7,0F
[2286107]	$DSM03,132707,+51.46988,+22.62454,348.0,38.0,322.0,0F
[2286143]	$DSM04,132707,+51.46988,+22.62454,348.0,37.0,322.0,6F
[2287000]	$DSM00,132709,+51.47597,+22.63963,7792.0,81.0,348.7,0F
[2287107]	$DSM03,132709,+51.47040,+22.62384,348.0,37.0,319.2,0F
[2288000]	$DSM00,132710,+51.47668,+22.63937,7792.0,81.0,347.3,0F
[2289000]	$DSM00,132712,+51.47812,+22.63888,7792.0,82.0,347.3,0F
[2289107]	$DSM03,132712,+51.47111,+22.62272,350.0,37.0,313.6,0F
[2289143]	$DSM04,132712,+51.47108,+22.62274,350.0,38.0,313.6,6F
[2290000]	$DSM00,132713,+51.47884,+22.63864,7792.0,82.0,347.3,0F
[2290107]	$DSM03,132713,+51.47133,+22.62233,350.0,37.0,312.2,0F
[2290143]	$DSM04,132713,+51.47131,+22.62233,350.0,38.0,312.2,6F
[2291000]	$DSM00,132715,+51.48028,+22.63812,7792.0,82.0,347.3,0F
[2291107]	$DSM03,132715,+51.47175,+22.62147,354.0,38.0,305.2,0F
[2291143]	$DSM04,132715,+51.47174,+22.62147,352.0,37.0,306.6,6F
[2292143]	$DSM04,132716,+51.47192,+22.62102,352.0,37.0,302.3,6F
[2293000]	$DSM00,132717,+51.48171,+22.63757,7792.0,82.0,345.9,0F
[2294000]	$DSM00,132718,+51.48242,+22.63727,7792.0,82.0,344.5,0F
[2294107]	$DSM03,132718,+51.47228,+22.62006,362.0,38.0,296.7,0F
[2294143]	$DSM04,132718,+51.47224,+22.62008,354.0,37.0,296.7,6F
[2295107]	$DSM03,132719,+51.47243,+22.61956,364.0,38.0,293.9,0F
[2295143]	$DSM04,132719,+51.47239,+22.61958,356.0,38.0,293.9,6F
[2296000]	$DSM00,132720,+51.48384,+22.63654,7792.0,82.0,340.3,0F
[2297000]	$DSM00,132721,+51.48452,+22.63611,7790.0,82.0,337.5,0F
[2297107]	$DSM03,132721,+51.47266,+22.61854,368.0,38.0,289.7,0F
[2297143]	$DSM04,132721,+51.47263,+22.61860,358.0,37.0,291.1,6F
[2298143]	$DSM04,132722,+51.47274,+22.61810,360.0,37.0,291.1,6F
[2299000]	$DSM00,132723,+51.48586,+22.63508,7790.0,83.0,331.9,0F
[2300000]	$DSM00,132724,+51.48651,+22.63448,7788.0,83.0,327.7,0F
[2300107]	$DSM03,132724,+51.47297,+22.61699,372.0,37.0,286.9,0F
[2300143]	$DSM04,132724,+51.47294,+22.61708,364.0,37.0,286.9,6F
[2301107]	$DSM03,132725,+51.47306,+22.61648,374.0,37.0,286.9,0F
[2301143]	$DSM04,132725,+51.47303,+22.61656,366.0,37.0,286.9,6F
[2302000]	$DSM00,132726,+51.48774,+22.63308,7788.0,84.0,322.0,0F
[2303000]	$DSM00,132727,+51.48832,+22.63229,7788.0,85.0,317.8,0F
[2303107]	$DSM03,132727,+51.47324,+22.61542,376.0,37.0,284.1,0F
[2303143]	$DSM04,132727,+51.47321,+22.61551,368.0,37.0,284.1,6F
[2304000]	$DSM00,132728,+51.48888,+22.63145,7788.0,85.0,315.0,0F
[2304143]	$DSM04,132728,+51.47330,+22.61497,368.0,38.0,282.7,6F
[2305000]	$DSM00,132730,+51.48991,+22.62961,7788.0,86.0,309.4,0F
[2305107]	$DSM03,132730,+51.47343,+22.61381,378.0,38.0,279.8,0F
[2305143]	$DSM04,132730,+51.47343,+22.61390,370.0,38.0,279.8,6F
[2306000]	$DSM00,132731,+51.49038,+22.62862,7788.0,87.0,306.6,0F
[2306143]	$DSM04,132731,+51.47347,+22.61336,368.0,38.0,278.4,6F
[2307000]	$DSM00,132733,+51.49123,+22.62647,7788.0,88.0,299.5,0F
[2307107]	$DSM03,132733,+51.47353,+22.61216,384.0,39.0,274.2,0F
[2308000]	$DSM00,132734,+51.49160,+22.62536,7788.0,89.0,296.7,0F
[2309000]	$DSM00,132736,+51.49225,+22.62300,7790.0,90.0,291.1,0F
[2309107]	$DSM03,132736,+51.47351,+22.61047,390.0,39.0,265.8,0F
[2309143]	$DSM04,132736,+51.47352,+22.61057,378.0,38.0,267.2,6F
[2310000]	$DSM00,132737,+51.49252,+22.62178,7790.0,90.0,288.3,0F
[2310107]	$DSM03,132737,+51.47348,+22.60991,392.0,38.0,263.0,0F
[2310143]	$DSM04,132737,+51.47348,+22.61002,380.0,38.0,263.0,6F
[2311000]	$DSM00,132739,+51.49296,+22.61922,7792.0,92.0,282.7,0F
[2311107]	$DSM03,132739,+51.47334,+22.60881,394.0,38.0,257.3,0F
[2311143]	$DSM04,132739,+51.47335,+22.60894,384.0,37.0,257.3,6F
[2312000]	$DSM00,132740,+51.49312,+22.61791,7792.0,92.0,279.8,0F
[2312107]	$DSM03,132740,+51.47325,+22.60828,396.0,38.0,255.9,0F
[2312143]	$DSM04,132740,+51.47328,+22.60841,384.0,38.0,255.9,6F
[2313107]	$DSM03,132741,+51.47317,+22.60774,396.0,38.0,255.9,0F
[2313143]	$DSM04,132741,+51.47319,+22.60787,386.0,38.0,255.9,6F
[2314000]	$DSM00,132742,+51.49334,+22.61525,7794.0,94.0,274.2,0F
[2315000]	$DSM00,132743,+51.49338,+22.61388,7794.0,94.0,272.8,0F
[2315107]	$DSM03,132743,+51.47300,+22.60669,396.0,38.0,257.3,0F
[2315143]	$DSM04,132743,+51.47303,+22.60680,388.0,38.0,257.3,6F
[2316000]	$DSM00,132745,+51.49336,+22.61113,7794.0,96.0,267.2,0F
[2316107]	$DSM03,132745,+51.47284,+22.60562,396.0,38.0,257.3,0F
[2316143]	$DSM04,132745,+51.47287,+22.60572,390.0,38.0,257.3,6F
[2317000]	$DSM00,132746,+51.49328,+22.60974,7794.0,97.0,264.4,0F
[2317107]	$DSM03,132746,+51.47276,+22.60510,396.0,38.0,254.5,0F
[2317143]	$DSM04,132746,+51.47277,+22.60519,390.0,38.0,254.5,6F
[2318000]	$DSM00,132747,+51.49318,+22.60834,7794.0,97.0,261.6,0F
[2318107]	$DSM03,132747,+51.47265,+22.60459,396.0,38.0,248.9,0F
[2318143]	$DSM04,132747,+51.47266,+22.60465,392.0,39.0,250.3,6F
[2319143]	$DSM04,132748,+51.47250,+22.60414,392.0,38.0,243.3,6F
[2320000]	$DSM00,132749,+51.49284,+22.60555,7794.0,99.0,257.3,0F
[2320107]	$DSM03,132749,+51.47229,+22.60364,396.0,39.0,230.6,0F
[2321000]	$DSM00,132750,+51.49263,+22.60416,7796.0,100.0,254.5,0F
[2321143]	$DSM04,132750,+51.47205,+22.60328,390.0,39.0,222.2,6F
[2322143]	$DSM04,132751,+51.47175,+22.60298,394.0,39.0,213.7,6F
[2323000]	$DSM00,132752,+51.49206,+22.60139,7796.0,101.0,250.3,0F
[2323107]	$DSM03,132752,+51.47144,+22.60266,402.0,39.0,205.3,0F
[2324000]	$DSM00,132753,+51.49173,+22.60002,7796.0,102.0,247.5,0F
[2324107]	$DSM03,132753,+51.47111,+22.60244,404.0,40.0,202.5,0F
[2324143]	$DSM04,132753,+51.47108,+22.60248,398.0,39.0,202.5,6F
[2325143]	$DSM04,132754,+51.47074,+22.60229,398.0,40.0,199.7,6F
[2326000]	$DSM00,132755,+51.49093,+22.59733,7798.0,103.0,243.3,0F
[2326107]	$DSM03,132755,+51.47042,+22.60206,406.0,40.0,199.7,0F
[2327000]	$DSM00,132756,+51.49049,+22.59602,7798.0,104.0,240.5,0F
[2327107]	$DSM03,132756,+51.47007,+22.60184,406.0,41.0,201.1,0F
[2327143]	$DSM04,132756,+51.47004,+22.60190,400.0,41.0,201.1,6F
[2328107]	$DSM03,132757,+51.46972,+22.60162,406.0,41.0,203.9,0F
[2328143]	$DSM04,132757,+51.46970,+22.60169,400.0,42.0,202.5,6F
[2329000]	$DSM00,132758,+51.48951,+22.59345,7800.0,105.0,236.2,0F
[2329107]	$DSM03,132758,+51.46938,+22.60139,406.0,41.0,206.7,0F
[2330000]	$DSM00,132759,+51.48898,+22.59218,7800.0,105.0,234.8,0F
[2330143]	$DSM04,132759,+51.46902,+22.60118,400.0,42.0,208.1,6F
[2331000]	$DSM00,132700,+51.48840,+22.59096,7800.0,106.0,232.0,0F
[2331143]	$DSM04,132700,+51.46868,+22.60088,402.0,42.0,209.5,6F
[2332000]	$DSM00,132802,+51.48719,+22.58858,7800.0,107.0,229.2,0F
[2332143]	$DSM04,132802,+51.46804,+22.60027,406.0,42.0,210.9,6F
[2333000]	$DSM00,132803,+51.48654,+22.58742,7802.0,107.0,226.4,0F
[2333143]	$DSM04,132803,+51.46772,+22.59995,408.0,42.0,212.3,6F
[2334000]	$DSM00,132805,+51.48516,+22.58521,7802.0,108.0,223.6,0F
[2334143]	$DSM04,132805,+51.46708,+22.59922,406.0,44.0,215.2,6F
[2335000]	$DSM00,132806,+51.48442,+22.58416,7802.0,109.0,220.8,0F
[2335143]	$DSM04,132806,+51.46676,+22.59884,406.0,45.0,216.6,6F
[2336143]	$DSM04,132807,+51.46643,+22.59845,406.0,45.0,216.6,6F
[2337000]	$DSM00,132808,+51.48289,+22.58216,7802.0,110.0,218.0,0F
[2338000]	$DSM00,132809,+51.48208,+22.58124,7802.0,110.0,215.2,0F
[2338143]	$DSM04,132809,+51.46577,+22.59768,402.0,45.0,216.6,6F
[2339000]	$DSM00,132810,+51.48127,+22.58032,7802.0,110.0,213.7,0F
[2339143]	$DSM04,132810,+51.46545,+22.59727,402.0,45.0,216.6,6F
[2340143]	$DSM04,132812,+51.46479,+22.59648,404.0,45.0,216.6,6F
[2341143]	$DSM04,132815,+51.46378,+22.59530,402.0,46.0,216.6,6F
[2342000]	$DSM00,132816,+51.47592,+22.57579,7802.0,113.0,202.5,0F
[2342143]	$DSM04,132816,+51.46344,+22.59491,402.0,46.0,216.6,6F
[2343000]	$DSM00,132818,+51.47401,+22.57463,7798.0,114.0,199.7,0F
[2343143]	$DSM04,132818,+51.46276,+22.59412,400.0,46.0,215.2,6F
[2344000]	$DSM00,132819,+51.47303,+22.57410,7796.0,114.0,198.3,0F
[2345000]	$DSM00,132827,+51.46480,+22.57146,7742.0,118.0,185.6,0F
[2346000]	$DSM00,132828,+51.46372,+22.57133,7734.0,119.0,184.2,0F
[2346143]	$DSM04,132828,+51.45932,+22.59014,394.0,46.0,218.0,6F
[2347000]	$DSM00,132829,+51.46265,+22.57126,7726.0,119.0,181.4,0F
[2347143]	$DSM04,132829,+51.45899,+22.58972,394.0,47.0,218.0,6F
[2348000]	$DSM00,132831,+51.46048,+22.57128,7708.0,120.0,178.6,0F
[2348143]	$DSM04,132831,+51.45832,+22.58890,392.0,47.0,216.6,6F
[2349000]	$DSM00,132846,+51.44412,+22.57568,7568.0,123.0,167.3,0F
[2349143]	$DSM04,132846,+51.45312,+22.58274,400.0,51.0,216.6,6F
[2350000]	$DSM00,132847,+51.44303,+22.57607,7558.0,123.0,167.3,0F
[2351000]	$DSM00,132849,+51.44086,+22.57697,7538.0,124.0,164.5,0F
[2351143]	$DSM04,132849,+51.45204,+22.58141,402.0,51.0,219.4,6F
[2352000]	$DSM00,132850,+51.43979,+22.57748,7528.0,124.0,163.1,0F
[2352143]	$DSM04,132850,+51.45167,+22.58092,404.0,51.0,220.8,6F
[2353000]	$DSM00,132852,+51.43768,+22.57869,7508.0,124.0,158.9,0F
[2353143]	$DSM04,132852,+51.45096,+22.58000,408.0,51.0,219.4,6F
[2354000]	$DSM00,132853,+51.43666,+22.57937,7498.0,124.0,156.1,0F
[2354143]	$DSM04,132853,+51.45060,+22.57952,408.0,51.0,218.0,6F
[2355000]	$DSM00,132854,+51.43564,+22.58012,7488.0,123.0,154.7,0F
[2355143]	$DSM04,132854,+51.45023,+22.57910,410.0,51.0,215.2,6F
[2356000]	$DSM00,132856,+51.43367,+22.58178,7468.0,123.0,150.5,0F
[2357000]	$DSM00,132857,+51.43271,+22.58270,7460.0,123.0,149.1,0F
[2358000]	$DSM00,132901,+51.42914,+22.58688,7424.0,122.0,140.6,0F
[2359000]	$DSM00,132902,+51.42830,+22.58806,7414.0,122.0,137.8,0F
[2359143]	$DSM04,132902,+51.44692,+22.57603,420.0,55.0,205.3,6F
[2360143]	$DSM04,132903,+51.44648,+22.57568,418.0,55.0,205.3,6F
[2361000]	$DSM00,132904,+51.42673,+22.59053,7396.0,121.0,133.6,0F
[2362000]	$DSM00,132905,+51.42600,+22.59182,7388.0,121.0,132.2,0F
[2362143]	$DSM04,132905,+51.44559,+22.57500,418.0,56.0,206.7,6F
[2363000]	$DSM00,132907,+51.42464,+22.59452,7370.0,120.0,128.0,0F
[2363143]	$DSM04,132907,+51.44469,+22.57427,418.0,55.0,206.7,6F
[2364143]	$DSM04,132908,+51.44425,+22.57390,418.0,54.0,206.7,6F
[2365000]	$DSM00,132909,+51.42340,+22.59738,7354.0,119.0,122.3,0F
[2366143]	$DSM04,132910,+51.44337,+22.57324,420.0,54.0,206.7,6F
[2367000]	$DSM00,132911,+51.42232,+22.60032,7336.0,118.0,118.1,0F
[2368000]	$DSM00,132912,+51.42184,+22.60184,7328.0,118.0,116.7,0F
[2368143]	$DSM04,132912,+51.44251,+22.57253,418.0,55.0,208.1,6F
[2369143]	$DSM04,132913,+51.44205,+22.57214,418.0,55.0,208.1,6F
[2370000]	$DSM00,132914,+51.42098,+22.60493,7310.0,117.0,112.5,0F
[2371000]	$DSM00,132915,+51.42060,+22.60650,7302.0,116.0,109.7,0F
[2371143]	$DSM04,132915,+51.44119,+22.57139,414.0,56.0,208.1,6F
[2372000]	$DSM00,132918,+51.41974,+22.61128,7276.0,115.0,102.7,0F
[2372143]	$DSM04,132918,+51.43987,+22.57023,414.0,55.0,209.5,6F
[2373000]	$DSM00,132921,+51.41924,+22.61615,7248.0,113.0,97.0,0F
[2373143]	$DSM04,132921,+51.43858,+22.56912,418.0,53.0,206.7,6F
[2374143]	$DSM04,132922,+51.43815,+22.56875,420.0,53.0,206.7,6F
[2375000]	$DSM00,132923,+51.41912,+22.61937,7230.0,112.0,91.4,0F
[2376000]	$DSM00,132925,+51.41917,+22.62259,7212.0,110.0,87.2,0F
[2376143]	$DSM04,132925,+51.43686,+22.56774,422.0,54.0,206.7,6F
[2377000]	$DSM00,132926,+51.41925,+22.62416,7204.0,110.0,84.4,0F
[2377143]	$DSM04,132926,+51.43642,+22.56740,422.0,54.0,206.7,6F
[2378143]	$DSM04,132927,+51.43600,+22.56704,422.0,54.0,206.7,6F
[2379000]	$DSM00,132928,+51.41953,+22.62729,7186.0,109.0,80.2,0F
[2380000]	$DSM00,132929,+51.41974,+22.62881,7176.0,108.0,77.3,0F
[2380143]	$DSM04,132929,+51.43513,+22.56633,420.0,54.0,208.1,6F
[2381000]	$DSM00,132931,+51.42027,+22.63182,7158.0,107.0,73.1,0F
[2381143]	$DSM04,132931,+51.43428,+22.56562,420.0,53.0,206.7,6F
[2382000]	$DSM00,132932,+51.42057,+22.63326,7150.0,106.0,70.3,0F
[2382143]	$DSM04,132932,+51.43386,+22.56528,418.0,52.0,206.7,6F
[2383143]	$DSM04,132933,+51.43343,+22.56493,418.0,53.0,206.7,6F
[2384000]	$DSM00,132934,+51.42132,+22.63606,7132.0,105.0,66.1,0F
[2384143]	$DSM04,132934,+51.43300,+22.56459,416.0,53.0,206.7,6F
[2385000]	$DSM00,132937,+51.42266,+22.64006,7104.0,103.0,59.1,0F
[2385143]	$DSM04,132937,+51.43172,+22.56356,412.0,52.0,206.7,6F
[2386000]	$DSM00,132938,+51.42315,+22.64132,7096.0,103.0,57.7,0F
[2387000]	$DSM00,132939,+51.42367,+22.64254,7088.0,103.0,56.2,0F
[2388000]	$DSM00,132941,+51.42472,+22.64499,7070.0,102.0,54.8,0F
[2388143]	$DSM04,132941,+51.43006,+22.56223,404.0,51.0,205.3,6F
[2389000]	$DSM00,132942,+51.42525,+22.64619,7062.0,102.0,54.8,0F
[2389143]	$DSM04,132942,+51.42965,+22.56193,404.0,50.0,205.3,6F
[2390000]	$DSM00,132943,+51.42581,+22.64737,7054.0,102.0,53.4,0F
[2391143]	$DSM04,132944,+51.42884,+22.56131,402.0,50.0,205.3,6F
[2392000]	$DSM00,132945,+51.42696,+22.64967,7036.0,101.0,50.6,0F
[2393000]	$DSM00,132948,+51.42883,+22.65282,7012.0,100.0,43.6,0F
[2393143]	$DSM04,132948,+51.42719,+22.56017,400.0,49.0,202.5,6F
[2394143]	$DSM04,132949,+51.42679,+22.55991,402.0,49.0,201.1,6F
[2395000]	$DSM00,132950,+51.43020,+22.65467,6992.0,99.0,38.0,0F
[2396000]	$DSM00,132951,+51.43091,+22.65550,6984.0,98.0,35.2,0F
[2396143]	$DSM04,132951,+51.42596,+22.55942,402.0,49.0,201.1,6F
[2397000]	$DSM00,132952,+51.43164,+22.65630,6974.0,98.0,32.3,0F
[2398000]	$DSM00,132955,+51.43397,+22.65827,6948.0,96.0,23.9,0F
[2398143]	$DSM04,132955,+51.42433,+22.55843,402.0,48.0,202.5,6F
[2399000]	$DSM00,132956,+51.43477,+22.65879,6940.0,96.0,21.1,0F
[2400000]	$DSM00,132958,+51.43641,+22.65967,6922.0,95.0,15.5,0F
[2400143]	$DSM04,132958,+51.42316,+22.55766,400.0,48.0,202.5,6F
[2401000]	$DSM00,133000,+51.43808,+22.66027,6904.0,95.0,9.8,0F
[2401143]	$DSM04,133000,+51.42236,+22.55712,398.0,48.0,202.5,6F
[2402000]	$DSM00,133002,+51.43978,+22.66061,6888.0,94.0,4.2,0F
[2402143]	$DSM04,133002,+51.42157,+22.55658,398.0,48.0,203.9,6F
[2403000]	$DSM00,133003,+51.44063,+22.66070,6878.0,94.0,2.8,0F
[2403143]	$DSM04,133003,+51.42118,+22.55631,400.0,48.0,203.9,6F
[2404000]	$DSM00,133005,+51.44231,+22.66064,6862.0,93.0,357.2,0F
[2404143]	$DSM04,133005,+51.42040,+22.55573,400.0,49.0,205.3,6F
[2405000]	$DSM00,133006,+51.44315,+22.66050,6852.0,93.0,354.4,0F
[2406143]	$DSM04,133007,+51.41960,+22.55515,400.0,48.0,203.9,6F
[2407000]	$DSM00,133008,+51.44481,+22.66006,6836.0,93.0,347.3,0F
[2408000]	$DSM00,133009,+51.44563,+22.65973,6828.0,93.0,344.5,0F
[2409143]	$DSM04,133014,+51.41683,+22.55311,404.0,49.0,205.3,6F
[2410000]	$DSM00,133016,+51.45094,+22.65574,6770.0,93.0,324.8,0F
[2411000]	$DSM00,133018,+51.45227,+22.65409,6754.0,94.0,320.6,0F
[2411036]	$DSM01,133018,+51.46221,+22.60802,198.0,0.0,0.0,0F
[2412143]	$DSM04,133021,+51.41405,+22.55094,408.0,49.0,205.3,6F
[2413000]	$DSM00,133022,+51.45465,+22.65018,6718.0,95.0,309.4,0F
[2414000]	$DSM00,133024,+51.45564,+22.64795,6702.0,95.0,303.7,0F
[2415000]	$DSM00,133025,+51.45610,+22.64679,6694.0,95.0,300.9,0F
[2416000]	$DSM00,133027,+51.45692,+22.64433,6676.0,96.0,295.3,0F
[2416036]	$DSM01,133027,+51.46221,+22.60802,196.0,0.0,0.0,0F
[2417000]	$DSM00,133030,+51.45787,+22.64042,6650.0,97.0,288.3,0F
[2418143]	$DSM04,133037,+51.40788,+22.54588,424.0,49.0,208.1,6F
[2419000]	$DSM00,133045,+51.45920,+22.61909,6530.0,99.0,271.4,0F
[2419143]	$DSM04,133045,+51.40480,+22.54326,430.0,49.0,206.7,6F
[2420036]	$DSM01,133052,+51.46221,+22.60800,196.0,0.0,0.0,0F
[2421000]	$DSM00,133107,+51.45555,+22.58832,6346.0,105.0,234.8,0F
[2422000]	$DSM00,133108,+51.45500,+22.58710,6338.0,105.0,233.4,0F
[2423000]	$DSM00,133109,+51.45440,+22.58592,6330.0,106.0,230.6,0F
[2423036]	$DSM01,133109,+51.46221,+22.60800,194.0,0.0,0.0,0F
[2424000]	$DSM00,133111,+51.45312,+22.58364,6314.0,107.0,225.0,0F
[2424143]	$DSM04,133111,+51.39436,+22.53365,416.0,53.0,213.7,6F
[2425143]	$DSM04,133112,+51.39396,+22.53322,414.0,53.0,213.7,6F
[2426000]	$DSM00,133113,+51.45169,+22.58152,6298.0,107.0,220.8,0F
[2427000]	$DSM00,133114,+51.45094,+22.58056,6290.0,108.0,218.0,0F
[2427036]	$DSM01,133114,+51.46221,+22.60800,192.0,0.0,0.0,0F
[2427143]	$DSM04,133114,+51.39316,+22.53240,412.0,53.0,213.7,6F
[2428000]	$DSM00,133115,+51.45016,+22.57961,6282.0,108.0,216.6,0F
[2429000]	$DSM00,133117,+51.44852,+22.57787,6266.0,109.0,210.9,0F
[2429143]	$DSM04,133117,+51.39200,+22.53116,416.0,52.0,213.7,6F
[2430036]	$DSM01,133118,+51.46220,+22.60800,192.0,0.0,0.0,0F
[2430143]	$DSM04,133118,+51.39160,+22.53075,416.0,52.0,213.7,6F
[2431143]	$DSM04,133120,+51.39086,+22.52998,420.0,51.0,213.7,6F
[2432000]	$DSM00,133121,+51.44500,+22.57508,6232.0,110.0,202.5,0F
[2432036]	$DSM01,133121,+51.46221,+22.60800,190.0,0.0,0.0,0F
[2433143]	$DSM04,133122,+51.39011,+22.52918,420.0,51.0,213.7,6F
[2434000]	$DSM00,133124,+51.44216,+22.57358,6208.0,111.0,195.5,0F
[2435000]	$DSM00,133125,+51.44119,+22.57320,6200.0,111.0,192.7,0F
[2435143]	$DSM04,133125,+51.38896,+22.52794,428.0,51.0,213.7,6F
[2436000]	$DSM00,133126,+51.44020,+22.57289,6192.0,111.0,189.8,0F
[2436036]	$DSM01,133126,+51.46221,+22.60800,188.0,0.0,0.0,0F
[2436143]	$DSM04,133126,+51.38860,+22.52753,430.0,51.0,213.7,6F
[2437000]	$DSM00,133128,+51.43821,+22.57244,6176.0,111.0,185.6,0F
[2437143]	$DSM04,133128,+51.38783,+22.52674,434.0,51.0,213.7,6F
[2438000]	$DSM00,133129,+51.43720,+22.57229,6168.0,111.0,184.2,0F
[2438036]	$DSM01,133129,+51.46221,+22.60802,188.0,0.0,0.0,0F
[2438143]	$DSM04,133129,+51.38744,+22.52635,436.0,51.0,212.3,6F
[2439000]	$DSM00,133131,+51.43519,+22.57214,6152.0,111.0,182.8,0F
[2439143]	$DSM04,133131,+51.38668,+22.52556,436.0,52.0,212.3,6F
[2440143]	$DSM04,133132,+51.38628,+22.52515,436.0,52.0,212.3,6F
[2441143]	$DSM04,133133,+51.38588,+22.52474,436.0,52.0,212.3,6F
[2442000]	$DSM00,133134,+51.43215,+22.57206,6130.0,111.0,180.0,0F
[2442036]	$DSM01,133134,+51.46221,+22.60802,186.0,0.0,0.0,0F
[2443000]	$DSM00,133137,+51.42914,+22.57208,6106.0,111.0,180.0,0F
[2443036]	$DSM01,133137,+51.46221,+22.60802,184.0,0.0,0.0,0F
[2443143]	$DSM04,133137,+51.38438,+22.52311,430.0,50.0,213.7,6F
[2444143]	$DSM04,133138,+51.38400,+22.52272,428.0,49.0,212.3,6F
[2445000]	$DSM00,133139,+51.42712,+22.57212,6090.0,111.0,180.0,0F
[2446000]	$DSM00,133141,+51.42512,+22.57216,6074.0,111.0,180.0,0F
[2446143]	$DSM04,133141,+51.38288,+22.52161,426.0,50.0,212.3,6F
[2447000]	$DSM00,133143,+51.42311,+22.57221,6058.0,111.0,180.0,0F
[2447036]	$DSM01,133143,+51.46221,+22.60804,182.0,0.0,0.0,0F
[2447143]	$DSM04,133143,+51.38212,+22.52086,422.0,50.0,212.3,6F
[2448000]	$DSM00,133145,+51.42111,+22.57225,6042.0,111.0,178.6,0F
[2448036]	$DSM01,133145,+51.46221,+22.60804,180.0,0.0,0.0,0F
[2449000]	$DSM00,133146,+51.42010,+22.57227,6034.0,111.0,178.6,0F
[2450143]	$DSM04,133147,+51.38065,+22.51936,416.0,48.0,210.9,6F
[2451000]	$DSM00,133149,+51.41711,+22.57242,6008.0,111.0,177.2,0F
[2451036]	$DSM01,133149,+51.46221,+22.60804,178.0,0.0,0.0,0F
[2452000]	$DSM00,133151,+51.41512,+22.57259,5992.0,111.0,175.8,0F
[2453000]	$DSM00,133152,+51.41412,+22.57272,5984.0,111.0,175.8,0F
[2453036]	$DSM01,133152,+51.46223,+22.60804,176.0,0.0,0.0,0F
[2453143]	$DSM04,133152,+51.37885,+22.51762,412.0,46.0,210.9,6F
[2454143]	$DSM04,133153,+51.37851,+22.51730,412.0,46.0,210.9,6F
[2455000]	$DSM00,133154,+51.41213,+22.57306,5966.0,111.0,173.0,0F
[2456000]	$DSM00,133156,+51.41015,+22.57350,5944.0,111.0,171.6,0F
[2456036]	$DSM01,133156,+51.46223,+22.60804,174.0,0.0,0.0,0F
[2456143]	$DSM04,133156,+51.37744,+22.51624,408.0,46.0,210.9,6F
[2457143]	$DSM04,133157,+51.37708,+22.51590,410.0,46.0,210.9,6F
[2458000]	$DSM00,133158,+51.40815,+22.57403,5920.0,112.0,170.2,0F
[2458036]	$DSM01,133158,+51.46223,+22.60806,174.0,0.0,0.0,0F
[2459000]	$DSM00,133200,+51.40616,+22.57461,5892.0,113.0,168.7,0F
[2459036]	$DSM01,133200,+51.46223,+22.60806,172.0,0.0,0.0,0F
[2459143]	$DSM04,133200,+51.37600,+22.51489,412.0,47.0,210.9,6F
[2460000]	$DSM00,133201,+51.40516,+22.57493,5876.0,113.0,168.7,0F
[2461000]	$DSM00,133203,+51.40315,+22.57560,5844.0,114.0,168.7,0F
[2461036]	$DSM01,133203,+51.46223,+22.60806,170.0,0.0,0.0,0F
[2462000]	$DSM00,133205,+51.40112,+22.57630,5810.0,115.0,167.3,0F
[2462036]	$DSM01,133205,+51.46223,+22.60804,168.0,0.0,0.0,0F
[2463000]	$DSM00,133206,+51.40011,+22.57667,5794.0,116.0,167.3,0F
[2463143]	$DSM04,133206,+51.37384,+22.51292,412.0,46.0,210.9,6F
[2464143]	$DSM04,133207,+51.37348,+22.51258,412.0,46.0,210.9,6F
[2465000]	$DSM00,133208,+51.39805,+22.57744,5758.0,117.0,167.3,0F
[2465036]	$DSM01,133208,+51.46221,+22.60804,166.0,0.0,0.0,0F
[2466000]	$DSM00,133210,+51.39599,+22.57824,5722.0,118.0,165.9,0F
[2466143]	$DSM04,133210,+51.37238,+22.51157,416.0,47.0,209.5,6F
[2467000]	$DSM00,133211,+51.39495,+22.57864,5702.0,119.0,165.9,0F
[2467143]	$DSM04,133211,+51.37202,+22.51124,416.0,47.0,209.5,6F
[2468143]	$DSM04,133212,+51.37164,+22.51092,418.0,46.0,209.5,6F
[2469000]	$DSM00,133213,+51.39285,+22.57950,5666.0,120.0,165.9,0F
[2469036]	$DSM01,133213,+51.46221,+22.60804,164.0,0.0,0.0,0F
[2470000]	$DSM00,133214,+51.39180,+22.57993,5646.0,121.0,165.9,0F
[2470143]	$DSM04,133214,+51.37093,+22.51028,422.0,46.0,209.5,6F
[2471143]	$DSM04,133216,+51.37023,+22.50962,424.0,46.0,210.9,6F
[2472000]	$DSM00,133217,+51.38863,+22.58133,5590.0,122.0,164.5,0F
[2473143]	$DSM04,133218,+51.36952,+22.50893,426.0,45.0,210.9,6F
[2474000]	$DSM00,133219,+51.38649,+22.58234,5552.0,124.0,163.1,0F
[2474036]	$DSM01,133219,+51.46221,+22.60802,162.0,0.0,0.0,0F
[2475000]	$DSM00,133221,+51.38436,+22.58336,5512.0,124.0,163.1,0F
[2476000]	$DSM00,133223,+51.38221,+22.58446,5474.0,126.0,161.7,0F
[2477000]	$DSM00,133225,+51.38004,+22.58558,5436.0,126.0,161.7,0F
[2477143]	$DSM04,133225,+51.36712,+22.50670,428.0,44.0,210.9,6F
[2478143]	$DSM04,133226,+51.36679,+22.50638,428.0,44.0,210.9,6F
[2479000]	$DSM00,133227,+51.37788,+22.58673,5396.0,127.0,161.7,0F
[2479036]	$DSM01,133227,+51.46221,+22.60802,160.0,0.0,0.0,0F
[2480000]	$DSM00,133229,+51.37568,+22.58794,5358.0,128.0,161.7,0F
[2480036]	$DSM01,133229,+51.46221,+22.60800,160.0,0.0,0.0,0F
[2481000]	$DSM00,133231,+51.37350,+22.58914,5320.0,129.0,160.3,0F
[2481036]	$DSM01,133231,+51.46220,+22.60800,160.0,0.0,0.0,0F
[2481143]	$DSM04,133231,+51.36516,+22.50483,432.0,42.0,209.5,6F
[2482000]	$DSM00,133232,+51.37240,+22.58976,5302.0,129.0,160.3,0F
[2482143]	$DSM04,133232,+51.36483,+22.50453,432.0,42.0,209.5,6F
[2483000]	$DSM00,133234,+51.37020,+22.59100,5264.0,130.0,160.3,0F
[2483143]	$DSM04,133234,+51.36417,+22.50395,432.0,42.0,208.1,6F
[2484143]	$DSM04,133235,+51.36384,+22.50367,432.0,42.0,208.1,6F
[2485000]	$DSM00,133236,+51.36800,+22.59227,5226.0,130.0,160.3,0F
[2485036]	$DSM01,133236,+51.46220,+22.60798,158.0,0.0,0.0,0F
[2486143]	$DSM04,133237,+51.36318,+22.50314,434.0,41.0,206.7,6F
[2487000]	$DSM00,133238,+51.36577,+22.59358,5188.0,131.0,160.3,0F
[2488000]	$DSM00,133239,+51.36467,+22.59422,5170.0,131.0,160.3,0F
[2488143]	$DSM04,133239,+51.36251,+22.50262,434.0,41.0,205.3,6F
[2489000]	$DSM00,133241,+51.36244,+22.59555,5132.0,132.0,158.9,0F
[2490000]	$DSM00,133242,+51.36134,+22.59624,5114.0,132.0,158.9,0F
[2490143]	$DSM04,133242,+51.36149,+22.50187,434.0,42.0,205.3,6F
[2491036]	$DSM01,133243,+51.46220,+22.60796,158.0,0.0,0.0,0F
[2491143]	$DSM04,133243,+51.36116,+22.50161,434.0,42.0,205.3,6F
[2492000]	$DSM00,133244,+51.35912,+22.59761,5076.0,132.0,158.9,0F
[2493000]	$DSM00,133245,+51.35800,+22.59832,5058.0,133.0,158.9,0F
[2493143]	$DSM04,133245,+51.36048,+22.50110,432.0,42.0,205.3,6F
[2494000]	$DSM00,133246,+51.35690,+22.59903,5038.0,133.0,158.9,0F
[2494143]	$DSM04,133246,+51.36013,+22.50084,432.0,42.0,203.9,6F
[2495000]	$DSM00,133248,+51.35467,+22.60047,5000.0,133.0,157.5,0F
[2495143]	$DSM04,133248,+51.35942,+22.50032,434.0,43.0,205.3,6F
[2496000]	$DSM00,133249,+51.35356,+22.60120,4980.0,133.0,157.5,0F
[2496143]	$DSM04,133249,+51.35908,+22.50007,434.0,43.0,205.3,6F
[2497143]	$DSM04,133250,+51.35872,+22.49983,434.0,42.0,203.9,6F
[2498000]	$DSM00,133251,+51.35133,+22.60266,4942.0,134.0,157.5,0F
[2499000]	$DSM00,133252,+51.35023,+22.60341,4922.0,134.0,157.5,0F
[2499143]	$DSM04,133252,+51.35804,+22.49932,434.0,42.0,205.3,6F
[2500000]	$DSM00,133253,+51.34911,+22.60416,4904.0,134.0,157.5,0F
[2500143]	$DSM04,133253,+51.35769,+22.49906,434.0,42.0,205.3,6F
[2501000]	$DSM00,133255,+51.34688,+22.60566,4864.0,135.0,157.5,0F
[2501036]	$DSM01,133255,+51.46220,+22.60796,156.0,0.0,0.0,0F
[2502000]	$DSM00,133256,+51.34576,+22.60643,4846.0,135.0,157.5,0F
[2503000]	$DSM00,133258,+51.34353,+22.60796,4806.0,135.0,156.1,0F
[2503143]	$DSM04,133258,+51.35596,+22.49777,440.0,42.0,203.9,6F
[2504000]	$DSM00,133259,+51.34241,+22.60873,4786.0,135.0,156.1,0F
[2504143]	$DSM04,133259,+51.35561,+22.49751,442.0,43.0,203.9,6F
[2505143]	$DSM04,133300,+51.35527,+22.49726,442.0,42.0,203.9,6F
[2506000]	$DSM00,133301,+51.34020,+22.61027,4748.0,135.0,156.1,0F
[2507000]	$DSM00,133302,+51.33907,+22.61104,4728.0,135.0,156.1,0F
[2507143]	$DSM04,133302,+51.35456,+22.49674,444.0,43.0,205.3,6F
[2508000]	$DSM00,133303,+51.33796,+22.61182,4708.0,135.0,156.1,0F
[2508143]	$DSM04,133303,+51.35422,+22.49648,446.0,43.0,206.7,6F
[2509000]	$DSM00,133305,+51.33573,+22.61336,4670.0,135.0,156.1,0F
[2509143]	$DSM04,133305,+51.35353,+22.49592,448.0,43.0,206.7,6F
[2510000]	$DSM00,133306,+51.33460,+22.61414,4650.0,135.0,156.1,0F
[2510143]	$DSM04,133306,+51.35318,+22.49565,450.0,43.0,206.7,6F
[2511000]	$DSM00,133308,+51.33237,+22.61568,4610.0,135.0,156.1,0F
[2511143]	$DSM04,133308,+51.35248,+22.49509,454.0,43.0,206.7,6F
[2512000]	$DSM00,133309,+51.33126,+22.61645,4590.0,135.0,156.1,0F
[2512143]	$DSM04,133309,+51.35212,+22.49479,454.0,43.0,206.7,6F
[2513143]	$DSM04,133310,+51.35178,+22.49451,456.0,43.0,206.7,6F
[2514000]	$DSM00,133311,+51.32903,+22.61800,4550.0,135.0,156.1,0F
[2515000]	$DSM00,133312,+51.32791,+22.61877,4530.0,135.0,156.1,0F
[2515143]	$DSM04,133312,+51.35109,+22.49397,456.0,43.0,206.7,6F
[2516000]	$DSM00,133313,+51.32680,+22.61954,4510.0,135.0,156.1,0F
[2516143]	$DSM04,133313,+51.35076,+22.49369,456.0,43.0,206.7,6F
[2517143]	$DSM04,133314,+51.35041,+22.49342,456.0,43.0,206.7,6F
[2518000]	$DSM00,133315,+51.32456,+22.62109,4472.0,135.0,156.1,0F
[2519000]	$DSM00,133316,+51.32344,+22.62188,4452.0,135.0,156.1,0F
[2519143]	$DSM04,133316,+51.34973,+22.49288,456.0,42.0,206.7,6F
[2520143]	$DSM04,133317,+51.34940,+22.49260,454.0,41.0,208.1,6F
[2521000]	$DSM00,133318,+51.32123,+22.62343,4412.0,135.0,156.1,0F
[2522000]	$DSM00,133319,+51.32012,+22.62420,4394.0,135.0,156.1,0F
[2522143]	$DSM04,133319,+51.34875,+22.49202,454.0,41.0,209.5,6F
[2523143]	$DSM04,133320,+51.34842,+22.49172,454.0,41.0,209.5,6F
[2524000]	$DSM00,133321,+51.31790,+22.62574,4354.0,135.0,156.1,0F
[2525000]	$DSM00,133322,+51.31679,+22.62652,4334.0,135.0,156.1,0F
[2525143]	$DSM04,133322,+51.34777,+22.49116,452.0,41.0,208.1,6F
[2526143]	$DSM04,133323,+51.34744,+22.49088,452.0,41.0,208.1,6F
[2527000]	$DSM00,133324,+51.31456,+22.62804,4296.0,135.0,156.1,0F
[2528000]	$DSM00,133325,+51.31344,+22.62881,4276.0,134.0,156.1,0F
[2528143]	$DSM04,133325,+51.34680,+22.49032,452.0,41.0,208.1,6F
[2529000]	$DSM00,133326,+51.31234,+22.62958,4256.0,134.0,156.1,0F
[2529143]	$DSM04,133326,+51.34647,+22.49007,452.0,41.0,206.7,6F
[2530143]	$DSM04,133327,+51.34616,+22.48981,450.0,41.0,206.7,6F
[2531000]	$DSM00,133328,+51.31012,+22.63113,4218.0,134.0,156.1,0F
[2532000]	$DSM00,133329,+51.30902,+22.63188,4198.0,134.0,156.1,0F
[2532036]	$DSM01,133329,+51.46220,+22.60798,156.0,0.0,0.0,0F
[2533000]	$DSM00,133331,+51.30680,+22.63345,4158.0,134.0,156.1,0F
[2533143]	$DSM04,133331,+51.34488,+22.48874,450.0,40.0,206.7,6F
[2534000]	$DSM00,133332,+51.30572,+22.63422,4140.0,134.0,156.1,0F
[2534036]	$DSM01,133332,+51.46220,+22.60798,158.0,0.0,0.0,0F
[2534143]	$DSM04,133332,+51.34455,+22.48848,450.0,40.0,206.7,6F
[2535000]	$DSM00,133333,+51.30460,+22.63499,4120.0,134.0,156.1,0F
[2535143]	$DSM04,133333,+51.34423,+22.48820,450.0,40.0,206.7,6F
[2536000]	$DSM00,133335,+51.30242,+22.63656,4082.0,134.0,156.1,0F
[2536143]	$DSM04,133335,+51.34360,+22.48766,452.0,40.0,208.1,6F
[2537000]	$DSM00,133336,+51.30132,+22.63735,4064.0,134.0,156.1,0F
[2538000]	$DSM00,133338,+51.29913,+22.63894,4028.0,133.0,156.1,0F
[2538143]	$DSM04,133338,+51.34261,+22.48689,452.0,40.0,205.3,6F
[2539143]	$DSM04,133339,+51.34228,+22.48666,452.0,40.0,205.3,6F
[2540000]	$DSM00,133340,+51.29696,+22.64053,3994.0,133.0,154.7,0F
[2540143]	$DSM04,133340,+51.34196,+22.48640,452.0,40.0,205.3,6F
[2541000]	$DSM00,133341,+51.29588,+22.64132,3976.0,133.0,154.7,0F
[2542000]	$DSM00,133343,+51.29372,+22.64291,3940.0,132.0,154.7,0F
[2543000]	$DSM00,133344,+51.29264,+22.64370,3922.0,132.0,156.1,0F
[2544000]	$DSM00,133346,+51.29049,+22.64527,3884.0,132.0,156.1,0F
[2544143]	$DSM04,133346,+51.34002,+22.48479,448.0,41.0,209.5,6F
[2545000]	$DSM00,133348,+51.28833,+22.64682,3846.0,132.0,156.1,0F
[2545036]	$DSM01,133348,+51.46220,+22.60798,160.0,0.0,0.0,0F
[2546000]	$DSM00,133350,+51.28617,+22.64836,3808.0,131.0,156.1,0F
[2546036]	$DSM01,133350,+51.46220,+22.60796,160.0,0.0,0.0,0F
[2547143]	$DSM04,133351,+51.33843,+22.48339,442.0,41.0,206.7,6F
[2548000]	$DSM00,133353,+51.28295,+22.65068,3750.0,131.0,156.1,0F
[2548036]	$DSM01,133353,+51.46221,+22.60796,160.0,0.0,0.0,0F
[2549000]	$DSM00,133355,+51.28080,+22.65224,3714.0,131.0,156.1,0F
[2550143]	$DSM04,133357,+51.33645,+22.48178,434.0,41.0,206.7,6F
[2551000]	$DSM00,133358,+51.27760,+22.65458,3658.0,131.0,154.7,0F
[2552000]	$DSM00,133359,+51.27653,+22.65536,3640.0,130.0,154.7,0F
[2553000]	$DSM00,133401,+51.27440,+22.65690,3604.0,130.0,156.1,0F
[2554000]	$DSM00,133403,+51.27227,+22.65844,3568.0,130.0,156.1,0F
[2555000]	$DSM00,133405,+51.27015,+22.65997,3530.0,130.0,156.1,0F
[2555143]	$DSM04,133405,+51.33381,+22.47962,420.0,40.0,206.7,6F
[2556000]	$DSM00,133406,+51.26908,+22.66070,3512.0,130.0,156.1,0F
[2556143]	$DSM04,133406,+51.33348,+22.47936,420.0,40.0,205.3,6F
[2557000]	$DSM00,133410,+51.26481,+22.66364,3436.0,129.0,156.1,0F
[2557036]	$DSM01,133410,+51.46220,+22.60796,160.0,0.0,0.0,0F
[2557143]	$DSM04,133410,+51.33216,+22.47829,420.0,41.0,206.7,6F
[2558000]	$DSM00,133411,+51.26374,+22.66439,3418.0,129.0,156.1,0F
[2558143]	$DSM04,133411,+51.33184,+22.47801,420.0,41.0,208.1,6F
[2559000]	$DSM00,133413,+51.26162,+22.66589,3380.0,129.0,156.1,0F
[2560143]	$DSM04,133414,+51.33087,+22.47717,418.0,41.0,209.5,6F
[2561000]	$DSM00,133415,+51.25952,+22.66744,3340.0,129.0,154.7,0F
[2562000]	$DSM00,133416,+51.25845,+22.66821,3320.0,129.0,154.7,0F
[2563143]	$DSM04,133417,+51.32992,+22.47636,420.0,40.0,208.1,6F
[2564000]	$DSM00,133418,+51.25637,+22.66984,3280.0,129.0,153.3,0F
[2565000]	$DSM00,133419,+51.25534,+22.67068,3260.0,129.0,153.3,0F
[2566143]	$DSM04,133420,+51.32894,+22.47556,424.0,41.0,206.7,6F
[2567000]	$DSM00,133421,+51.25324,+22.67228,3222.0,129.0,156.1,0F
[2568143]	$DSM04,133423,+51.32794,+22.47477,426.0,41.0,206.7,6F
[2569143]	$DSM04,133424,+51.32762,+22.47451,428.0,41.0,205.3,6F
[2570036]	$DSM01,133428,+51.46220,+22.60794,160.0,0.0,0.0,0F
[2571000]	$DSM00,133430,+51.24332,+22.67514,3126.0,122.0,187.0,0F
[2572143]	$DSM04,133431,+51.32532,+22.47264,432.0,41.0,206.7,6F
[2573036]	$DSM01,133439,+51.46220,+22.60794,162.0,0.0,0.0,0F
[393]	$DSM0B,131657,+51.46221,+22.60798,170.0,0.0,0.0,0F
[1429]	$DSM0C,131741,+51.46223,+22.60794,162.0,0.0,0.0,0F
[2464]	$DSM0D,131758,+51.46224,+22.60804,172.0,0.0,0.0,0F
[3107]	$DSM03,132758,+51.46938,+22.60139,406.0,41.0,206.7,0F
[4536]	$DSM0F,133400,+51.46226,+22.60757,154.0,0.0,0.0,0F
[5000]	$DSM00,133430,+51.24332,+22.67514,3126.0,122.0,187.0,0F
[6143]	$DSM04,133431,+51.32532,+22.47264,432.0,41.0,206.7,6F
[7036]	$DSM01,133502,+51.46220,+22.60794,162.0,0.0,0.0,0F
[393]	$DSM0B,131657,+51.46221,+22.60798,170.0,0.0,0.0,0F
[1429]	$DSM0C,131741,+51.46223,+22.60794,162.0,0.0,0.0,0F
[2464]	$DSM0D,131758,+51.46224,+22.60804,172.0,0.0,0.0,0F
[3107]	$DSM03,132758,+51.46938,+22.60139,406.0,41.0,206.7,0F
[4536]	$DSM0F,133400,+51.46226,+22.60757,154.0,0.0,0.0,0F
[5000]	$DSM00,133430,+51.24332,+22.67514,3126.0,122.0,187.0,0F
[6143]	$DSM04,133431,+51.32532,+22.47264,432.0,41.0,206.7,6F
[7036]	$DSM01,133502,+51.46220,+22.60794,162.0,0.0,0.0,0F
