





[8875860]	$DSM00,152106,+50.81976,+002.47465,3186.0,75.0,199.7,0F


[8875938]	$DSM01,152106,+50.80003,+002.48531,164.0,0.0,0.0,0F


[8876032]	$DSM04,152106,+50.80289,+002.48501,262.0,16.0,316.4,0F


[8876282]	$DSM0B,152106,+50.79970,+002.48667,158.0,12.0,130.8,0F


[8876329]	$DSM0C,152106,+50.80276,+002.48355,168.0,9.0,279.8,0F


[8876391]	$DSM0E,152106,+50.80289,+002.48501,266.0,16.0,316.4,0F


[8876875]	$DSM00,152107,+50.81912,+002.47431,3188.0,74.0,198.3,0F


[8876938]	$DSM01,152107,+50.80003,+002.48531,164.0,0.0,0.0,0F


[8877032]	$DSM04,152107,+50.80299,+002.48484,262.0,16.0,315.0,0F


[8877282]	$DSM0B,152107,+50.79962,+002.48677,156.0,11.0,135.0,0F


[8877313]	$DSM0C,152107,+50.80278,+002.48343,166.0,9.0,277.0,0F


[8877391]	$DSM0E,152107,+50.80299,+002.48484,266.0,16.0,315.0,0F


[8877875]	$DSM00,152108,+50.81849,+002.47396,3190.0,74.0,198.3,0F


[8877938]	$DSM01,152108,+50.80003,+002.48531,164.0,0.0,0.0,0F


[8878032]	$DSM04,152108,+50.80308,+002.48467,264.0,16.0,306.6,0F


[8878282]	$DSM0B,152108,+50.79956,+002.48688,156.0,10.0,136.4,0F


[8878313]	$DSM0C,152108,+50.80279,+002.48330,166.0,9.0,275.6,0F


[8878407]	$DSM0E,152108,+50.80310,+002.48467,268.0,16.0,308.0,0F


[8878875]	$DSM00,152109,+50.81785,+002.47366,3192.0,74.0,196.9,0F


[8878938]	$DSM01,152109,+50.80003,+002.48531,164.0,0.0,0.0,0F


[8879032]	$DSM04,152109,+50.80317,+002.48448,266.0,16.0,299.5,0F


[8879297]	$DSM0B,152109,+50.79951,+002.48697,156.0,9.0,142.0,0F


[8879313]	$DSM0C,152109,+50.80279,+002.48319,166.0,8.0,272.8,0F


[8879375]	$DSM0E,152109,+50.80317,+002.48448,270.0,15.0,299.5,0F


[8879875]	$DSM00,152110,+50.81720,+002.47338,3194.0,74.0,195.5,0F


[8879938]	$DSM01,152110,+50.80003,+002.48531,164.0,0.0,0.0,0F


[8880032]	$DSM04,152110,+50.80324,+002.48428,268.0,15.0,296.7,0F


[8880282]	$DSM0B,152110,+50.79945,+002.48703,156.0,8.0,140.6,0F


[8880313]	$DSM0C,152110,+50.80278,+002.48310,166.0,5.0,258.7,0F


[8880391]	$DSM0E,152110,+50.80324,+002.48428,270.0,15.0,296.7,0F


[8880875]	$DSM00,152111,+50.81656,+002.47313,3196.0,74.0,194.1,0F


[8880938]	$DSM01,152111,+50.80003,+002.48531,164.0,0.0,0.0,0F


[8881047]	$DSM04,152111,+50.80329,+002.48409,268.0,14.0,292.5,0F


[8881282]	$DSM0B,152111,+50.79940,+002.48709,156.0,6.0,136.4,0F


[8881329]	$DSM0C,152111,+50.80276,+002.48306,166.0,3.0,255.9,0F


[8881391]	$DSM0E,152111,+50.80329,+002.48409,272.0,14.0,292.5,0F


[8881875]	$DSM00,152112,+50.81591,+002.47289,3196.0,73.0,192.7,0F


[8881938]	$DSM01,152112,+50.80003,+002.48531,164.0,0.0,0.0,0F


[8882047]	$DSM04,152112,+50.80333,+002.48392,270.0,14.0,289.7,0F


[8882282]	$DSM0B,152112,+50.79937,+002.48714,156.0,4.0,139.2,0F


[8882329]	$DSM0C,152112,+50.80276,+002.48304,166.0,1.0,251.7,0F


[8882391]	$DSM0E,152112,+50.80333,+002.48392,272.0,14.0,289.7,0F


[8882875]	$DSM00,152113,+50.81527,+002.47267,3198.0,73.0,191.2,0F


[8882938]	$DSM01,152113,+50.80003,+002.48531,164.0,0.0,0.0,0F


[8883032]	$DSM04,152113,+50.80336,+002.48373,270.0,14.0,286.9,0F


[8883282]	$DSM0B,152113,+50.79936,+002.48718,154.0,3.0,147.7,0F


[8883313]	$DSM0C,152113,+50.80276,+002.48304,166.0,0.0,119.5,0F


[8883407]	$DSM0E,152113,+50.80336,+002.48373,272.0,13.0,285.5,0F


[8883875]	$DSM00,152114,+50.81461,+002.47250,3198.0,73.0,189.8,0F


[8883938]	$DSM01,152114,+50.80003,+002.48531,164.0,0.0,0.0,0F


[8884032]	$DSM04,152114,+50.80339,+002.48353,270.0,14.0,275.6,0F


[8884282]	$DSM0B,152114,+50.79933,+002.48720,154.0,3.0,142.0,0F


[8884329]	$DSM0C,152114,+50.80276,+002.48304,166.0,0.0,0.0,0F


[8884391]	$DSM0E,152114,+50.80339,+002.48353,274.0,14.0,275.6,0F


[8884875]	$DSM00,152115,+50.81396,+002.47233,3198.0,73.0,188.4,0F


[8884938]	$DSM01,152115,+50.80003,+002.48531,164.0,0.0,0.0,0F


[8885047]	$DSM04,152115,+50.80338,+002.48332,270.0,15.0,260.2,0F


[8885282]	$DSM0B,152115,+50.79931,+002.48722,154.0,3.0,153.3,0F


[8885313]	$DSM0C,152115,+50.80276,+002.48304,166.0,0.0,0.0,0F


[8885391]	$DSM0E,152115,+50.80338,+002.48332,274.0,16.0,260.2,0F


[8885875]	$DSM00,152116,+50.81329,+002.47220,3200.0,73.0,187.0,0F


[8885938]	$DSM01,152116,+50.80003,+002.48531,164.0,0.0,0.0,0F


[8886032]	$DSM04,152116,+50.80332,+002.48310,272.0,18.0,248.9,0F


[8886297]	$DSM0B,152116,+50.79930,+002.48724,154.0,3.0,149.1,0F


[8886329]	$DSM0C,152116,+50.80276,+002.48304,166.0,0.0,0.0,0F


[8886375]	$DSM0E,152116,+50.80333,+002.48310,276.0,18.0,248.9,0F


[8886860]	$DSM00,152117,+50.81264,+002.47210,3202.0,73.0,185.6,0F


[8886922]	$DSM01,152117,+50.80003,+002.48531,164.0,0.0,0.0,0F


[8887282]	$DSM0B,152117,+50.79927,+002.48727,152.0,2.0,146.2,0F


[8887329]	$DSM0C,152117,+50.80276,+002.48304,166.0,0.0,0.0,0F


[8887391]	$DSM0E,152117,+50.80326,+002.48285,276.0,20.0,241.9,0F


[8887875]	$DSM00,152118,+50.81198,+002.47201,3202.0,73.0,184.2,0F


[8887938]	$DSM01,152118,+50.80003,+002.48531,164.0,0.0,0.0,0F


[8888032]	$DSM04,152118,+50.80314,+002.48259,274.0,21.0,237.7,0F


[8888282]	$DSM0B,152118,+50.79926,+002.48727,152.0,2.0,150.5,0F


[8888329]	$DSM0C,152118,+50.80276,+002.48304,166.0,0.0,0.0,0F


[8888391]	$DSM0E,152118,+50.80316,+002.48259,276.0,21.0,237.7,0F


[8888875]	$DSM00,152119,+50.81132,+002.47195,3204.0,73.0,182.8,0F


[8888922]	$DSM01,152119,+50.80003,+002.48531,164.0,0.0,0.0,0F


[8889032]	$DSM04,152119,+50.80304,+002.48233,274.0,21.0,236.2,0F


[8889282]	$DSM0B,152119,+50.79924,+002.48729,154.0,2.0,177.2,0F


[8889313]	$DSM0C,152119,+50.80276,+002.48304,166.0,0.0,0.0,0F


[8889391]	$DSM0E,152119,+50.80307,+002.48233,278.0,21.0,237.7,0F


[8889875]	$DSM00,152120,+50.81068,+002.47190,3206.0,73.0,182.8,0F


[8889938]	$DSM01,152120,+50.80003,+002.48531,164.0,0.0,0.0,0F


[8890032]	$DSM04,152120,+50.80292,+002.48209,274.0,20.0,236.2,0F


[8890282]	$DSM0B,152120,+50.79923,+002.48729,154.0,3.0,170.2,0F


[8890329]	$DSM0C,152120,+50.80276,+002.48304,166.0,0.0,0.0,0F


[8890391]	$DSM0E,152120,+50.80296,+002.48209,278.0,20.0,236.2,0F


[8890875]	$DSM00,152121,+50.81002,+002.47184,3208.0,72.0,182.8,0F


[8890938]	$DSM01,152121,+50.80003,+002.48531,164.0,0.0,0.0,0F


[8891032]	$DSM04,152121,+50.80282,+002.48186,276.0,20.0,230.6,0F


[8891282]	$DSM0B,152121,+50.79921,+002.48729,156.0,3.0,157.5,0F


[8891329]	$DSM0C,152121,+50.80276,+002.48304,166.0,0.0,0.0,0F


[8891391]	$DSM0E,152121,+50.80284,+002.48186,280.0,20.0,232.0,0F


[8891875]	$DSM00,152122,+50.80936,+002.47180,3210.0,72.0,182.8,0F


[8891938]	$DSM01,152122,+50.80003,+002.48531,164.0,0.0,0.0,0F


[8892047]	$DSM04,152122,+50.80269,+002.48164,278.0,19.0,222.2,0F


[8892282]	$DSM0B,152122,+50.79920,+002.48731,156.0,3.0,144.8,0F


[8892329]	$DSM0C,152122,+50.80276,+002.48304,166.0,0.0,0.0,0F


[8892391]	$DSM0E,152122,+50.80272,+002.48164,282.0,19.0,222.2,0F


[8892860]	$DSM00,152123,+50.80872,+002.47175,3212.0,72.0,182.8,0F


[8892938]	$DSM01,152123,+50.80003,+002.48531,164.0,0.0,0.0,0F


[8893282]	$DSM0B,152123,+50.79920,+002.48733,158.0,2.0,137.8,0F


[8893329]	$DSM0C,152123,+50.80276,+002.48304,166.0,0.0,0.0,0F


[8893391]	$DSM0E,152123,+50.80258,+002.48149,282.0,18.0,213.7,0F


[8893875]	$DSM00,152124,+50.80807,+002.47171,3214.0,72.0,182.8,0F


[8893938]	$DSM01,152124,+50.80003,+002.48531,164.0,0.0,0.0,0F


[8894047]	$DSM00,152124,+50.80242,+002.48137,282.0,16.0,206.7,0B


[8894297]	$DSM0B,152124,+50.79917,+002.48735,160.0,2.0,142.0,0F


[8894329]	$DSM0C,152124,+50.80276,+002.48304,166.0,0.0,0.0,0F


[8894407]	$DSM0E,152124,+50.80244,+002.48137,284.0,16.0,206.7,0F


[8894875]	$DSM00,152125,+50.80742,+002.47167,3216.0,71.0,182.8,0F


[8894938]	$DSM01,152125,+50.80003,+002.48531,164.0,0.0,0.0,0F


[8895282]	$DSM0B,152125,+50.79915,+002.48737,160.0,3.0,147.7,0F


[8895329]	$DSM0C,152125,+50.80276,+002.48304,166.0,0.0,0.0,0F


[8895391]	$DSM0E,152125,+50.80232,+002.48130,286.0,14.0,195.5,0F


[8895875]	$DSM00,152126,+50.80678,+002.47162,3218.0,71.0,182.8,0F


[8895938]	$DSM01,152126,+50.80003,+002.48531,164.0,0.0,0.0,0F


[8896282]	$DSM0B,152126,+50.79914,+002.48739,160.0,2.0,139.2,0F


[8896329]	$DSM0C,152126,+50.80276,+002.48304,166.0,0.0,0.0,0F


[8896391]	$DSM0E,152126,+50.80221,+002.48128,286.0,12.0,177.2,0F


[8896875]	$DSM00,152127,+50.80613,+002.47158,3220.0,71.0,182.8,0F


[8896938]	$DSM01,152127,+50.80003,+002.48531,164.0,0.0,0.0,0F


[8897032]	$DSM04,152127,+50.80207,+002.48130,280.0,12.0,164.5,0F


[8897297]	$DSM0B,152127,+50.79914,+002.48742,158.0,1.0,140.6,0F


[8897313]	$DSM0C,152127,+50.80276,+002.48304,166.0,0.0,0.0,0F


[8897391]	$DSM0E,152127,+50.80210,+002.48130,284.0,12.0,163.1,0F


[8897875]	$DSM00,152128,+50.80550,+002.47152,3220.0,71.0,182.8,0F


[8897938]	$DSM01,152128,+50.80003,+002.48531,164.0,0.0,0.0,0F


[8898282]	$DSM0B,152128,+50.79914,+002.48742,160.0,1.0,97.0,0F


[8898313]	$DSM0C,152128,+50.80276,+002.48304,166.0,0.0,0.0,0F


[8898391]	$DSM0E,152128,+50.80198,+002.48137,284.0,13.0,157.5,0F


[8898875]	$DSM00,152129,+50.80486,+002.47147,3222.0,71.0,182.8,0F


[8899032]	$DSM04,152129,+50.80184,+002.48147,278.0,15.0,153.3,0F


[8899282]	$DSM0B,152129,+50.79914,+002.48742,160.0,0.0,0.0,0F


[8899329]	$DSM0C,152129,+50.80276,+002.48304,166.0,0.0,0.0,0F


[8899875]	$DSM00,152130,+50.80421,+002.47143,3222.0,71.0,182.8,0F


[8899922]	$DSM01,152130,+50.80003,+002.48531,164.0,0.0,0.0,0F


[8900047]	$DSM04,152130,+50.80172,+002.48156,278.0,1.0,143.4,0B


[8900282]	$DSM0B,152130,+50.79914,+002.48742,160.0,0.0,0.0,0F


[8900313]	$DSM0C,152130,+50.80276,+002.48304,166.0,0.0,39.4,0B


[8900391]	$DSM0E,152130,+50.80174,+002.48156,284.0,17.0,154.7,0F


[8900875]	$DSM00,152131,+50.80358,+002.47137,3222.0,71.0,182.8,0F


[8900938]	$DSM01,152131,+50.80003,+002.48531,164.0,0.0,0.0,0F


[8901297]	$DSM0B,152131,+50.79914,+002.48742,160.0,0.0,0.0,0F


[8901329]	$DSM0C,152131,+50.80276,+002.48304,166.0,0.0,0.0,0F


[8901375]	$DSM0E,152131,+50.80159,+002.48167,284.0,18.0,160.3,0F


[8901860]	$DSM00,152132,+50.80292,+002.47130,3220.0,72.0,184.2,0F


[8901938]	$DSM01,152132,+50.80003,+002.48531,164.0,0.0,0.0,0F


[8902266]	$DSM0B,152132,+50.79914,+002.48742,160.0,0.0,0.0,0F


[8902329]	$DSM0C,152132,+50.80276,+002.48304,166.0,0.0,0.0,0F


[8902391]	$DSM0E,152132,+50.80143,+002.48173,282.0,19.0,164.5,0F


[8902860]	$DSM00,152133,+50.80228,+002.47124,3220.0,72.0,184.2,0F


[8902922]	$DSM01,152133,+50.80003,+002.48531,164.0,0.0,0.0,0F


[8903047]	$DSM04,152133,+50.80124,+002.48184,278.0,19.0,161.7,0F


[8903282]	$DSM0B,152133,+50.79914,+002.48742,160.0,0.0,0.0,0F


[8903329]	$DSM0C,152133,+50.80276,+002.48304,166.0,0.0,0.0,0F


[8903391]	$DSM0E,152133,+50.80125,+002.48182,284.0,18.0,163.1,0F


[8903875]	$DSM00,152134,+50.80164,+002.47117,3218.0,72.0,184.2,0F


[8903938]	$DSM01,152134,+50.80003,+002.48531,164.0,0.0,0.0,0F


[8904032]	$DSM04,152134,+50.80109,+002.48192,278.0,18.0,157.5,0F


[8904266]	$DSM0B,152134,+50.79914,+002.48742,160.0,0.0,0.0,0F


[8904329]	$DSM0C,152134,+50.80276,+002.48304,166.0,0.0,0.0,0F


[8904391]	$DSM0E,152134,+50.80110,+002.48190,284.0,18.0,156.1,0F


[8904875]	$DSM00,152135,+50.80099,+002.47111,3216.0,72.0,184.2,0F


[8904938]	$DSM01,152135,+50.80003,+002.48531,164.0,0.0,0.0,0F


[8905032]	$DSM04,152135,+50.80094,+002.48205,278.0,18.0,147.7,0F


[8905282]	$DSM0B,152135,+50.79914,+002.48742,160.0,0.0,0.0,0F


[8905313]	$DSM0C,152135,+50.80276,+002.48304,166.0,0.0,0.0,0F


[8905407]	$DSM0E,152135,+50.80096,+002.48203,284.0,18.0,147.7,0F


[8905891]	$DSM00,152136,+50.80033,+002.47104,3214.0,73.0,184.2,0F


[8905938]	$DSM01,152136,+50.80003,+002.48531,164.0,0.0,0.0,0F


[8906032]	$DSM04,152136,+50.80081,+002.48222,278.0,19.0,136.4,0F


[8906282]	$DSM0B,152136,+50.79914,+002.48742,160.0,0.0,0.0,0F


[8906329]	$DSM0C,152136,+50.80276,+002.48304,166.0,0.0,0.0,0F


[8906391]	$DSM0E,152136,+50.80084,+002.48220,282.0,18.0,136.4,0F


[8906875]	$DSM00,152137,+50.79968,+002.47098,3214.0,73.0,184.2,0F


[8906938]	$DSM01,152137,+50.80003,+002.48531,164.0,0.0,0.0,0F


[8907032]	$DSM04,152137,+50.80071,+002.48242,276.0,19.0,122.3,0F


[8907282]	$DSM0B,152137,+50.79914,+002.48742,160.0,0.0,0.0,0F


[8907313]	$DSM0C,152137,+50.80276,+002.48304,166.0,0.0,0.0,0F


[8907407]	$DSM0E,152137,+50.80072,+002.48242,282.0,18.0,122.3,0F


[8907875]	$DSM00,152138,+50.79902,+002.47092,3212.0,73.0,182.8,0F


[8907938]	$DSM01,152138,+50.80003,+002.48531,164.0,0.0,0.0,0F


[8908032]	$DSM04,152138,+50.80064,+002.48267,276.0,18.0,109.7,0F


[8908282]	$DSM0B,152138,+50.79914,+002.48742,160.0,0.0,0.0,0F


[8908329]	$DSM0C,152138,+50.80276,+002.48304,166.0,0.0,0.0,0F


[8908391]	$DSM0E,152138,+50.80068,+002.48265,282.0,18.0,108.3,0F


[8908875]	$DSM00,152139,+50.79836,+002.47085,3210.0,73.0,182.8,0F


[8908922]	$DSM01,152139,+50.80003,+002.48531,164.0,0.0,0.0,0F


[8909047]	$DSM04,152139,+50.80061,+002.48295,276.0,20.0,99.8,0F


[8909282]	$DSM0B,152139,+50.79914,+002.48742,160.0,0.0,0.0,0F


[8909313]	$DSM0C,152139,+50.80276,+002.48304,166.0,0.0,0.0,0F


[8909391]	$DSM0E,152139,+50.80063,+002.48293,280.0,20.0,98.4,0F


[8909875]	$DSM00,152140,+50.79770,+002.47079,3208.0,73.0,182.8,0F


[8909938]	$DSM01,152140,+50.80003,+002.48531,164.0,0.0,0.0,0F


[8910032]	$DSM04,152140,+50.80058,+002.48323,276.0,21.0,99.8,0F


[8910297]	$DSM0B,152140,+50.79914,+002.48742,160.0,0.0,0.0,0F


[8910329]	$DSM0C,152140,+50.80276,+002.48304,166.0,0.0,0.0,0F


[8910391]	$DSM0E,152140,+50.80061,+002.48323,280.0,21.0,99.8,0F


[8910860]	$DSM00,152141,+50.79704,+002.47074,3208.0,74.0,182.8,0F


[8910938]	$DSM01,152141,+50.80003,+002.48531,164.0,0.0,0.0,0F


[8911047]	$DSM04,152141,+50.80055,+002.48353,276.0,21.0,104.1,0F


[8911282]	$DSM0B,152141,+50.79914,+002.48742,160.0,0.0,0.0,0F


[8911313]	$DSM0C,152141,+50.80276,+002.48304,166.0,0.0,0.0,0F


[8911875]	$DSM00,152142,+50.79637,+002.47068,3206.0,74.0,182.8,0F


[8911938]	$DSM01,152142,+50.80003,+002.48531,164.0,0.0,0.0,0F


[8912032]	$DSM04,152142,+50.80049,+002.48381,274.0,19.0,108.3,0F


[8912282]	$DSM0B,152142,+50.79914,+002.48742,160.0,0.0,0.0,0F


[8912313]	$DSM0C,152142,+50.80276,+002.48304,166.0,0.0,0.0,0F


[8912391]	$DSM0E,152142,+50.80052,+002.48379,280.0,19.0,108.3,0F


[8912860]	$DSM00,152143,+50.79571,+002.47064,3206.0,74.0,182.8,0F


[8912938]	$DSM01,152143,+50.80003,+002.48531,164.0,0.0,0.0,0F


[8913032]	$DSM04,152143,+50.76756,-001.53693,274.0,18.0,112.5,0B


[8913266]	$DSM0B,152143,+50.79914,+002.48742,160.0,0.0,0.0,0F


[8913329]	$DSM0C,152143,+50.80276,+002.48304,166.0,0.0,0.0,0F


[8913391]	$DSM0E,152143,+50.80046,+002.48405,278.0,18.0,112.5,0F


[8913875]	$DSM00,152144,+50.79504,+002.47057,3204.0,74.0,182.8,0F


[8913938]	$DSM01,152144,+50.80003,+002.48531,164.0,0.0,0.0,0F


[8914047]	$DSM04,152144,+50.80037,+002.48428,272.0,16.0,113.9,0F


[8914282]	$DSM0B,152144,+50.79914,+002.48742,160.0,0.0,0.0,0F


[8914329]	$DSM0C,152144,+50.80276,+002.48304,166.0,0.0,0.0,0F


[8914391]	$DSM0E,152144,+50.80040,+002.48426,276.0,16.0,113.9,0F


[8914860]	$DSM00,152145,+50.79438,+002.47053,3204.0,74.0,182.8,0F


[8914938]	$DSM01,152145,+50.80003,+002.48531,164.0,0.0,0.0,0F


[8915266]	$DSM0B,152145,+50.79914,+002.48742,160.0,0.0,0.0,0F


[8915329]	$DSM0C,152145,+50.80276,+002.48304,166.0,0.0,0.0,0F


[8915875]	$DSM00,152146,+50.79370,+002.47046,3202.0,74.0,182.8,0F


[8915938]	$DSM01,152146,+50.80003,+002.48531,164.0,0.0,0.0,0F


[8916282]	$DSM0B,152146,+50.79914,+002.48742,160.0,0.0,0.0,0F


[8916329]	$DSM0C,152146,+50.80276,+002.48304,166.0,0.0,0.0,0F


[8916407]	$DSM0E,152146,+50.80028,+002.48465,272.0,15.0,112.5,0F


[8916875]	$DSM00,152147,+50.79304,+002.47040,3200.0,74.0,184.2,0F


[8916954]	$DSM01,152147,+50.80003,+002.48531,164.0,0.0,0.0,0F


[8917032]	$DSM04,152147,+50.80021,+002.48486,266.0,14.0,112.5,0F


[8917282]	$DSM0B,152147,+50.79914,+002.48742,160.0,0.0,0.0,0F


[8917329]	$DSM0C,152147,+50.80276,+002.48304,166.0,0.0,0.0,0F


[8917391]	$DSM0E,152147,+50.80024,+002.48484,270.0,14.0,111.1,0F


[8917875]	$DSM00,152148,+50.79236,+002.47034,3198.0,75.0,184.2,0F


[8917938]	$DSM01,152148,+50.80003,+002.48531,164.0,0.0,0.0,0F


[8918032]	$DSM04,152148,+50.80017,+002.48506,1288.0,13.0,109.7,0B


[8918282]	$DSM0B,152148,+50.79914,+002.48742,160.0,0.0,0.0,0F


[8918313]	$DSM0C,152148,+50.80276,+002.48304,166.0,0.0,0.0,0F


[8918407]	$DSM0E,152148,+50.80020,+002.48503,266.0,13.0,108.3,0F


[8918875]	$DSM00,152149,+50.79169,+002.47027,3196.0,75.0,184.2,0F


[8918938]	$DSM01,152149,+50.80003,+002.48531,164.0,0.0,0.0,0F


[8919032]	$DSM04,152149,+50.80015,+002.48523,262.0,11.0,104.1,0F


[8919282]	$DSM0B,152149,+50.79914,+002.48742,160.0,0.0,0.0,0F


[8919329]	$DSM0C,152149,+50.80276,+002.48304,166.0,0.0,0.0,0F


[8919875]	$DSM00,152150,+50.79102,+002.47021,3194.0,75.0,184.2,0F


[8920032]	$DSM04,152150,+50.80012,+002.48536,260.0,10.0,98.4,0F


[8920282]	$DSM0B,152150,+50.79914,+002.48742,160.0,0.0,0.0,0F


[8920313]	$DSM0C,152150,+50.80276,+002.48304,166.0,0.0,0.0,0F


[8920391]	$DSM0E,152150,+50.80016,+002.48533,264.0,10.0,97.0,0F


[8920875]	$DSM00,152151,+50.79034,+002.47012,3192.0,75.0,184.2,0F


[8920938]	$DSM01,152151,+50.80003,+002.48531,164.0,0.0,0.0,0F


[8921047]	$DSM04,152151,+50.80012,+002.48549,260.0,9.0,95.6,0F


[8921282]	$DSM0B,152151,+50.79914,+002.48742,160.0,0.0,0.0,0F


[8921329]	$DSM0C,152151,+50.80276,+002.48304,166.0,0.0,0.0,0F


[8921391]	$DSM0E,152151,+50.80015,+002.48546,264.0,9.0,92.8,0F


[8921875]	$DSM00,152152,+50.78967,+002.47004,3192.0,75.0,184.2,0F


[8921938]	$DSM01,152152,+50.80003,+002.48531,164.0,0.0,0.0,0F


[8922282]	$DSM0B,152152,+50.79914,+002.48742,160.0,0.0,0.0,0F


[8922313]	$DSM0C,152152,+50.80276,+002.48304,166.0,0.0,0.0,0F


[8922875]	$DSM00,152153,+50.78899,+002.46997,3190.0,75.0,184.2,0F


[8922938]	$DSM01,152153,+50.80003,+002.48531,164.0,0.0,0.0,0F


[8923032]	$DSM04,152153,+50.80012,+002.48572,260.0,7.0,91.4,0F


[8923297]	$DSM0B,152153,+50.79914,+002.48742,160.0,0.0,0.0,0F


[8923329]	$DSM0C,152153,+50.80276,+002.48304,166.0,0.0,0.0,0F


[8923391]	$DSM0E,152153,+50.80015,+002.48570,264.0,7.0,90.0,0F


[8923860]	$DSM00,152154,+50.78832,+002.46989,3188.0,75.0,184.2,0F


[8923922]	$DSM01,152154,+50.80003,+002.48531,164.0,0.0,0.0,0F


[8924032]	$DSM04,152154,+50.80012,+002.48583,260.0,6.0,92.8,0F


[8924266]	$DSM0B,152154,+50.79914,+002.48742,160.0,0.0,0.0,0F


[8924329]	$DSM0C,152154,+50.80276,+002.48304,166.0,0.0,0.0,0F


[8924391]	$DSM0E,152154,+50.80015,+002.48579,264.0,6.0,92.8,0F


[8924875]	$DSM00,152155,+50.78764,+002.46980,3188.0,75.0,184.2,0F


[8924938]	$DSM01,152155,+50.80003,+002.48531,164.0,0.0,0.0,0F


[8925047]	$DSM04,152155,+50.80011,+002.48589,260.0,5.0,92.8,0F


[8925282]	$DSM0B,152155,+50.79914,+002.48742,160.0,0.0,0.0,0F


[8925313]	$DSM0C,152155,+50.80276,+002.48304,166.0,0.0,0.0,0F


[8925407]	$DSM0E,152155,+50.80015,+002.48587,264.0,5.0,91.4,0F


[8925875]	$DSM00,152156,+50.78696,+002.46974,3186.0,76.0,184.2,0F


[8925938]	$DSM01,152156,+50.80003,+002.48531,164.0,0.0,0.0,0F


[8926032]	$DSM04,152156,+50.80011,+002.48596,262.0,4.0,90.0,0F


[8926282]	$DSM0B,152156,+50.79914,+002.48742,160.0,0.0,0.0,0F


[8926329]	$DSM0C,152156,+50.80276,+002.48304,166.0,0.0,0.0,0F


[8926391]	$DSM0E,152156,+50.80015,+002.48594,266.0,4.0,91.4,0F


[8926875]	$DSM00,152157,+50.78628,+002.46965,3184.0,76.0,184.2,0F


[8926938]	$DSM01,152157,+50.80003,+002.48531,164.0,0.0,0.0,0F


[8927032]	$DSM04,152157,+50.80012,+002.48600,260.0,3.0,85.8,0F


[8927282]	$DSM0B,152157,+50.79914,+002.48742,160.0,0.0,0.0,0F


[8927329]	$DSM0C,152157,+50.80276,+002.48304,166.0,0.0,0.0,0F


[8927391]	$DSM0E,152157,+50.80015,+002.48598,266.0,3.0,87.2,0F


[8927891]	$DSM00,152158,+50.78559,+002.46956,3182.0,76.0,184.2,0F


[8927938]	$DSM01,152158,+50.80003,+002.48531,164.0,0.0,0.0,0F


[8928032]	$DSM04,152158,+50.80012,+002.48604,260.0,3.0,87.2,0F


[8928282]	$DSM0B,152158,+50.79914,+002.48742,160.0,0.0,0.0,0F


[8928329]	$DSM0C,152158,+50.80276,+002.48304,166.0,0.0,0.0,0F


[8928875]	$DSM00,152159,+50.78492,+002.46948,3180.0,76.0,184.2,0F


[8928938]	$DSM01,152159,+50.80003,+002.48531,164.0,0.0,0.0,0F


[8929032]	$DSM04,152159,+50.80012,+002.48609,260.0,3.0,88.6,0F


[8929282]	$DSM0B,152159,+50.79914,+002.48742,160.0,0.0,0.0,0F


[8929329]	$DSM0C,152159,+50.80276,+002.48304,166.0,0.0,0.0,0F


[8929391]	$DSM0E,152159,+50.80015,+002.48606,264.0,3.0,90.0,0F


[8929875]	$DSM00,152200,+50.78423,+002.46937,3176.0,76.0,184.2,0F


[8929938]	$DSM01,152200,+50.80003,+002.48531,164.0,0.0,0.0,0F


[8930032]	$DSM04,152200,+50.80012,+002.48613,260.0,2.0,92.8,0F


[8930297]	$DSM0B,152200,+50.79914,+002.48742,160.0,0.0,0.0,0F


[8930329]	$DSM0C,152200,+50.80276,+002.48304,166.0,0.0,0.0,0F


[8930391]	$DSM0E,152200,+50.80015,+002.48609,264.0,2.0,99.8,0F


[8930875]	$DSM00,152201,+50.78354,+002.46928,3174.0,77.0,184.2,0F


[8930922]	$DSM01,152201,+50.80003,+002.48531,164.0,0.0,0.0,0F


[8931047]	$DSM04,152201,+50.80012,+002.48613,260.0,1.0,92.8,0F


[8931282]	$DSM0B,152201,+50.79914,+002.48742,160.0,0.0,0.0,0F


[8931313]	$DSM0C,152201,+50.80276,+002.48304,166.0,0.0,0.0,0F


[8931875]	$DSM00,152202,+50.78285,+002.46920,3174.0,77.0,184.2,0F


[8931938]	$DSM01,152202,+50.80003,+002.48531,164.0,0.0,0.0,0F


[8932032]	$DSM04,152202,+50.80012,+002.48615,260.0,0.0,147.7,0F


[8932282]	$DSM0B,152202,+50.79914,+002.48742,160.0,0.0,0.0,0F


[8932329]	$DSM0C,152202,+50.80276,+002.48304,166.0,0.0,0.0,0F


[8932391]	$DSM0E,152202,+50.80014,+002.48613,264.0,0.0,143.4,0F


[8932875]	$DSM00,152203,+50.78216,+002.46911,3172.0,77.0,184.2,0F


[8932938]	$DSM01,152203,+50.80003,+002.48531,164.0,0.0,0.0,0F


[8933282]	$DSM0B,152203,+50.79914,+002.48742,160.0,0.0,0.0,0F


[8933313]	$DSM0C,152203,+50.80276,+002.48304,166.0,0.0,0.0,0F


[8933391]	$DSM0E,152203,+50.80012,+002.48611,264.0,0.0,0.0,0F


[8933875]	$DSM00,152204,+50.78147,+002.46903,3170.0,77.0,184.2,0F


[8933938]	$DSM01,152204,+50.80003,+002.48531,164.0,0.0,0.0,0F


[8934297]	$DSM0B,152204,+50.79914,+002.48742,160.0,0.0,0.0,0F


[8934329]	$DSM0C,152204,+50.80276,+002.48304,166.0,0.0,0.0,0F


[8934375]	$DSM0E,152204,+51.11882,+027.89474,16648.0,8.0,45.0,0B


[8934860]	$DSM00,152205,+50.78078,+002.46894,3170.0,77.0,184.2,0F


[8934938]	$DSM01,152205,+50.80003,+002.48531,164.0,0.0,0.0,0F


[8935032]	$DSM04,152205,+50.80009,+002.48613,260.0,2.0,212.3,0F


[8935282]	$DSM0B,152205,+50.79916,+002.48748,168.0,2.0,143.4,0F


[8935329]	$DSM0C,152205,+50.80278,+002.48308,164.0,2.0,234.8,0F


[8935860]	$DSM00,152206,+50.78008,+002.46886,3168.0,77.0,184.2,0F


[8935938]	$DSM01,152206,+50.80003,+002.48531,164.0,0.0,0.0,0F


[8936282]	$DSM0B,152206,+50.79916,+002.48748,168.0,1.0,133.6,0F


[8936313]	$DSM0C,152206,+50.80276,+002.48306,164.0,4.0,212.3,0F


[8936875]	$DSM00,152207,+50.77939,+002.46877,3168.0,77.0,184.2,0F


[8936938]	$DSM01,152207,+50.80003,+002.48531,164.0,0.0,0.0,0F


[8937047]	$DSM04,152207,-84.19994,+002.48609,262.0,2.0,216.6,0B


[8937282]	$DSM0B,152207,+50.79915,+002.48750,168.0,2.0,92.8,0F


[8937329]	$DSM0C,152207,+50.80272,+002.48304,164.0,5.0,206.7,0F


[8937391]	$DSM0C,1521**,+50.80008,+002.48604,266.0,2.0,210.9,0B


[8937875]	$DSM00,152208,+50.77870,+002.46868,3168.0,77.0,184.2,0F


[8937938]	$DSM01,152208,+50.80003,+008.11031,164.0,0.0,0.0,0B


[8938032]	$DSM04,152208,+50.80004,+002.48606,262.0,2.0,210.9,0F


[8938282]	$DSM0B,152208,+50.79914,+002.48752,168.0,2.0,106.9,0F


[8938329]	$DSM0C,152208,+50.80267,+002.48300,164.0,7.0,212.3,0F


[8938407]	$DSM0E,152208,+50.80006,+002.48604,266.0,2.0,208.1,0F


[8938875]	$DSM00,152209,+50.77801,+002.46860,3168.0,77.0,184.2,0F


[8938938]	$DSM01,152209,+50.80003,+002.48531,164.0,0.0,0.0,0F


[8939032]	$DSM04,152209,+50.80002,+002.48604,262.0,3.0,202.5,0F


[8939297]	$DSM0B,152209,+50.79913,+002.48755,168.0,2.0,140.6,0F


[8939329]	$DSM0C,152209,+50.80261,+002.48291,164.0,8.0,226.4,0F


[8939391]	$DSM0E,152209,+50.80004,+002.48602,266.0,3.0,202.5,0F


[8939875]	$DSM00,152210,+50.77732,+002.46851,3168.0,77.0,184.2,0F


[8940282]	$DSM0B,152210,+50.79912,+002.48757,168.0,2.0,123.7,0F


[8940329]	$DSM0C,152210,+50.80257,+002.48280,166.0,9.0,229.2,0F


[8940875]	$DSM00,152211,+50.77662,+002.46845,3168.0,77.0,184.2,0F


[8940938]	$DSM01,152211,+50.80003,+002.48531,164.0,0.0,0.0,0F


[8941032]	$DSM04,152211,+50.79995,+002.48600,262.0,6.0,201.1,0F


[8941297]	$DSM0B,152211,+50.79911,+002.48759,168.0,1.0,125.2,0F


[8941329]	$DSM0C,152211,+50.80252,+002.48270,168.0,9.0,233.4,0F


[8941391]	$DSM0E,152211,+50.79996,+002.48596,266.0,6.0,201.1,0F


[8941875]	$DSM00,152212,+50.77593,+002.46838,3170.0,76.0,182.8,0F


[8941938]	$DSM01,152212,+50.80003,+002.48531,164.0,0.0,0.0,0F


[8942032]	$DSM04,152212,+50.79989,+002.48596,262.0,6.0,201.1,0F


[8942282]	$DSM0B,152212,+50.79910,+002.48761,166.0,1.0,139.2,0F


[8942313]	$DSM0C,152212,+50.80248,+002.48255,170.0,11.0,234.8,0F


[8942391]	$DSM0E,152212,+50.79990,+002.48594,264.0,5.0,201.1,0F


[8942875]	$DSM00,152213,+50.77524,+002.46836,3174.0,76.0,181.4,0F


[8942938]	$DSM01,152213,+50.80003,+002.48531,164.0,0.0,0.0,0F


[8943032]	$DSM04,152213,+50.79986,+002.48594,262.0,5.0,203.9,0F


[8943297]	$DSM0B,152213,+50.79908,+002.48761,166.0,0.0,0.0,0F


[8943329]	$DSM0C,152213,+50.80241,+002.48242,172.0,10.0,225.0,0F


[8943391]	$DSM0E,152213,+50.79986,+002.48591,264.0,5.0,203.9,0F


[8943875]	$DSM00,152214,+50.77457,+002.46834,3176.0,76.0,180.0,0F


[8944032]	$DSM04,152214,+50.79981,+002.48591,262.0,4.0,203.9,0F


[8944266]	$DSM0B,152214,+50.79908,+002.48761,166.0,0.0,0.0,0F


[8944329]	$DSM0C,152214,+50.80234,+002.48233,172.0,10.0,212.3,0F


[8944391]	$DSM0E,152214,+50.79983,+002.48587,264.0,4.0,202.5,0F


[8944875]	$DSM00,152215,+50.77389,+002.46838,3180.0,75.0,177.2,0F


[8944938]	$DSM01,152215,+50.80003,+002.48531,164.0,0.0,0.0,0F


[8945047]	$DSM04,152215,+50.79978,+002.48587,262.0,3.0,202.5,0F


[8945297]	$DSM0B,152215,+50.79908,+002.48761,166.0,0.0,0.0,0F


[8945329]	$DSM0C,152215,+50.80226,+002.48224,172.0,10.0,202.5,0F


[8945391]	$DSM0E,152215,+50.79980,+002.48585,266.0,3.0,202.5,0F


[8945860]	$DSM00,152216,+50.77322,+002.46843,3184.0,75.0,175.8,0F


[8945922]	$DSM01,152216,+50.80003,+002.48531,164.0,0.0,0.0,0F


[8946032]	$DSM04,152216,+50.79976,+002.48587,262.0,3.0,198.3,0F


[8946266]	$DSM0B,152216,+50.79908,+002.48761,166.0,0.0,0.0,0F


[8946329]	$DSM0C,152216,+50.80217,+002.48218,172.0,10.0,196.9,0F


[8946391]	$DSM0E,152216,+50.79977,+002.48585,266.0,2.0,196.9,0F


[8946875]	$DSM00,152217,+50.77254,+002.46853,3186.0,75.0,174.4,0F


[8946938]	$DSM01,152217,+50.80003,+002.48531,164.0,0.0,0.0,0F


[8947032]	$DSM04,152217,+50.79974,+002.48585,262.0,2.0,194.1,0F


[8947282]	$DSM0B,152217,+50.79908,+002.48761,166.0,0.0,0.0,0F


[8947329]	$DSM0C,152217,+50.80209,+002.48214,172.0,9.0,196.9,0F


[8947407]	$DSM0E,152217,+50.79975,+002.48583,266.0,2.0,195.5,0F


[8947875]	$DSM00,152218,+50.77188,+002.46864,3188.0,74.0,173.0,0F


[8947938]	$DSM01,152218,+50.80001,+002.48531,164.0,0.0,0.0,0B


[8948032]	$DSM04,152218,-00.00106,-000.00009,-30.0,255.0,358.6,7B


[8948282]	$DSM0B,152218,+50.79908,+002.48761,166.0,0.0,0.0,0F


[8948329]	$DSM0C,152218,+50.80201,+002.48212,174.0,7.0,198.3,0F


[8948391]	$DSM0E,152218,+50.79973,+002.48583,266.0,2.0,198.3,0F


[8948875]	$DSM00,152219,+50.77121,+002.46879,3188.0,74.0,171.6,0F


[8948938]	$DSM01,152219,+50.80003,+002.48531,164.0,0.0,0.0,0F


[8949032]	$DSM04,152219,+50.79970,+002.48583,264.0,3.0,201.1,0F


[8949282]	$DSM0B,152219,+50.79908,+002.48761,166.0,0.0,0.0,0F


[8949313]	$DSM0C,152219,+50.80197,+002.48207,174.0,5.0,199.7,0F


[8949391]	$DSM0E,152219,+50.79971,+002.48581,268.0,3.0,202.5,0F


[8949875]	$DSM00,152220,+50.77056,+002.46898,3190.0,74.0,168.7,0F


[8949938]	$DSM01,152220,+50.80003,+002.48531,164.0,0.0,0.0,0F


[8950032]	$DSM04,152220,+50.79967,+002.48581,264.0,4.0,203.9,0F


[8950282]	$DSM0B,152220,+50.79908,+002.48761,166.0,0.0,0.0,0F


[8950329]	$DSM0C,152220,+50.80194,+002.48205,174.0,3.0,203.9,0F


[8950391]	$DSM0E,152220,+50.79968,+002.48579,268.0,4.0,201.1,0F


[8950875]	$DSM00,152221,+50.76990,+002.46920,3190.0,74.0,167.3,0F


[8950938]	$DSM01,152221,+50.80003,+002.48531,164.0,0.0,0.0,0F


[8951032]	$DSM04,152221,+50.79964,+002.48579,264.0,4.0,201.1,0F


[8951282]	$DSM0B,152221,+50.79908,+002.48761,166.0,0.0,0.0,0F


[8951313]	$DSM0C,152221,+50.80192,+002.48203,174.0,2.0,192.7,0F


[8951407]	$DSM0E,152221,+50.79964,+002.48576,268.0,4.0,199.7,0F


[8951875]	$DSM00,152222,+50.76925,+002.46946,3192.0,74.0,164.5,0F


[8951938]	$DSM01,152222,+50.80003,+002.48531,164.0,0.0,0.0,0F


[8952032]	$DSM04,152222,+50.79960,+002.48576,264.0,4.0,198.3,0F


[8952282]	$DSM0B,152222,+50.79908,+002.48761,166.0,0.0,0.0,0F


[8952313]	$DSM0C,152222,+50.80192,+002.48203,174.0,0.0,293.9,0F


[8952391]	$DSM0E,152222,+50.79961,+002.48574,268.0,4.0,199.7,0F


[8952875]	$DSM00,152223,+50.76862,+002.46976,3192.0,74.0,163.1,0F


[8952922]	$DSM01,152223,+50.80003,+002.48531,164.0,0.0,0.0,0F


[8953032]	$DSM04,152223,+50.79958,+002.48574,266.0,3.0,195.5,0F


[8953282]	$DSM0B,152223,+50.79908,+002.48761,166.0,0.0,0.0,0F


[8953329]	$DSM0C,152223,+50.80192,+002.48201,174.0,0.0,296.7,0F


[8953391]	$DSM0E,152223,+50.79959,+002.48574,268.0,2.0,196.9,0F


[8953875]	$DSM00,152224,+50.76797,+002.47008,3192.0,74.0,161.7,0F


[8953938]	$DSM01,152224,+50.80003,+002.48531,164.0,0.0,0.0,0F


[8954032]	$DSM04,152224,+50.79956,+002.48574,266.0,1.0,178.6,0F


[8954297]	$DSM0B,152224,+50.79908,+002.48761,166.0,0.0,0.0,0F


[8954329]	$DSM0C,152224,+50.80192,+002.48201,174.0,0.0,0.0,0F


[8954391]	$DSM0E,152224,+50.79957,+002.48572,268.0,1.0,178.6,0F


[8954875]	$DSM00,152225,+50.76734,+002.47042,3192.0,75.0,158.9,0F


[8954938]	$DSM01,152225,+50.80003,+002.48531,164.0,0.0,0.0,0F


[8955032]	$DSM04,152225,+50.79955,+002.48574,266.0,1.0,151.9,0F


[8955282]	$DSM0B,152225,+50.79908,+002.48761,166.0,0.0,0.0,0F


[8955313]	$DSM0C,152225,+50.80192,+002.48201,174.0,0.0,0.0,0F


[8955875]	$DSM00,152226,+50.76671,+002.47083,3192.0,75.0,157.5,0F


[8955938]	$DSM01,152226,+50.80003,+002.48531,164.0,0.0,0.0,0F


[8956047]	$DSM04,152226,+50.79954,+002.48576,266.0,0.0,0.0,0F


[8956282]	$DSM0B,152226,+50.79908,+002.48761,166.0,0.0,0.0,0F


[8956329]	$DSM0C,152226,+50.80192,+002.48201,174.0,0.0,0.0,0F


[8956391]	$DSM0E,152226,+50.79956,+002.48574,270.0,0.0,0.0,0F


[8956860]	$DSM00,152227,+50.76609,+002.47124,3190.0,75.0,156.1,0F


[8956938]	$DSM01,152227,+50.80003,+002.48531,164.0,0.0,0.0,0F


[8957032]	$DSM04,152227,+50.79954,+002.48576,266.0,0.0,0.0,0F


[8957266]	$DSM0B,152227,+50.79908,+002.48761,166.0,0.0,0.0,0F


[8957329]	$DSM0C,152227,+50.80192,+002.48201,174.0,0.0,0.0,0F


[8957391]	$DSM0E,152227,+50.79956,+002.48574,270.0,0.0,0.0,0F


[8957875]	$DSM00,152228,+50.76548,+002.47171,3188.0,76.0,153.3,0F


[8957938]	$DSM01,152228,+50.80003,+002.48531,164.0,0.0,0.0,0F


[8958047]	$DSM04,152160,+50.75559,+011.01940,16650.0,0.0,112.5,0B


[8958282]	$DSM0B,152228,+50.79908,+002.48761,166.0,0.0,0.0,0F


[8958313]	$DSM0C,152228,+50.80192,+002.48201,174.0,0.0,0.0,0F


[8958407]	$DSM0E,152228,+50.79956,+002.48574,270.0,0.0,0.0,0F


[8958891]	$DSM00,152229,+50.76487,+002.47220,3186.0,76.0,151.9,0F


[8958938]	$DSM01,152229,+50.80003,+002.48531,164.0,0.0,0.0,0F


[8959032]	$DSM04,152229,+50.79954,+002.48576,266.0,0.0,0.0,0F


[8959282]	$DSM0B,152229,+50.79908,+002.48761,166.0,0.0,0.0,0F


[8959329]	$DSM0C,152229,+50.80192,+002.48201,174.0,0.0,0.0,0F


[8959391]	$DSM0E,152229,+50.79956,+002.48574,270.0,0.0,0.0,0F


[8959875]	$DSM00,152230,+50.76428,+002.47274,3184.0,76.0,150.5,0F


[8959938]	$DSM01,152230,+50.80003,+002.48531,164.0,0.0,0.0,0F


[8960032]	$DSM04,152230,+50.79954,+002.48576,266.0,0.0,0.0,0F


[8960282]	$DSM0B,152230,+50.79908,+002.48761,166.0,32.0,0.0,0B


[8960329]	$DSM0C,152230,+50.80192,+002.48201,174.0,0.0,0.0,0F


[8960391]	$DSM0E,152230,+50.79956,+002.48574,270.0,0.0,0.0,0F


[8960875]	$DSM00,152231,+50.76369,+002.47330,3184.0,76.0,147.7,0F


[8960938]	$DSM01,152231,+50.80003,+002.48531,164.0,0.0,0.0,0F


[8961032]	$DSM04,152231,+50.79954,+002.48576,266.0,0.0,0.0,0F


[8961297]	$DSM0B,152231,+50.79908,+002.48761,166.0,0.0,0.0,0F


[8961329]	$DSM0C,152231,+50.80192,+002.48201,174.0,0.0,0.0,0F


[8961391]	$DSM0E,152231,+50.79956,+002.48574,270.0,0.0,0.0,0F


[8961875]	$DSM00,152232,+50.76312,+002.47390,3182.0,77.0,146.2,0F


[8961938]	$DSM01,152232,+50.80003,+002.48531,164.0,0.0,0.0,0F


[8962032]	$DSM04,152232,+50.79948,+002.48583,270.0,2.0,140.6,0F


[8962282]	$DSM0B,152232,+50.79908,+002.48761,166.0,0.0,0.0,0F


[8962329]	$DSM0C,152232,+50.80192,+002.48201,174.0,0.0,0.0,0F


[8962391]	$DSM0E,152232,+50.79951,+002.48581,272.0,2.0,150.5,0F


[8962875]	$DSM00,152233,+50.76256,+002.47452,3180.0,77.0,143.4,0F


[8962938]	$DSM01,152233,+50.80003,+002.48531,164.0,0.0,0.0,0F


[8963032]	$DSM04,152233,+50.79948,+002.48585,270.0,2.0,143.4,0F


[8963282]	$DSM0B,152233,+50.79908,+002.48761,166.0,0.0,0.0,0F


[8963329]	$DSM0C,152233,+50.80192,+002.48201,174.0,0.0,0.0,0F


[8963391]	$DSM0E,152233,+50.79948,+002.48583,272.0,2.0,151.9,0F


[8963875]	$DSM00,152234,+50.76200,+002.47519,3180.0,77.0,142.0,0F


[8963922]	$DSM01,152234,+50.80003,+002.48531,164.0,0.0,0.0,0F


[8964032]	$DSM04,152234,+50.79945,+002.48587,272.0,2.0,144.8,0F


[8964282]	$DSM0B,152234,+50.79908,+002.48761,166.0,0.0,0.0,0F


[8964313]	$DSM0C,152234,+50.80192,+002.48201,174.0,0.0,0.0,0F


[8964391]	$DSM0E,152234,+50.79948,+002.48585,272.0,3.0,146.2,0F


[8964875]	$DSM00,152235,+50.76147,+002.47589,3180.0,77.0,139.2,0F


[8964938]	$DSM01,152235,+50.80003,+002.48531,164.0,0.0,0.0,0F


[8965032]	$DSM04,152235,+50.79943,+002.48587,272.0,2.0,137.8,0F


[8965282]	$DSM0B,152235,+50.79908,+002.48761,166.0,0.0,0.0,0F


[8965329]	$DSM0C,152235,+50.80192,+002.48201,174.0,0.0,0.0,0F


[8965391]	$DSM0E,152235,+50.79945,+002.48587,272.0,3.0,136.4,0F


[8965875]	$DSM00,152236,+50.76096,+002.47664,3178.0,77.0,136.4,0F


[8965954]	$DSM01,152236,+50.80003,+002.48531,164.0,0.0,0.0,0F


[8966047]	$DSM04,152236,+50.79942,+002.48591,272.0,2.0,126.6,0F


[8966282]	$DSM0B,152236,+50.79908,+002.48761,166.0,0.0,0.0,0F


[8966329]	$DSM0C,152236,+50.80192,+002.48201,174.0,0.0,0.0,0F


[8966391]	$DSM0E,152236,+50.79943,+002.48589,272.0,2.0,129.4,0F


[8966875]	$DSM00,152237,+50.76048,+002.47742,3178.0,77.0,133.6,0F


[8966938]	$DSM01,152237,+50.80003,+002.48531,164.0,0.0,0.0,0F


[8967047]	$DSM04,152237,+50.79940,+002.48594,272.0,3.0,129.4,0F


[8967282]	$DSM0B,152237,+50.79908,+002.48761,166.0,0.0,0.0,0F


[8967329]	$DSM0C,152237,+50.80192,+002.48201,174.0,0.0,0.0,0F


[8967391]	$DSM0E,152237,+50.79943,+002.48591,272.0,2.0,126.6,0F


[8967860]	$DSM00,152238,+50.76000,+002.47823,3178.0,77.0,130.8,0F


[8967938]	$DSM01,152238,+50.80003,+002.48531,164.0,0.0,0.0,0F


[8968032]	$DSM04,152238,+50.79939,+002.48596,272.0,3.0,130.8,0F


[8968266]	$DSM0B,152238,+50.79908,+002.48761,166.0,0.0,0.0,0F


[8968329]	$DSM0C,152238,+50.80192,+002.48201,174.0,0.0,0.0,0F


[8968391]	$DSM0E,152238,+50.79940,+002.48594,272.0,2.0,126.6,0F


[8968875]	$DSM00,152239,+50.75955,+002.47907,3178.0,77.0,128.0,0F


[8968938]	$DSM01,152239,+50.80003,+002.48531,164.0,0.0,0.0,0F


[8969047]	$DSM04,152239,+50.79937,+002.48598,272.0,2.0,136.4,0F


[8969282]	$DSM0B,152239,+50.80046,+002.13605,166.0,0.0,0.0,0B


[8969313]	$DSM0C,152239,+50.80192,+002.48201,174.0,0.0,0.0,0F


[8969407]	$DSM0E,152239,+50.79940,+002.48596,272.0,2.0,137.8,0F


[8969875]	$DSM00,152240,+50.75914,+002.47995,3178.0,77.0,125.2,0F


[8969938]	$DSM01,152240,+50.80003,+002.48531,164.0,0.0,0.0,0F


[8970032]	$DSM04,152240,+50.79936,+002.48600,272.0,1.0,137.8,0F


[8970282]	$DSM0B,152240,+50.79908,+002.48761,166.0,0.0,0.0,0F


[8970313]	$DSM0C,152240,+50.80192,+002.48201,174.0,0.0,0.0,0F


[8970391]	$DSM0E,152240,+50.79939,+002.48598,272.0,2.0,146.2,0F


[8970875]	$DSM00,152241,+50.75876,+002.48087,3178.0,78.0,122.3,0F


[8970938]	$DSM01,152241,+50.80003,+002.48531,164.0,0.0,0.0,0F


[8971032]	$DSM04,152241,+50.79936,+002.48602,272.0,1.0,143.4,0F


[8971297]	$DSM0B,152241,+50.79908,+002.48761,166.0,0.0,0.0,0F


[8971329]	$DSM0C,152241,+50.80192,+002.48201,174.0,0.0,0.0,0F


[8971407]	$DSM0E,152241,+50.79937,+722.48595,16654.0,1.0,146.2,0B


[8971875]	$DSM00,152242,+50.75839,+002.48182,3178.0,78.0,120.9,0F


[8971938]	$DSM01,152242,+50.80003,+002.48531,164.0,0.0,0.0,0F


[8972032]	$DSM04,152242,+50.79934,+002.48602,272.0,1.0,130.8,0F


[8972329]	$DSM0C,152242,+50.80192,+002.48201,174.0,0.0,0.0,0F


[8972391]	$DSM0E,152242,+50.79936,+002.48600,270.0,1.0,132.2,0F


[8972875]	$DSM00,152243,+50.75805,+002.48278,3178.0,78.0,118.1,0F


[8972938]	$DSM01,152243,+50.80003,+002.48531,164.0,0.0,0.0,0F


[8973047]	$DSM04,152243,+50.79934,+002.48604,272.0,2.0,125.2,0F


[8973282]	$DSM0B,152243,+50.79908,+002.48761,166.0,0.0,0.0,0F


[8973313]	$DSM0C,152243,+50.80192,+002.48201,174.0,0.0,0.0,0F


[8973391]	$DSM0E,152243,+50.79936,+002.48602,270.0,2.0,123.7,0F


[8973875]	$DSM00,152244,+50.75774,+002.48377,3178.0,78.0,115.3,0F


[8973938]	$DSM01,152244,+50.80003,+002.48531,164.0,0.0,0.0,0F


[8974032]	$DSM04,152244,+50.79932,+002.48606,274.0,2.0,125.2,0F


[8974282]	$DSM0B,152244,+50.79908,+002.48761,166.0,0.0,0.0,0F


[8974329]	$DSM0C,152244,+50.80192,+002.48201,174.0,0.0,0.0,0F


[8974391]	$DSM0E,152244,+50.79934,+002.48604,270.0,2.0,123.7,0F


[8974875]	$DSM00,152245,+50.75746,+002.48478,3178.0,78.0,112.5,0F


[8974938]	$DSM01,152245,+50.80003,+002.48531,164.0,0.0,0.0,0F


[8975032]	$DSM04,152245,+50.79932,+002.48609,274.0,2.0,130.8,0F


[8975282]	$DSM0B,152245,+50.79908,+002.48761,166.0,0.0,0.0,0F


[8975297]	$DSM0C,152245,+50.80192,+002.48201,174.0,0.0,0.0,0F


[8975391]	$DSM0E,152245,+50.79933,+002.48606,270.0,2.0,128.0,0F


[8975875]	$DSM00,152246,+50.75720,+002.48583,3178.0,78.0,109.7,0F


[8975938]	$DSM01,152246,+50.80003,+002.48531,164.0,0.0,0.0,0F


[8976032]	$DSM04,152246,+50.79930,+002.48611,272.0,2.0,137.8,0F


[8976282]	$DSM0B,152246,+50.79908,+002.48761,166.0,0.0,0.0,6B


[8976313]	$DSM0C,152246,+50.80192,+002.48201,174.0,0.0,0.0,0F


[8976391]	$DSM0E,152246,+50.79932,+002.48609,270.0,2.0,133.6,0F


[8976875]	$DSM00,152247,+50.75699,+002.48686,3178.0,78.0,108.3,0F


[8976938]	$DSM01,152247,+50.80003,+002.48531,164.0,0.0,0.0,0F


[8977047]	$DSM04,152247,+50.79929,+002.48613,272.0,2.0,146.2,0F


[8977329]	$DSM0C,152247,+50.80192,+002.48201,174.0,0.0,0.0,0F


[8977391]	$DSM0E,152247,+50.79930,+002.48611,270.0,2.0,144.8,0F


[8977875]	$DSM00,152248,+50.75678,+002.48793,3178.0,78.0,105.5,0F


[8977938]	$DSM01,152248,+50.80003,+002.48531,164.0,0.0,0.0,0F


[8978047]	$DSM04,152248,+50.79927,+002.48613,272.0,2.0,161.7,0F


[8978282]	$DSM0B,152248,+50.79908,+002.48761,166.0,0.0,0.0,0F


[8978329]	$DSM0C,152248,+50.80192,+002.48201,174.0,0.0,0.0,0F


[8978391]	$DSM0E,152248,+50.79930,+002.48611,268.0,2.0,163.1,0F


[8978875]	$DSM00,152249,+50.75662,+002.48900,3178.0,78.0,102.7,0F


[8978954]	$DSM01,152249,+50.80003,+002.48531,164.0,0.0,0.0,0F


[8979047]	$DSM04,152249,+50.79926,+002.48615,270.0,2.0,170.2,0F


[8979297]	$DSM**,152249,+50.79908,+002.48761,166.0,0.0,0.0,0B


[8979329]	$DSM0C,152249,+50.80192,+002.48201,174.0,0.0,0.0,0F


[8979391]	$DSM0E,152249,+50.79928,+002.48613,268.0,2.0,174.4,0F


[8979875]	$DSM00,152250,+50.75648,+002.49010,3178.0,78.0,99.8,0F


[8979938]	$DSM01,152250,+50.80003,+002.48531,164.0,0.0,0.0,0F


[8980032]	$DSM04,152250,+50.79924,+002.48615,270.0,2.0,181.4,0F


[8980297]	$DSM0B,152250,+50.79908,+002.48761,166.0,0.0,0.0,0F


[8980313]	$DSM0C,152250,+50.80192,+002.48201,174.0,0.0,0.0,0F


[8980391]	$DSM0E,152250,+50.79927,+002.48613,266.0,2.0,181.4,0F


[8980875]	$DSM00,152251,+50.75637,+002.49119,3178.0,78.0,98.4,0F


[8980938]	$DSM01,152251,+50.80003,+002.48531,164.0,0.0,0.0,0F


[8981282]	$DSM0B,152251,+50.79908,+002.48761,166.0,0.0,0.0,0F


[8981329]	$DSM0C,152251,+50.80192,+002.48201,174.0,0.0,0.0,0F


[8981391]	$DSM0E,152251,+50.79924,+002.48613,264.0,1.0,174.4,0F


[8981860]	$DSM00,152252,+50.75630,+002.49231,3178.0,78.0,95.6,0F


[8981938]	$DSM01,152252,+50.80003,+002.48531,164.0,0.0,0.0,0F


[8982047]	$DSM04,152252,+50.79921,+002.48615,268.0,1.0,153.3,0F


[8982313]	$DSM0C,152252,+50.80192,+002.48201,174.0,0.0,0.0,0F


[8982391]	$DSM0E,152252,+50.79924,+002.48613,-88.0,1.0,156.1,0B


[8982875]	$DSM00,152253,+50.75626,+002.49342,3178.0,78.0,92.8,0F


[8982938]	$DSM01,152253,+50.80003,+002.48531,164.0,0.0,0.0,0F


[8983032]	$DSM04,152253,+50.79921,+002.48615,266.0,0.0,0.0,0F


[8983297]	$DSM0B,152253,+50.79908,+002.48761,166.0,0.0,0.0,0F


[8983313]	$DSM0C,152253,+50.80192,+002.48201,174.0,0.0,0.0,0F


[8983375]	$DSM0E,152253,+50.79924,+002.48613,264.0,0.0,0.0,0F


[8983875]	$DSM00,152254,+50.75624,+002.49452,3176.0,78.0,90.0,0F


[8983938]	$DSM01,152254,+50.80003,+002.48531,164.0,0.0,0.0,0F


[8984047]	$DSM04,152254,+50.79921,+002.48615,266.0,0.0,0.0,0F


[8984282]	$DSM0B,152254,+50.79908,+002.48761,166.0,0.0,0.0,0F


[8984313]	$DSM0C,152254,+50.80192,+002.48201,174.0,0.0,0.0,0F


[8984391]	$DSM0E,152254,+50.79924,+002.48613,264.0,0.0,0.0,0F


[8984875]	$DSM00,152255,+50.75626,+002.49563,3176.0,78.0,87.2,0F


[8984938]	$DSM01,152255,+50.80003,+002.48531,164.0,0.0,0.0,0F


[8985032]	$DSM04,152255,+50.79921,+002.48615,266.0,0.0,0.0,0F


[8985282]	$DSM0B,152255,+50.79908,+002.48761,166.0,0.0,0.0,0F


[8985329]	$DSM0C,152255,+50.80192,+002.48201,174.0,0.0,0.0,0F


[8985391]	$DSM0E,152255,+50.79924,+002.48613,264.0,0.0,0.0,0F


[8985875]	$DSM00,152256,+50.75630,+002.49675,3176.0,78.0,85.8,0F


[8985922]	$DSM01,152256,+50.80003,+002.48531,164.0,0.0,0.0,0F


[8986282]	$DSM0B,152256,+50.79908,+002.48761,166.0,0.0,0.0,0F


[8986313]	$DSM0C,152256,+50.80192,+002.48201,174.0,0.0,0.0,0F


[8986391]	$DSM0E,152256,+50.79927,+002.48615,264.0,2.0,21.1,0F


[8986875]	$DSM00,152257,+50.75639,+002.49787,3174.0,78.0,83.0,0F


[8986938]	$DSM01,152257,+50.80003,+002.48531,164.0,0.0,0.0,0F


[8987032]	$DSM04,152257,+50.79924,+002.48619,266.0,2.0,23.9,0F


[8987282]	$DSM0B,152257,+50.79908,+002.48761,166.0,0.0,0.0,0F


[8987313]	$DSM0C,152257,+50.80192,+002.48201,174.0,0.0,0.0,0F


[8987375]	$DSM0E,152257,+50.79929,+002.48617,264.0,2.0,22.5,0F


[8987860]	$DSM00,152258,+50.75649,+002.49898,3174.0,78.0,80.2,0F


[8987938]	$DSM01,152258,+50.80003,+002.48531,164.0,0.0,0.0,0F


[8988032]	$DSM04,152258,+50.79927,+002.48621,266.0,2.0,21.1,0F


[8988266]	$DSM0B,152258,+50.79908,+002.48761,166.0,0.0,0.0,0F


[8988329]	$DSM0C,152258,+50.80192,+002.48201,174.0,0.0,0.0,0F


[8988391]	$DSM0E,152258,+50.79931,+002.48617,266.0,2.0,25.3,0F


[8988875]	$DSM00,152259,+50.75662,+002.50008,3174.0,78.0,77.3,0F


[8988938]	$DSM01,152259,+50.80003,+002.48531,164.0,0.0,0.0,0F


[8989047]	$DSM04,152259,+50.79929,+002.48621,266.0,2.0,29.5,0F


[8989297]	$DSM0B,152259,+50.79908,+002.48761,166.0,0.0,0.0,0F


[8989329]	$DSM0C,152259,+50.80192,+002.48201,174.0,0.0,0.0,0F


[8989375]	$DSM0E,152259,+50.79932,+002.48619,266.0,2.0,30.9,0F


[8989860]	$DSM00,152300,+50.75680,+002.50115,3172.0,78.0,75.9,0F


[8989938]	$DSM01,152300,+50.80003,+002.48531,164.0,0.0,0.0,0F


[8990032]	$DSM04,152300,+50.79930,+002.48624,268.0,1.0,40.8,0F


[8990282]	$DSM0B,152300,+50.79908,+002.48761,166.0,0.0,0.0,0F


[8990329]	$DSM0C,152300,+50.80192,+002.48201,174.0,0.0,0.0,0F


[8990391]	$DSM0E,152300,+50.79933,+002.48619,268.0,1.0,29.5,0F


[8990875]	$DSM00,152301,+50.75699,+002.50222,3172.0,78.0,73.1,0F


[8990938]	$DSM01,152301,+50.80003,+002.48531,164.0,0.0,0.0,0F


[8991032]	$DSM04,152301,+50.79931,+002.48624,268.0,1.0,357.2,0F


[8991282]	$DSM0B,152301,+50.79908,+002.48761,166.0,0.0,0.0,0F


[8991329]	$DSM0C,152301,+50.80192,+002.48201,174.0,0.0,0.0,0F


[8991407]	$DSM0E,152301,+50.79933,+002.48619,268.0,1.0,350.2,0F


[8991875]	$DSM00,152302,+50.75721,+002.50329,3172.0,78.0,70.3,0F


[8991938]	$DSM01,152302,+50.80003,+002.48531,164.0,0.0,0.0,0F


[8992032]	$DSM04,152302,+50.79931,+002.48621,270.0,0.0,0.0,0F


[8992297]	$DSM0B,152302,+50.79908,+002.48761,166.0,0.0,0.0,0F


[8992329]	$DSM0C,152302,+50.80192,+002.48201,174.0,0.0,0.0,0F


[8992875]	$DSM00,152303,+50.75747,+002.50432,3170.0,78.0,67.5,0F


[8992938]	$DSM01,152303,+50.80003,+002.48531,164.0,0.0,0.0,0F


[8993032]	$DSM04,152303,+50.79931,+002.48621,270.0,0.0,0.0,0F


[8993282]	$DSM0B,152303,+50.79908,+002.48761,166.0,0.0,0.0,0F


[8993329]	$DSM0C,152303,+50.80192,+002.48201,174.0,0.0,0.0,0F


[8993407]	$DSM0E,152303,+50.79934,+002.48619,268.0,0.0,0.0,0F


[8993875]	$DSM00,152304,+50.75775,+002.50535,3170.0,78.0,66.1,0F


[8993938]	$DSM01,152304,+50.80003,+002.48531,164.0,0.0,0.0,0F


[8994282]	$DSM0B,152304,+50.79908,+002.48761,166.0,0.0,0.0,0F


[8994313]	$DSM0C,152304,+50.80192,+002.48201,174.0,0.0,0.0,0F


[8994391]	$DSM0E,152304,+50.79934,+002.48619,268.0,0.0,0.0,0F


[8994860]	$DSM00,152305,+50.75806,+002.50636,3170.0,78.0,63.3,0F


[8994938]	$DSM01,152305,+50.80003,+002.48531,164.0,0.0,0.0,0F


[8995047]	$DSM04,152305,+50.79931,+002.48621,270.0,0.0,0.0,0F


[8995282]	$DSM0B,152305,+50.79908,+002.48761,166.0,0.0,0.0,0F


[8995313]	$DSM0C,152305,+50.80192,+002.48201,174.0,0.0,0.0,0F


[8995391]	$DSM0E,152305,+50.79934,+002.48619,268.0,0.0,0.0,0F


[8995875]	$DSM00,152306,+50.75839,+002.50733,3170.0,78.0,60.5,0F


[8995938]	$DSM01,152306,+50.80003,+002.48531,164.0,0.0,0.0,0F


[8996032]	$DSM04,152306,+50.79931,+002.48621,270.0,0.0,0.0,0F


[8996282]	$DSM0B,152306,+50.79908,+002.48761,166.0,0.0,0.0,0F


[8996329]	$DSM0C,152306,+50.80192,+002.48201,174.0,0.0,0.0,0F


[8996860]	$DSM00,152307,+50.75876,+002.50829,3170.0,78.0,57.7,0F


[8996938]	$DSM01,152307,+50.80003,+002.48531,164.0,0.0,0.0,0F


[8997032]	$DSM04,152307,+50.79931,+002.48621,270.0,0.0,0.0,0F


[8997282]	$DSM0B,152307,+50.79908,+002.48761,166.0,0.0,0.0,0F


[8997313]	$DSM0C,152307,+50.80192,+002.48201,174.0,0.0,0.0,0F


[8997391]	$DSM0E,152307,+50.79934,+002.48619,268.0,0.0,0.0,0F


[8997875]	$DSM00,152308,+50.75914,+002.50922,3170.0,78.0,56.2,0F


[8997938]	$DSM01,152308,+50.80003,+002.48531,164.0,0.0,0.0,0F


[8998032]	$DSM04,152308,+50.79931,+002.48621,270.0,0.0,0.0,0F


[8998282]	$DSM0B,152308,+50.79908,+002.48761,166.0,0.0,0.0,0F


[8998313]	$DSM0C,152308,+50.80192,+002.48201,174.0,0.0,0.0,0F


[8998391]	$DSM0E,152308,+50.79934,+002.48619,268.0,0.0,0.0,0F


[8998875]	$DSM00,152309,+50.75955,+002.51012,3170.0,77.0,53.4,0F


[8998938]	$DSM01,152309,+50.80003,+002.48531,164.0,0.0,0.0,0F


[8999032]	$DSM04,152309,+50.79931,+002.48621,270.0,0.0,0.0,0F


[8999266]	$DSM0B,152309,+50.79908,+002.48761,166.0,0.0,0.0,0F


[8999329]	$DSM0C,152309,+50.80192,+002.48201,174.0,0.0,0.0,0F


[8999391]	$DSM0E,152309,+50.79934,+002.48619,268.0,0.0,0.0,0F


[8999875]	$DSM00,152310,+50.75998,+002.51098,3172.0,77.0,50.6,0F


[8999938]	$DSM01,152310,+50.80003,+002.48531,164.0,0.0,0.0,0F


[9000047]	$DSM04,152310,+50.79931,+002.48621,270.0,0.0,0.0,0F


[9000282]	$DSM0B,152310,+50.79908,+002.48761,166.0,0.0,0.0,0F


[9000329]	$DSM0C,152310,+50.80192,+002.48186,182.0,2.0,302.3,0F


[9000391]	$DSM0E,152310,+50.79934,+002.48619,268.0,0.0,0.0,0F


[9000860]	$DSM00,152311,+50.76044,+002.51181,3172.0,77.0,49.2,0F


[9000938]	$DSM01,152311,+50.80003,+002.48531,164.0,0.0,0.0,0F


[9001032]	$DSM04,152311,+50.79931,+002.48621,270.0,0.0,0.0,0F


[9001266]	$DSM0B,152311,+50.79908,+002.48761,166.0,0.0,0.0,0F


[9001313]	$DSM0C,152311,+50.80193,+002.48182,182.0,4.0,292.5,0F


[9001391]	$DSM0E,152311,+50.79934,+002.48619,268.0,0.0,0.0,0F


[9001875]	$DSM00,152312,+50.76092,+002.51263,3172.0,77.0,46.4,0F


[9001938]	$DSM01,152312,+50.80003,+002.48531,164.0,0.0,0.0,0F


[9002032]	$DSM04,152312,+50.79931,+002.48621,270.0,0.0,0.0,0F


[9002282]	$DSM0B,152312,+50.79908,+002.48761,166.0,0.0,0.0,0F


[9002329]	$DSM0C,152312,+50.80194,+002.48175,184.0,5.0,288.3,0F


[9002407]	$DSM0E,152312,+50.79934,+002.48619,268.0,0.0,0.0,0F


[9002875]	$DSM00,152313,+50.76140,+002.51340,3174.0,77.0,45.0,0F


[9002938]	$DSM01,152313,+50.80003,+002.48531,164.0,0.0,0.0,0F


[9003047]	$DSM04,152313,+50.79931,+002.48621,270.0,0.0,0.0,0F


[9003297]	$DSM0B,152313,+50.79908,+002.48761,166.0,0.0,0.0,0F


[9003329]	$DSM0C,152313,+50.80195,+002.48169,184.0,5.0,288.3,0F


[9003391]	$DSM0E,152313,+50.79934,+002.48619,268.0,0.0,0.0,0F


[9003875]	$DSM00,152314,+50.76190,+002.51415,3174.0,76.0,42.2,0F


[9003938]	$DSM01,152314,+50.80003,+002.48531,164.0,0.0,0.0,0F


[9004032]	$DSM04,152314,+50.79931,+002.48621,270.0,0.0,0.0,0F


[9004282]	$DSM0B,152314,+50.79908,+002.48761,166.0,0.0,0.0,0F


[9004329]	$DSM0C,152314,+50.80196,+002.48162,184.0,4.0,284.1,0F


[9004391]	$DSM0E,152314,+50.79934,+002.48619,268.0,0.0,0.0,0F


[9004875]	$DSM00,152315,+50.76243,+002.51486,3174.0,76.0,40.8,0F


[9004938]	$DSM01,152315,+50.80003,+002.48531,164.0,0.0,0.0,0F


[9005047]	$DSM04,152315,+50.79931,+002.48621,270.0,0.0,0.0,0F


[9005282]	$DSM0B,152315,+50.79908,+002.48761,166.0,0.0,0.0,0F


[9005329]	$DSM0C,152315,+50.80196,+002.48156,182.0,4.0,279.8,0F


[9005391]	$DSM0E,152315,+50.79934,+002.48619,268.0,0.0,0.0,0F


[9005875]	$DSM00,152316,+50.76296,+002.51555,3176.0,76.0,38.0,0F


[9005922]	$DSM01,152316,+50.80003,+002.48531,164.0,0.0,0.0,0F


[9006032]	$DSM04,152316,+50.79931,+002.48621,270.0,0.0,0.0,0F


[9006282]	$DSM0B,152316,+50.79908,+002.48761,166.0,0.0,0.0,0F


[9006313]	$DSM0C,152316,+50.80196,+002.48152,182.0,3.0,277.0,0F


[9006391]	$DSM0E,152316,+50.79934,+002.48619,268.0,0.0,0.0,0F


[9006875]	$DSM00,152317,+50.76350,+002.51621,3178.0,76.0,36.6,0F


[9006938]	$DSM01,152317,+50.80003,+002.48531,164.0,0.0,0.0,0F


[9007032]	$DSM04,152317,+50.79931,+002.48621,270.0,0.0,0.0,0F


[9007282]	$DSM0B,152317,+50.79908,+002.48761,166.0,0.0,0.0,0F


[9007329]	$DSM0C,152317,+50.80197,+002.48147,182.0,3.0,275.6,0F


[9007875]	$DSM00,152318,+50.76406,+002.51683,3178.0,75.0,35.2,0F


[9007938]	$DSM01,152318,+50.80003,+002.48531,164.0,0.0,0.0,0F


[9008032]	$DSM04,152318,+50.79931,+002.48621,270.0,0.0,0.0,0F


[9008282]	$DSM0B,152318,+50.79908,+002.48761,166.0,0.0,0.0,0F


[9008313]	$DSM0C,152318,+50.80197,+002.48141,182.0,3.0,278.4,0F


[9008391]	$DSM0E,152318,+50.79934,+002.48619,268.0,0.0,0.0,0F


[9008875]	$DSM00,152319,+50.76461,+002.51746,3180.0,75.0,33.7,0F


[9008938]	$DSM01,152319,+50.80003,+002.48531,164.0,0.0,0.0,0F


[9009032]	$DSM04,152319,+50.79931,+002.48621,270.0,0.0,0.0,0F


[9009282]	$DSM0B,152319,+50.79908,+002.48761,166.0,0.0,0.0,0F


[9009313]	$DSM0C,152319,+50.80197,+002.48137,180.0,4.0,275.6,0F


[9009860]	$DSM00,152320,+50.76517,+002.51806,3180.0,75.0,33.7,0F


[9009954]	$DSM01,152320,+50.80003,+002.48531,164.0,0.0,0.0,0F


[9010032]	$DSM04,152320,+50.79931,+002.48621,270.0,0.0,0.0,0F


[9010282]	$DSM0B,152320,+50.79908,+002.48761,166.0,0.0,0.0,0F


[9010329]	$DSM0C,152320,+50.80198,+002.48130,180.0,4.0,284.1,0F


[9010391]	$DSM0E,152320,+50.79934,+002.48619,268.0,0.0,0.0,0F


[9010875]	$DSM00,152321,+50.76575,+002.51864,3182.0,75.0,32.3,0F


[9010938]	$DSM01,152321,+50.80003,+002.48531,164.0,0.0,0.0,0F


[9011047]	$DSM04,152321,+50.79931,+002.48621,270.0,0.0,0.0,0F


[9011297]	$DSM0B,152321,+50.79908,+002.48761,166.0,0.0,0.0,0F


[9011313]	$DSM0C,152321,+50.80200,+002.48124,178.0,5.0,277.0,0F


[9011391]	$DSM0E,152321,+50.79934,+002.48619,268.0,0.0,0.0,0F


[9011860]	$DSM00,152322,+50.76633,+002.51920,3182.0,75.0,32.3,0F


[9011938]	$DSM01,152322,+50.80003,+002.48531,164.0,0.0,0.0,0F


[9012032]	$DSM04,152322,+50.79931,+002.48621,270.0,0.0,0.0,0F


[9012297]	$DSM0B,152322,+50.79908,+002.48761,166.0,0.0,0.0,0F


[9012329]	$DSM0C,152322,+50.80200,+002.48115,178.0,6.0,279.8,0F


[9012391]	$DSM0E,152322,+50.79934,+002.48619,268.0,0.0,0.0,0F


[9012875]	$DSM00,152323,+50.76691,+002.51977,3182.0,75.0,30.9,0F


[9012938]	$DSM01,152323,+50.80003,+002.48531,164.0,0.0,0.0,0F


[9013047]	$DSM04,152323,+50.79931,+002.48621,270.0,0.0,0.0,0F


[9013297]	$DSM0B,152323,+50.79908,+002.48761,166.0,0.0,0.0,0F


[9013313]	$DSM0C,152323,+50.80200,+002.48104,178.0,6.0,279.8,0F


[9013407]	$DSM0E,152323,+50.79934,+002.66232,260.0,0.0,182.8,0B


[9013875]	$DSM00,152324,+50.76749,+002.52031,3180.0,75.0,30.9,0F


[9013938]	$DSM01,152324,+50.80003,+002.48531,164.0,0.0,0.0,0F


[9014032]	$DSM04,152324,+50.79931,+002.48621,14.0,0.0,0.0,0B


[9014297]	$DSM0B,152324,+50.79908,+002.48761,166.0,0.0,0.0,0F


[9014329]	$DSM0C,152324,+50.80201,+002.48096,178.0,6.0,275.6,0F


[9014391]	$DSM0E,152324,+50.79934,+002.48619,268.0,0.0,0.0,0F


[9014875]	$DSM00,152325,+50.76808,+002.52087,3180.0,75.0,30.9,0F


[9014938]	$DSM01,152325,+50.80003,+002.48531,164.0,0.0,0.0,0F


[9015047]	$DSM04,152325,+50.79931,+002.48621,270.0,0.0,0.0,0F


[9015282]	$DSM0B,152325,+50.79908,+002.48761,166.0,0.0,0.0,0F


[9015313]	$DSM0C,152325,+50.80201,+002.48087,176.0,6.0,277.0,0F


[9015391]	$DSM0E,152325,+50.79934,+002.48619,268.0,0.0,0.0,0F


[9015875]	$DSM00,152326,+50.76866,+002.52141,3180.0,76.0,30.9,0F


[9015938]	$DSM01,152326,+50.80003,+002.48531,164.0,0.0,0.0,0F


[9016032]	$DSM04,152326,+50.79931,+002.48621,270.0,0.0,0.0,0F


[9016282]	$DSM0B,152326,+50.79908,+002.48761,166.0,0.0,0.0,0F


[9016329]	$DSM0C,152326,+50.80203,+002.48079,176.0,6.0,277.0,0F


[9016391]	$DSM0E,152326,+50.79934,+002.48619,268.0,0.0,0.0,0F


[9016875]	$DSM00,152327,+50.76926,+002.52194,3180.0,76.0,29.5,0F


[9016938]	$DSM01,152327,+50.80003,+002.48531,164.0,0.0,0.0,0F


[9017047]	$DSM04,152327,+50.79931,+002.48621,270.0,0.0,0.0,0F


[9017282]	$DSM0B,152327,+50.79908,+002.48761,166.0,0.0,0.0,0F


[9017297]	$DSM0C,152327,+50.80204,+002.48068,176.0,7.0,279.8,0F


[9017391]	$DSM0E,152327,+50.79934,+002.48619,268.0,0.0,0.0,0B


[9017875]	$DSM00,152328,+50.76985,+002.52248,3178.0,76.0,29.5,0F


[9017938]	$DSM01,152328,+50.80003,+002.48531,164.0,0.0,0.0,0F


[9018032]	$DSM04,152328,+50.79931,+002.48621,270.0,0.0,0.0,0F


[9018282]	$DSM0B,152328,+50.79908,+002.48761,166.0,0.0,0.0,0F


[9018313]	$DSM0C,152328,+50.80204,+002.48059,178.0,7.0,278.4,0F


[9018391]	$DSM0E,152328,+50.79934,+002.48619,268.0,0.0,0.0,0F


[9018875]	$DSM00,152329,+50.77044,+002.52301,3178.0,76.0,29.5,0F


[9018954]	$DSM01,152329,+50.80003,+002.48531,164.0,0.0,0.0,0F


[9019032]	$DSM04,152329,-84.20069,+002.48621,270.0,0.0,0.0,0B


[9019266]	$DSM0B,152329,+50.79908,+002.48761,166.0,0.0,0.0,0F


[9019329]	$DSM0C,152329,+50.80206,+002.48049,178.0,7.0,278.4,0F


[9019391]	$DSM0E,152329,+50.79934,+002.48619,268.0,0.0,0.0,0F


[9019860]	$DSM00,152330,+50.77104,+002.52355,3176.0,76.0,29.5,0F


[9019938]	$DSM01,152330,+50.80003,+002.48531,164.0,0.0,0.0,0F


[9020032]	$DSM04,152330,+50.79931,+002.48621,270.0,0.0,0.0,0F


[9020282]	$DSM0B,152330,+50.79908,+002.48761,166.0,0.0,0.0,0F


[9020313]	$DSM0C,152330,+50.80207,+002.48038,178.0,7.0,278.4,0F


[9020391]	$DSM0E,152330,+50.79934,+002.48619,268.0,0.0,0.0,0F


[9020860]	$DSM00,152331,+50.77163,+002.52409,3176.0,76.0,29.5,0F


[9020938]	$DSM01,152331,+50.80003,+002.48531,164.0,0.0,0.0,0F


[9021329]	$DSM0C,152331,+50.80207,+002.48029,176.0,7.0,278.4,0F


[9021391]	$DSM0E,152331,+50.79934,+002.48619,268.0,0.0,0.0,0F


[9021875]	$DSM00,152332,+50.77223,+002.52462,3174.0,76.0,29.5,0F


[9021938]	$DSM01,152332,+50.80003,+002.48531,164.0,0.0,0.0,0F


[9022282]	$DSM0B,152332,+50.79908,+002.48761,166.0,0.0,0.0,0F


[9022329]	$DSM0C,152332,+50.80208,+002.48019,176.0,6.0,274.2,0F


[9022391]	$DSM0E,152332,+50.79934,+002.48619,268.0,0.0,0.0,0F


[9022875]	$DSM00,152333,+50.77282,+002.52516,3174.0,76.0,29.5,0F


[9022938]	$DSM01,152333,+50.80003,+002.48531,164.0,0.0,0.0,0F


[9023032]	$DSM04,152333,+50.79931,+002.48621,270.0,0.0,0.0,0F


[9023266]	$DSM0B,152333,+50.79908,+002.48761,166.0,0.0,0.0,0F


[9023313]	$DSM0C,152333,+50.80208,+002.48010,174.0,7.0,274.2,0F


[9023391]	$DSM0E,152333,+50.79934,+002.48619,268.0,0.0,0.0,0F


[9023875]	$DSM00,152334,+50.77341,+002.52570,3172.0,76.0,29.5,0F


[9023938]	$DSM01,152334,+50.80003,+002.48531,164.0,0.0,0.0,0F


[9024032]	$DSM04,152334,+50.79931,+002.48621,270.0,0.0,0.0,0F


[9024282]	$DSM0B,152334,+50.79908,+002.48761,166.0,0.0,0.0,0F


[9024329]	$DSM0C,152334,+50.80209,+002.47999,174.0,7.0,272.8,0F


[9024391]	$DSM0E,152334,+50.79934,+002.48619,268.0,0.0,0.0,0F


[9024875]	$DSM00,152335,+50.77402,+002.52623,3172.0,76.0,29.5,0F


[9024938]	$DSM01,152335,+50.80003,+002.48531,164.0,0.0,0.0,0F


[9025032]	$DSM04,152335,+50.79931,+002.48621,270.0,0.0,0.0,0F


[9025282]	$DSM0B,152335,+50.79908,+002.48761,166.0,0.0,0.0,0F


[9025313]	$DSM0C,152335,+50.80209,+002.47991,172.0,6.0,274.2,0F


[9025391]	$DSM0E,152335,+50.79934,+002.48619,268.0,0.0,0.0,0F


[9025875]	$DSM00,152336,+50.77461,+002.52677,3170.0,76.0,29.5,0F


[9025938]	$DSM01,152336,+50.80003,+002.48531,164.0,0.0,0.0,0F


[9026047]	$DSM04,152336,+50.79931,+002.48621,270.0,0.0,0.0,0F


[9026282]	$DSM0B,152336,+50.79908,+002.48761,166.0,0.0,0.0,0F


[9026313]	$DSM0C,152336,+50.80210,+002.47980,172.0,6.0,274.2,0F


[9026391]	$DSM0E,152336,+50.79934,+002.48619,268.0,0.0,0.0,0F


[9026875]	$DSM00,152337,+50.77521,+002.52728,3170.0,76.0,29.5,0F


[9026938]	$DSM01,152337,+50.80003,+002.48531,164.0,0.0,0.0,0F


[9027032]	$DSM04,152337,+50.79931,+002.48621,270.0,0.0,0.0,0F


[9027297]	$DSM0B,152337,+50.79908,+002.48761,166.0,0.0,0.0,0F


[9027329]	$DSM0C,152337,+50.80210,+002.47971,172.0,255.0,358.6,5A


[9027391]	$DSM0E,152337,+50.79934,+002.48619,268.0,0.0,0.0,0F


[9027875]	$DSM00,152338,+50.77581,+002.52782,3170.0,76.0,28.1,0F


[9027922]	$DSM01,152338,+50.80003,+002.48531,164.0,0.0,0.0,0F


[9028047]	$DSM04,152338,+50.76636,+002.48621,270.0,0.0,0.0,0B


[9028282]	$DSM0B,152338,+50.79908,+002.48761,166.0,0.0,0.0,0F


[9028313]	$DSM0C,152338,+50.80211,+002.47963,172.0,6.0,279.8,0F


[9028391]	$DSM0E,152338,+50.79934,+002.48619,268.0,0.0,0.0,0F


[9028875]	$DSM00,152339,+50.77643,+002.52834,3170.0,76.0,28.1,0F


[9028938]	$DSM01,152339,+50.80003,+002.48531,164.0,0.0,0.0,0F


[9029032]	$DSM04,152339,+50.79931,+002.48621,270.0,0.0,0.0,0F


[9029282]	$DSM0B,152339,+50.79908,+002.48761,166.0,0.0,0.0,0F


[9029329]	$DSM0C,152339,+50.80212,+002.47954,172.0,6.0,281.2,0F


[9029391]	$DSM0E,152339,+50.79934,+002.48619,268.0,0.0,0.0,0F


[9029875]	$DSM00,152340,+50.77703,+002.52883,3170.0,76.0,28.1,0F


[9029954]	$DSM01,152340,+50.80003,+002.48531,164.0,0.0,0.0,0F


[9030032]	$DSM04,152340,+50.79931,+002.48621,270.0,0.0,0.0,0F


[9030282]	$DSM0B,152340,+50.79908,+002.48761,166.0,0.0,0.0,0F


[9030329]	$DSM0C,152340,+50.80213,+002.47946,172.0,7.0,281.2,0F


[9030391]	$DSM0E,152340,+50.79934,+002.48619,268.0,0.0,0.0,0F


[9030875]	$DSM00,152341,+50.77764,+002.52932,3168.0,76.0,28.1,0F


[9030938]	$DSM01,152341,+50.80003,+002.48531,164.0,0.0,0.0,0F


[9031047]	$DSM04,152341,+50.79931,+002.48621,270.0,0.0,0.0,0F


[9031282]	$DSM0B,152341,+50.79908,+002.48761,166.0,0.0,0.0,0F


[9031329]	$DSM0C,152341,+50.80214,+002.47935,172.0,7.0,278.4,0F


[9031391]	$DSM0E,152341,+50.79934,+002.57477,16652.0,0.0,0.0,0B


[9031860]	$DSM00,152342,+50.77825,+002.52982,3168.0,76.0,26.7,0F


[9031938]	$DSM01,152342,+50.80003,+002.48531,164.0,0.0,0.0,0F


[9032047]	$DSM04,152342,+50.79931,+002.48621,270.0,0.0,0.0,0F


[9032282]	$DSM0B,152342,+50.79908,+002.48761,166.0,0.0,0.0,0F


[9032329]	$DSM0C,152342,+50.80216,+002.47926,172.0,7.0,277.0,0F


[9032391]	$DSM0E,152342,+50.79934,+002.48619,268.0,0.0,0.0,0F


[9032875]	$DSM00,152343,+50.77886,+002.53031,3168.0,76.0,26.7,0F


[9032938]	$DSM01,152343,+50.80003,+002.48531,164.0,0.0,0.0,0F


[9033032]	$DSM04,152343,+50.79931,+002.48621,270.0,0.0,0.0,0F


[9033282]	$DSM0B,152343,+50.79908,+002.48761,166.0,0.0,0.0,0F


[9033313]	$DSM0C,152343,+50.80216,+002.47916,172.0,7.0,275.6,0F


[9033391]	$DSM0E,152343,+50.79934,+002.48619,268.0,0.0,0.0,0F


[9033875]	$DSM00,152344,+50.77948,+002.53078,3168.0,76.0,25.3,0F


[9033938]	$DSM01,152344,+50.80003,+002.48531,164.0,0.0,0.0,0F


[9034047]	$DSM04,152344,+50.79931,+002.48621,270.0,0.0,0.0,0F


[9034297]	$DSM0B,152344,+50.79908,+002.48761,166.0,0.0,0.0,0F


[9034329]	$DSM0C,152344,+50.80216,+002.47905,172.0,7.0,278.4,0F


[9034391]	$DSM0E,152344,+50.79937,+002.48619,266.0,2.0,344.5,0F


[9034875]	$DSM00,152345,+50.78008,+002.53123,3166.0,76.0,25.3,0F


[9034938]	$DSM01,152345,+50.80003,+002.48531,164.0,0.0,0.0,0F


[9035032]	$DSM04,152345,+50.79940,+002.48619,270.0,3.0,326.2,0F


[9035297]	$DSM0B,152345,+50.79908,+002.48761,166.0,0.0,0.0,0F


[9035313]	$DSM0C,152345,+50.80217,+002.47896,172.0,7.0,282.7,0F


[9035391]	$DSM0E,152345,+50.79940,+002.48619,266.0,3.0,324.8,0F


[9035875]	$DSM00,152346,+50.78071,+002.53168,3166.0,76.0,23.9,0F


[9035938]	$DSM01,152346,+50.80003,+002.48531,164.0,0.0,0.0,0F


[9036032]	$DSM04,152346,+50.79942,+002.48617,270.0,4.0,313.6,0F


[9036297]	$DSM0B,152346,+50.79908,+002.48761,166.0,0.0,0.0,0F


[9036329]	$DSM0C,152346,+50.80217,+002.47885,170.0,6.0,279.8,0F


[9036391]	$DSM0E,152346,+50.79942,+002.48615,266.0,4.0,313.6,0F


[9036875]	$DSM00,152347,+50.78134,+002.53209,3166.0,76.0,22.5,0F


[9036922]	$DSM01,152347,+50.80003,+002.48531,164.0,0.0,0.0,0F


[9037047]	$DSM04,152347,+50.79944,+002.48613,270.0,4.0,303.7,0F


[9037282]	$DSM0B,152347,+50.79908,+002.48761,166.0,0.0,0.0,0F


[9037313]	$DSM0C,152347,+50.80219,+002.47877,170.0,6.0,274.2,0F


[9037407]	$DSM0E,152347,+50.79944,+002.48611,266.0,4.0,305.2,0F


[9037875]	$DSM00,152348,+50.78196,+002.53252,3166.0,76.0,22.5,0F


[9037938]	$DSM01,152348,+50.80003,+002.48531,164.0,0.0,0.0,0F


[9038032]	$DSM04,152348,+50.79946,+002.48606,270.0,5.0,302.3,0F


[9038297]	$DSM0B,152348,+50.79908,+002.48761,166.0,0.0,0.0,0F


[9038329]	$DSM0C,152348,+50.80219,+002.47868,170.0,6.0,271.4,0F


[9038391]	$DSM0E,152348,+50.79946,+002.48604,268.0,5.0,302.3,0F


[9038860]	$DSM00,152349,+50.78260,+002.53291,3166.0,76.0,21.1,0F


[9038922]	$DSM01,152349,+50.80004,+002.48531,164.0,0.0,0.0,0F


[9039047]	$DSM04,152349,+50.79948,+002.48600,272.0,21.0,303.7,0B


[9039282]	$DSM0B,152349,+50.79908,+002.48761,166.0,0.0,0.0,0F


[9039313]	$DSM0C,152349,+50.80219,+002.47860,168.0,5.0,275.6,0F


[9039391]	$DSM0E,152349,+50.79948,+002.48598,268.0,5.0,303.7,0F


[9039875]	$DSM00,152350,+50.78324,+002.53329,3166.0,76.0,19.7,0F


[9039938]	$DSM01,152350,+50.80004,+002.48531,164.0,0.0,0.0,0F


[9040032]	$DSM04,152350,+50.79951,+002.48594,274.0,5.0,308.0,0F


[9040282]	$DSM0B,152350,+50.79908,+002.48761,166.0,0.0,0.0,0F


[9040313]	$DSM0C,152350,+50.80219,+002.47851,166.0,4.0,267.2,0F


[9040375]	$DSM0E,152350,+50.79951,+002.48594,270.0,5.0,308.0,0F


[9040875]	$DSM00,152351,+50.78388,+002.53366,3166.0,76.0,19.7,0F


[9040954]	$DSM01,152351,+50.80004,+002.48531,164.0,0.0,0.0,0F


[9041032]	$DSM04,152351,+50.79954,+002.48589,274.0,4.0,313.6,0F


[9041282]	$DSM0B,152351,+50.79908,+002.48761,166.0,0.0,0.0,0F


[9041329]	$DSM0C,152351,+50.80217,+002.47847,166.0,4.0,264.4,0F


[9041391]	$DSM0E,152351,+50.79954,+002.48587,270.0,5.0,315.0,0F


[9041875]	$DSM00,152352,+50.78452,+002.53398,3164.0,76.0,18.3,0F


[9041938]	$DSM01,152352,+50.80004,+002.48531,164.0,0.0,0.0,0F


[9042032]	$DSM04,152352,+50.79957,+002.48585,276.0,4.0,319.2,0F


[9042282]	$DSM0B,152352,+50.79908,+002.48761,166.0,0.0,0.0,0F


[9042313]	$DSM0C,152352,+50.80217,+002.47840,166.0,3.0,261.6,0F


[9042391]	$DSM0E,152352,+50.79956,+002.48583,272.0,4.0,320.6,0F


[9042860]	$DSM00,152353,+50.78517,+002.53430,3164.0,76.0,16.9,0F


[9042954]	$DSM01,152353,+50.80004,+002.48531,164.0,0.0,0.0,0F


[9043032]	$DSM04,152353,+50.79960,+002.48581,276.0,4.0,323.4,0F


[9043266]	$DSM0B,152353,+50.79908,+002.48761,166.0,0.0,0.0,0F


[9043329]	$DSM0C,152353,+50.80217,+002.47838,166.0,2.0,248.9,0F


[9043391]	$DSM0E,152353,+50.79959,+002.48581,274.0,4.0,323.4,0F


[9043875]	$DSM00,152354,+50.78583,+002.53460,3162.0,76.0,15.5,0F


[9043938]	$DSM01,152354,+50.80004,+002.48531,164.0,0.0,0.0,0F


[9044032]	$DSM04,152354,+50.79962,+002.48579,278.0,4.0,326.2,0F


[9044282]	$DSM0B,152354,+50.79908,+002.48761,166.0,0.0,0.0,0F


[9044329]	$DSM0C,152354,+50.80216,+002.47836,168.0,2.0,265.8,0F


[9044407]	$DSM0E,152354,+50.79962,+002.48576,274.0,4.0,324.8,0F


[9044875]	$DSM00,152355,+50.78649,+002.53488,3162.0,76.0,14.1,0F


[9044938]	$DSM01,152355,+50.80004,+002.48531,164.0,0.0,0.0,0F


[9045032]	$DSM04,152355,+50.79964,+002.48576,280.0,3.0,323.4,0F


[9045282]	$DSM0B,152355,+50.79908,+002.48761,166.0,0.0,0.0,0F


[9045329]	$DSM0C,152355,+50.80216,+002.47834,166.0,0.0,302.3,0F


[9045391]	$DSM0E,152355,+50.79965,+002.48574,276.0,3.0,324.8,0F


[9045875]	$DSM00,152356,+50.78716,+002.53512,3162.0,76.0,12.7,0F


[9045938]	$DSM01,152356,+50.80004,+002.48531,164.0,0.0,0.0,0F


[9046047]	$DSM04,152356,+50.79967,+002.48572,280.0,3.0,324.8,0F


[9046282]	$DSM0B,152356,+50.79908,+002.48761,166.0,0.0,0.0,0F


[9046313]	$DSM0C,152356,+50.80216,+002.47834,164.0,0.0,320.6,0F


[9046391]	$DSM0E,152356,+50.79967,+002.48572,276.0,3.0,323.4,0F


[9046875]	$DSM00,152357,+50.78783,+002.53533,3160.0,76.0,11.2,0F


[9046938]	$DSM01,152357,+50.80004,+002.48531,164.0,0.0,0.0,0F


[9047032]	$DSM04,152357,+50.79970,+002.48570,282.0,3.0,324.8,0F


[9047297]	$DSM0B,152357,+50.79908,+002.48761,166.0,0.0,0.0,0F


[9047329]	$DSM0C,152357,+50.80216,+002.47834,164.0,0.0,0.0,0F


[9047391]	$DSM0E,152357,+50.79970,+002.48570,278.0,3.0,322.0,0F


[9047860]	$DSM00,152358,+50.78850,+002.53552,3158.0,76.0,9.8,0F


[9047922]	$DSM01,152358,+50.80004,+002.48531,164.0,0.0,0.0,0F


[9048047]	$DSM04,152358,+50.79971,+002.48568,282.0,2.0,316.4,0F


[9048282]	$DSM0B,152358,+50.79908,+002.48761,166.0,0.0,0.0,0F


[9048313]	$DSM0C,152358,+50.80216,+002.47834,164.0,0.0,0.0,0F


[9048391]	$DSM0E,152358,+50.79971,+002.48568,278.0,2.0,316.4,0F


[9048875]	$DSM00,152359,+50.78918,+002.53570,3158.0,76.0,8.4,0F


[9048938]	$DSM01,152359,+50.80004,+002.48531,164.0,0.0,0.0,0F


[9049032]	$DSM04,152359,+50.76710,+722.48569,282.0,3.0,313.6,0B


[9049282]	$DSM0B,152359,+50.79888,+002.48804,156.0,2.0,113.9,0F


[9049313]	$DSM0C,152359,+50.80216,+002.47834,164.0,0.0,0.0,0F


[9049375]	$DSM0E,152359,+50.79972,+002.48564,278.0,2.0,312.2,0F


[9049875]	$DSM00,152400,+50.78987,+002.53582,3156.0,76.0,5.6,0F


[9049954]	$DSM01,152400,+50.80004,+002.48531,164.0,0.0,0.0,0F


[9050047]	$DSM04,152400,+50.79974,+002.48564,282.0,2.0,309.4,0F


[9050282]	$DSM0B,152400,+50.79887,+002.48772,156.0,2.0,126.6,0B


[9050297]	$DSM0C,152400,+50.80216,+002.47834,164.0,0.0,0.0,0F


[9050391]	$DSM0E,152400,+50.79974,+002.48561,278.0,2.0,313.6,0F


[9050875]	$DSM00,152401,+50.79055,+002.53591,3156.0,76.0,4.2,0F


[9050938]	$DSM01,152401,+50.80004,+002.48531,164.0,0.0,0.0,0F


[9051032]	$DSM04,152401,+50.79975,+002.48561,282.0,2.0,317.8,0F


[9051297]	$DSM0B,152401,+50.79885,+002.48808,156.0,3.0,139.2,0F


[9051329]	$DSM0C,152401,+50.80216,+002.47834,164.0,0.0,0.0,0F


[9051375]	$DSM0E,152401,+50.79975,+002.48559,278.0,2.0,317.8,0F


[9051860]	$DSM00,152402,+50.79124,+002.53595,3154.0,76.0,1.4,0F


[9051938]	$DSM01,152402,+50.80004,+002.48531,164.0,0.0,0.0,0F


[9052032]	$DSM04,152402,+50.79977,+002.48559,280.0,3.0,326.2,0F


[9052266]	$DSM0B,152402,+50.79883,+002.48812,158.0,3.0,137.8,0F


[9052329]	$DSM0C,152402,+50.80216,+002.47834,164.0,0.0,0.0,0F


[9052391]	$DSM0E,152402,+50.79977,+002.48557,276.0,2.0,323.4,0F


[9052875]	$DSM00,152403,+50.79193,+002.53597,3152.0,77.0,0.0,0F


[9052922]	$DSM01,152403,+50.80004,+002.48531,164.0,0.0,0.0,0F


[9053047]	$DSM04,152403,+50.79978,+002.48557,280.0,2.0,329.1,0F


[9053297]	$DSM0B,152403,+50.79880,+002.48815,158.0,3.0,130.8,0F


[9053313]	$DSM0C,152403,+50.80216,+002.47834,164.0,0.0,0.0,0F


[9053391]	$DSM0E,152403,+50.79978,+002.48555,276.0,2.0,329.1,0F


[9053875]	$DSM00,152404,+50.79262,+002.53593,3152.0,77.0,357.2,0F


[9053938]	$DSM01,152404,+50.80004,+002.48531,164.0,0.0,0.0,0F


[9054032]	$DSM04,152404,+50.79980,+002.48557,280.0,2.0,331.9,0F


[9054266]	$DSM0B,152404,+50.79879,+002.48819,158.0,4.0,130.8,0F


[9054329]	$DSM0C,152404,+50.80216,+002.47834,164.0,0.0,0.0,0F


[9054391]	$DSM0F,152404,-00.00098,+047.66133,17692.0,34.0,334.7,0B


[9054875]	$DSM00,152405,+50.79330,+002.53587,3150.0,77.0,355.8,0F


[9054938]	$DSM01,152405,+50.80004,+002.48531,164.0,0.0,0.0,0F


[9055282]	$DSM0B,152405,+50.79876,+002.48823,158.0,4.0,130.8,0F


[9055329]	$DSM0C,152405,+50.80216,+002.47834,164.0,0.0,0.0,0F


[9055391]	$DSM0E,152405,+50.79983,+002.48553,276.0,2.0,341.7,0F


[9055875]	$DSM00,152406,+50.79399,+002.53578,3150.0,77.0,354.4,0F


[9055938]	$DSM01,152406,+50.80004,+002.48531,164.0,0.0,0.0,0F


[9056032]	$DSM04,152406,+50.79984,+002.48553,278.0,2.0,341.7,0F


[9056297]	$DSM0B,152406,+50.79874,+002.48827,158.0,4.0,128.0,0F


[9056329]	$DSM0C,152406,+50.80216,+002.47834,164.0,0.0,0.0,0F


[9056391]	$DSM0E,152406,+50.79984,+002.48553,276.0,2.0,345.9,0F


[9056875]	$DSM00,152407,+50.79468,+002.53563,3150.0,77.0,351.6,0F


[9056938]	$DSM01,152407,+50.80004,+002.48531,164.0,0.0,0.0,0F


[9057032]	$DSM04,152407,+50.79986,+002.48553,278.0,3.0,344.5,0F


[9057282]	$DSM0B,152407,+50.79871,+002.48832,158.0,4.0,128.0,0F


[9057329]	$DSM0C,152407,+50.80216,+002.47834,164.0,0.0,0.0,0F


[9057875]	$DSM00,152408,+50.79536,+002.53546,3150.0,76.0,350.2,0F


[9057938]	$DSM01,152408,+50.80004,+002.48531,164.0,0.0,0.0,0F


[9058282]	$DSM0B,152408,+50.79869,+002.48838,158.0,5.0,122.3,0F


[9058329]	$DSM0C,152408,+50.80216,+002.47834,164.0,0.0,0.0,0F


[9058391]	$DSM0E,152408,+50.79988,+002.48551,274.0,3.0,338.9,0F


[9058875]	$DSM00,152409,+50.79603,+002.53522,3150.0,76.0,347.3,0F


[9058922]	$DSM01,152409,+50.80004,+002.48531,164.0,0.0,0.0,0F


[9059032]	$DSM04,152409,+50.79990,+002.48551,276.0,3.0,336.1,0F


[9059282]	$DSM0B,152409,+50.79866,+002.48845,156.0,5.0,146.2,0F


[9059313]	$DSM0C,152409,+50.80216,+002.47834,164.0,0.0,0.0,0F


[9059407]	$DSM0E,152409,+50.79990,+002.48549,272.0,3.0,333.3,0F


[9059875]	$DSM00,152410,+50.79671,+002.53497,3150.0,76.0,345.9,0F


[9059938]	$DSM01,152410,+50.80004,+002.48531,164.0,0.0,0.0,0F


[9060032]	$DSM04,152410,+50.79992,+002.48549,276.0,3.0,330.5,0F


[9060282]	$DSM0B,152410,+50.79860,+002.48849,156.0,6.0,140.6,0F


[9060329]	$DSM0C,152410,+50.80216,+002.47834,164.0,0.0,0.0,0F


[9060391]	$DSM0E,152410,+50.79993,+002.48546,272.0,3.0,329.1,0F


[9060875]	$DSM00,152411,+50.79736,+002.53469,3150.0,76.0,343.1,0F


[9060938]	$DSM01,152411,+50.80004,+002.48531,164.0,0.0,0.0,0F


[9061032]	$DSM04,152411,+50.79995,+002.48546,274.0,3.0,331.9,0F


[9061266]	$DSM0B,152411,+50.79856,+002.48855,156.0,6.0,136.4,0F


[9061329]	$DSM0C,152411,+50.80216,+002.47834,164.0,0.0,0.0,0F


[9061391]	$DSM0E,152411,+50.79996,+002.48544,272.0,3.0,330.5,0F


[9061875]	$DSM00,152412,+50.79801,+002.53437,3152.0,76.0,341.7,0F


[9061938]	$DSM01,152412,+50.80004,+002.48531,164.0,0.0,0.0,0F


[9062047]	$DSM04,152412,+50.79998,+002.48544,274.0,3.0,334.7,0F


[9062282]	$DSM0B,152412,+50.79852,+002.48862,156.0,6.0,129.4,0F


[9062329]	$DSM0C,152412,+50.80216,+002.47834,164.0,0.0,0.0,0F


[9062391]	$DSM0E,152412,+50.79998,+002.48542,270.0,3.0,336.1,0F


[9062860]	$DSM00,152413,+50.79866,+002.53400,3152.0,76.0,340.3,0F


[9062938]	$DSM01,152413,+50.80004,+002.48531,164.0,0.0,0.0,0F


[9063047]	$DSM04,152413,+50.80000,+002.48542,274.0,3.0,343.1,0F


[9063282]	$DSM0B,152413,+50.79848,+002.48870,412.0,6.0,132.2,0B


[9063329]	$DSM0C,152413,+50.80216,+002.47834,164.0,0.0,0.0,0F


[9063391]	$DSM0E,152413,+50.80000,+002.48542,270.0,3.0,344.5,0F


[9063875]	$DSM00,152414,+50.79930,+002.53361,3154.0,75.0,337.5,0F


[9063938]	$DSM01,152414,+50.80004,+002.48531,164.0,0.0,0.0,0F


[9064032]	$DSM04,152414,+50.80002,+002.48542,274.0,3.0,353.0,0F


[9064282]	$DSM0B,152414,+50.79844,+002.48877,156.0,6.0,130.8,0F


[9064329]	$DSM0C,152414,+50.80216,+002.47834,164.0,0.0,0.0,0F


[9064407]	$DSM0E,152414,+50.80002,+002.48540,270.0,3.0,354.4,0F


[9064875]	$DSM00,152415,+50.79992,+002.53321,3156.0,75.0,336.1,0F


[9064954]	$DSM01,152415,+50.80004,+002.48531,164.0,0.0,0.0,0F


[9065032]	$DSM04,152415,+50.80004,+002.48542,274.0,2.0,2.8,0F


[9065329]	$DSM0C,152415,+50.80216,+002.47834,164.0,0.0,0.0,0F


[9065391]	$DSM0E,152415,+50.80004,+002.48540,270.0,2.0,2.8,0F


[9065875]	$DSM00,152416,+50.80053,+002.53276,3158.0,75.0,334.7,0F


[9065938]	$DSM01,152416,+50.80004,+002.48531,164.0,0.0,0.0,0F


[9066047]	$DSM04,152416,+50.80006,+002.48542,274.0,2.0,12.7,0F


[9066297]	$DSM0B,152416,+50.79838,+002.48890,154.0,5.0,120.9,0F


[9066329]	$DSM0C,152416,+50.80216,+002.47834,164.0,0.0,0.0,0F


[9066391]	$DSM0E,152416,+50.80006,+002.48540,272.0,2.0,9.8,0F


[9066875]	$DSM00,152417,+50.80113,+002.53228,3160.0,74.0,333.3,0F


[9066938]	$DSM01,152417,+50.80004,+002.48531,164.0,0.0,0.0,0F


[9067032]	$DSM04,152417,+50.80008,+002.48542,274.0,1.0,23.9,0F


[9067297]	$DSM0B,152417,+50.79836,+002.48896,154.0,4.0,123.7,0F


[9067329]	$DSM0C,152417,+50.80216,+002.47834,164.0,0.0,0.0,0F


[9067391]	$DSM0E,152417,+50.80008,+002.48542,272.0,2.0,21.1,0F


[9067875]	$DSM00,152418,+50.80172,+002.53179,3160.0,74.0,331.9,0F


[9067922]	$DSM01,152418,+50.80004,+002.48531,164.0,0.0,0.0,0F


[9068032]	$DSM04,152418,+50.80008,+002.48544,274.0,1.0,40.8,0F


[9068282]	$DSM0B,152418,+50.79833,+002.48900,154.0,3.0,123.7,0F


[9068313]	$DSM0C,152418,+50.80216,+002.47834,164.0,0.0,0.0,0F


[9068391]	$DSM0E,152418,+50.80009,+002.48542,274.0,1.0,39.4,0F


[9068875]	$DSM00,152419,+50.80231,+002.53128,3162.0,74.0,330.5,0F


[9068938]	$DSM01,152419,+50.80004,+002.48531,164.0,0.0,0.0,0F


[9069032]	$DSM04,152419,+50.80009,+002.48544,276.0,1.0,66.1,0F


[9069282]	$DSM0B,152419,+50.79832,+002.48905,154.0,3.0,126.6,0F


[9069329]	$DSM0C,152419,+50.80216,+002.47834,164.0,0.0,0.0,0F


[9069391]	$DSM0E,152419,+50.80009,+002.48542,274.0,1.0,59.1,0F


[9069875]	$DSM00,152420,+50.80288,+002.53072,3162.0,74.0,329.1,0F


[9069938]	$DSM01,152420,+50.80004,+002.48531,164.0,0.0,0.0,0F


[9070047]	$DSM04,152420,+50.80009,+002.48546,276.0,0.0,0.0,0F


[9070282]	$DSM0B,152420,+50.79830,+002.48907,154.0,2.0,142.0,0F


[9070313]	$DSM0C,152420,+50.80216,+002.47834,164.0,0.0,0.0,0F


[9070391]	$DSM0E,152420,+50.80009,+002.48544,276.0,0.0,0.0,0F


[9070875]	$DSM00,152421,+50.80344,+002.53016,3162.0,74.0,326.2,0F


[9070938]	$DSM01,152421,+50.80004,+002.48531,164.0,0.0,0.0,0F


[9071032]	$DSM04,152421,+50.80009,+002.48546,276.0,0.0,0.0,0F


[9071282]	$DSM0B,152421,+50.79829,+002.48911,154.0,2.0,140.6,0F


[9071329]	$DSM0C,152421,+50.80216,+002.47834,164.0,0.0,0.0,0F


[9071391]	$DSM0E,152421,+50.80009,+002.48544,276.0,0.0,0.0,0F


[9071875]	$DSM00,152422,+50.80400,+002.52958,3160.0,74.0,324.8,0F


[9071954]	$DSM01,152422,+50.80004,+002.48531,164.0,0.0,0.0,0F


[9072032]	$DSM04,152422,+50.80009,+002.48546,276.0,0.0,0.0,0F


[9072282]	$DSM0B,152422,+50.79828,+002.48913,154.0,2.0,113.9,0F


[9072313]	$DSM0C,152422,+50.80216,+002.47834,164.0,0.0,0.0,0F


[9072391]	$DSM0E,152422,+50.80009,+002.48544,276.0,0.0,0.0,0F


[9072875]	$DSM00,152423,+50.80454,+002.52896,3160.0,74.0,323.4,0F


[9072938]	$DSM01,152423,+50.80004,+002.48531,164.0,0.0,0.0,0F


[9073032]	$DSM04,152423,+50.80009,+002.48546,276.0,0.0,0.0,0F


[9073282]	$DSM0B,152423,+50.79827,+002.48915,154.0,2.0,112.5,0F


[9073329]	$DSM0C,152423,+50.80216,+002.47834,164.0,0.0,0.0,0F


[9073391]	$DSM0E,152423,+50.80009,+002.48544,276.0,0.0,0.0,0F


[9073860]	$DSM00,152424,+50.80508,+002.52831,3160.0,74.0,322.0,0F


[9073938]	$DSM01,152424,+50.80004,+002.48531,164.0,0.0,0.0,0F


[9074032]	$DSM04,152424,+50.80009,+002.48546,276.0,0.0,0.0,0F


[9074282]	$DSM0B,152424,+50.79827,+002.48920,154.0,3.0,118.1,0F


[9074329]	$DSM0C,152424,+50.80216,+002.47834,164.0,0.0,0.0,0F


[9074391]	$DSM0E,152424,+50.80009,+002.48544,276.0,0.0,0.0,0F


[9074875]	$DSM00,152425,+50.80559,+002.52765,3162.0,74.0,320.6,0F


[9074938]	$DSM01,152425,+50.80004,+002.48531,164.0,0.0,0.0,0F


[9075047]	$DSM04,152425,+50.80009,+002.48546,276.0,0.0,0.0,0F


[9075282]	$DSM0B,152425,+50.79826,+002.48924,154.0,3.0,116.7,0F


[9075329]	$DSM0C,152425,+50.80216,+002.47834,164.0,0.0,0.0,0F


[9075391]	$DSM0E,152425,+50.80009,+002.48544,276.0,0.0,0.0,0F


[9075875]	$DSM00,152426,+50.80609,+002.52696,3162.0,74.0,319.2,0F


[9075938]	$DSM01,152426,+50.80004,+002.48531,164.0,0.0,0.0,0F


[9076047]	$DSM04,152426,+50.80009,+002.48546,276.0,0.0,0.0,0F


[9076282]	$DSM0B,152426,+50.79824,+002.48928,154.0,4.0,126.6,0F


[9076329]	$DSM0C,152426,+50.80216,+002.47834,164.0,0.0,0.0,0F


[9076391]	$DSM0E,152426,+50.80009,+002.48544,276.0,0.0,0.0,0F


[9076875]	$DSM00,152427,+50.80659,+002.52625,3164.0,73.0,316.4,0F


[9076938]	$DSM01,152427,+50.80004,+002.48531,164.0,0.0,0.0,0F


[9077047]	$DSM04,152427,+50.80009,+002.48546,276.0,0.0,0.0,0F


[9077282]	$DSM0B,152427,+50.79820,+002.48933,154.0,4.0,133.6,0F


[9077329]	$DSM0C,152427,+50.80216,+002.47834,164.0,0.0,0.0,0F


[9077391]	$DSM0E,152427,+50.80009,+002.48544,276.0,0.0,0.0,0F


[9077875]	$DSM00,152428,+50.80706,+002.52555,3166.0,73.0,315.0,0F


[9077954]	$DSM01,152428,+50.80004,+002.48531,164.0,0.0,0.0,0F


[9078032]	$DSM04,152428,+50.80009,+002.48546,276.0,0.0,0.0,0F


[9078282]	$DSM0B,152428,+50.79816,+002.48939,154.0,5.0,130.8,0F


[9078329]	$DSM0C,152428,+50.80216,+002.47834,164.0,0.0,0.0,0F


[9078391]	$DSM0E,152428,+50.80009,+002.48544,276.0,0.0,0.0,0F


[9078875]	$DSM00,152429,+50.80751,+002.52480,3166.0,73.0,313.6,0F


[9078938]	$DSM01,152429,+50.80004,+002.48531,164.0,0.0,0.0,0F


[9079047]	$DSM04,152429,+50.80009,+002.48546,276.0,0.0,0.0,0F


[9079282]	$DSM0B,152429,+50.79814,+002.48943,154.0,5.0,126.6,0F


[9079313]	$DSM0C,152429,+50.80216,+002.47834,164.0,0.0,0.0,0F


[9079391]	$DSM0E,152429,+50.80009,+002.48544,276.0,0.0,0.0,0F


[9079875]	$DSM00,152430,+50.80796,+002.52402,3168.0,73.0,312.2,0F


[9079938]	$DSM01,152430,+50.80004,+002.48531,164.0,0.0,0.0,0F


[9080032]	$DSM04,152430,+50.80009,+002.48546,276.0,0.0,0.0,0F


[9080297]	$DSM0B,152430,+50.79812,+002.48950,154.0,5.0,122.3,0F


[9080329]	$DSM0C,152430,+50.80216,+002.47834,164.0,0.0,0.0,0F


[9080391]	$DSM0E,152430,+50.80009,+002.48544,276.0,0.0,0.0,0F


[9080860]	$DSM00,152431,+50.80839,+002.52325,3170.0,72.0,310.8,0F


[9080922]	$DSM01,152431,+50.80004,+002.48531,164.0,0.0,0.0,0F


[9081047]	$DSM04,152431,+50.80009,+002.48546,276.0,0.0,0.0,0F


[9081282]	$DSM0B,152431,+50.79811,+002.48956,154.0,4.0,118.1,0F


[9081313]	$DSM0C,152431,+50.80216,+002.47834,164.0,0.0,0.0,0F


[9081407]	$DSM0E,152431,+50.80009,+002.48544,276.0,0.0,0.0,0F


[9081875]	$DSM00,152432,+50.80880,+002.52246,3172.0,72.0,308.0,0F


[9081938]	$DSM01,152432,+50.80004,+002.48531,164.0,0.0,0.0,0F


[9082032]	$DSM04,152432,+50.80009,+002.48546,276.0,0.0,0.0,0F


[9082297]	$DSM0B,152432,+50.79810,+002.48963,154.0,4.0,119.5,0F


[9082329]	$DSM0C,152432,+50.80216,+002.47834,164.0,0.0,0.0,0F


[9082391]	$DSM0E,152432,+50.80009,+002.48544,276.0,0.0,0.0,0F


[9082860]	$DSM00,152433,+50.80920,+002.52164,3172.0,72.0,306.6,0F


[9082954]	$DSM01,152433,+50.80004,+002.48531,164.0,0.0,0.0,0F


[9083047]	$DSM04,152433,+50.80009,+002.48546,276.0,0.0,0.0,0F


[9083282]	$DSM0B,152433,+50.79809,+002.48967,154.0,3.0,116.7,0F


[9083313]	$DSM0C,152433,+50.80216,+002.47834,164.0,0.0,0.0,0F


[9083391]	$DSM0E,152433,+50.80009,+002.48544,276.0,0.0,0.0,0F


[9083875]	$DSM00,152434,+50.80957,+002.52080,3174.0,72.0,305.2,0F


[9083938]	$DSM01,152434,+50.80004,+002.48531,164.0,0.0,0.0,0F


[9084047]	$DSM04,152434,+50.80009,+002.48546,276.0,0.0,0.0,0F


[9084297]	$DSM0B,152434,+50.79809,+002.48971,154.0,2.0,122.3,0F


[9084329]	$DSM0C,152434,+50.80216,+002.47834,164.0,0.0,0.0,0F


[9084391]	$DSM0E,152434,+50.80009,+002.48544,276.0,0.0,0.0,0F


[9084860]	$DSM00,152435,+50.80992,+002.51995,3174.0,72.0,302.3,0F


[9084938]	$DSM01,152435,+50.80004,+002.48531,164.0,0.0,0.0,0F


[9085032]	$DSM04,152435,+50.80009,+002.48546,276.0,0.0,0.0,0F


[9085282]	$DSM0B,152435,+50.79809,+002.48973,154.0,2.0,126.6,0F


[9085329]	$DSM0C,152435,+50.80216,+002.47834,164.0,0.0,0.0,0F


[9085391]	$DSM0E,152435,+50.80009,+002.48544,276.0,0.0,0.0,0F


[9085875]	$DSM00,152436,+50.81025,+002.51909,3174.0,72.0,300.9,0F


[9085938]	$DSM01,152436,+50.80004,+002.48531,164.0,0.0,0.0,0F


[9086032]	$DSM04,152436,+50.80009,+002.48546,276.0,0.0,0.0,0F


[9086297]	$DSM0B,152436,+50.79808,+002.48976,154.0,1.0,123.7,0F


[9086329]	$DSM0C,152436,+50.80216,+002.47834,164.0,0.0,0.0,0F


[9086407]	$DSM0E,152436,+50.80009,+002.48544,276.0,0.0,0.0,0F


[9086875]	$DSM00,152437,+50.81059,+002.51819,3174.0,72.0,299.5,0F


[9086938]	$DSM01,152437,+50.80004,+002.48531,164.0,0.0,0.0,0F


[9087047]	$DSM04,152437,+50.80009,+002.48546,276.0,0.0,0.0,0F


[9087297]	$DSM0B,152437,+50.79808,+002.48978,152.0,2.0,119.5,0F


[9087329]	$DSM0C,152437,+50.80216,+002.47834,164.0,0.0,0.0,0F


[9087391]	$DSM0E,152437,+50.80009,+002.48544,276.0,0.0,0.0,0F


[9087875]	$DSM00,152438,+50.81088,+002.51729,3174.0,72.0,296.7,0F


[9087938]	$DSM01,152438,+50.80004,+002.48531,164.0,0.0,0.0,0F


[9088032]	$DSM04,152438,+50.80009,+002.48546,276.0,0.0,0.0,0F


[9088282]	$DSM0B,152438,+50.79809,+002.48980,154.0,2.0,97.0,0F


[9088313]	$DSM0C,152438,+50.80216,+002.47834,164.0,0.0,0.0,0F


[9088391]	$DSM0E,152438,+50.80009,+002.48544,276.0,0.0,0.0,0F


[9088875]	$DSM00,152439,+50.81116,+002.51636,3174.0,72.0,295.3,0F


[9088938]	$DSM01,152439,+50.80004,+002.48531,164.0,0.0,0.0,0F


[9089032]	$DSM04,152439,+50.80009,+002.48546,276.0,0.0,0.0,0F


[9089282]	$DSM0B,152439,+50.79811,+002.48984,154.0,2.0,80.2,0F


[9089329]	$DSM0C,152439,+50.80216,+002.47834,164.0,0.0,0.0,0F


[9089391]	$DSM0E,152439,+50.80009,+002.48544,276.0,0.0,0.0,0F


[9089875]	$DSM00,152440,+50.81143,+002.51544,3174.0,72.0,293.9,0F


[9089938]	$DSM01,152440,+50.80004,+002.48531,164.0,0.0,0.0,0F


[9090032]	$DSM04,152440,+50.80009,+002.48546,276.0,0.0,0.0,0F


[9090282]	$DSM0B,152440,+50.79811,+002.48986,156.0,1.0,60.5,0F


[9090329]	$DSM0C,152440,+50.80216,+002.47834,164.0,0.0,0.0,0F


[9090391]	$DSM0E,152440,+50.80009,+002.48544,276.0,0.0,0.0,0F


[9090875]	$DSM00,152441,+50.81167,+002.51447,3172.0,72.0,291.1,0F


[9090938]	$DSM01,152441,+50.80004,+002.48531,164.0,0.0,0.0,0F


[9091032]	$DSM04,152441,+50.80009,+002.48546,276.0,0.0,0.0,0F


[9091297]	$DSM0B,152441,+50.79813,+002.48986,158.0,0.0,354.4,0F


[9091329]	$DSM0C,152441,+50.80216,+002.47834,164.0,0.0,0.0,0F


[9091391]	$DSM0E,152441,+50.80009,+002.48544,276.0,0.0,0.0,0F


[9091860]	$DSM00,152442,+50.81190,+002.51353,3170.0,72.0,289.7,0F


[9091938]	$DSM01,152442,+50.80004,+002.48531,164.0,0.0,0.0,0F


[9092032]	$DSM04,152442,+50.80009,+002.48546,276.0,0.0,0.0,0F


[9092282]	$DSM0B,152442,+50.79814,+002.48988,158.0,0.0,0.0,0F


[9092313]	$DSM0C,152442,+50.80216,+002.47834,164.0,0.0,0.0,0F


[9092407]	$DSM0E,152442,+50.80009,+002.48544,276.0,0.0,0.0,0F


[9092875]	$DSM00,152443,+50.81211,+002.51254,3170.0,72.0,288.3,0F


[9092938]	$DSM01,152443,+50.80004,+002.48531,164.0,0.0,0.0,0F


[9093032]	$DSM04,152443,+50.80009,+002.48546,276.0,0.0,0.0,0F


[9093282]	$DSM0B,152443,+50.79814,+002.48988,158.0,0.0,0.0,0F


[9093329]	$DSM0C,152443,+50.80216,+002.47834,164.0,0.0,0.0,0F


[9093391]	$DSM0E,152443,+50.80009,+002.48544,276.0,0.0,0.0,0F


[9093875]	$DSM00,152444,+50.81229,+002.51156,3168.0,72.0,286.9,0F


[9093938]	$DSM01,152444,+50.80004,+002.48531,164.0,0.0,0.0,0F


[9094032]	$DSM04,152444,+50.80009,+002.48546,276.0,0.0,0.0,0F


[9094282]	$DSM0B,152444,+50.79814,+002.48988,158.0,0.0,0.0,0F


[9094329]	$DSM0C,152444,+50.80216,+002.47834,164.0,0.0,0.0,0F


[9094391]	$DSM0E,152444,+50.80009,+002.48544,276.0,0.0,0.0,0F


[9094875]	$DSM00,152445,+50.81247,+002.51055,3168.0,73.0,284.1,0F


[9094938]	$DSM01,152445,+50.80004,+002.48531,164.0,0.0,0.0,0F


[9095032]	$DSM04,152445,+50.80009,+002.48546,276.0,0.0,0.0,0F


[9095282]	$DSM0B,152445,+50.79814,+002.48988,158.0,0.0,0.0,0F


[9095329]	$DSM0C,152445,+50.80216,+002.47834,164.0,0.0,0.0,0F


[9095391]	$DSM0E,152445,+50.80009,+002.48544,276.0,0.0,0.0,0F


[9095860]	$DSM00,152446,+50.81261,+002.50956,3166.0,73.0,282.7,0F


[9095938]	$DSM01,152446,+50.80004,+002.48531,164.0,0.0,0.0,0F


[9096032]	$DSM04,152446,+50.80009,+002.48546,276.0,0.0,0.0,0F


[9096266]	$DSM0B,152446,+50.79814,+002.48988,158.0,0.0,0.0,0F


[9096329]	$DSM0C,152446,+50.80216,+002.47834,164.0,0.0,0.0,0F


[9096391]	$DSM0E,152446,+50.80009,+002.48544,276.0,0.0,0.0,0F


[9096875]	$DSM00,152447,+50.81276,+002.50853,3166.0,73.0,281.2,0F


[9096938]	$DSM01,152447,+50.80004,+002.48531,164.0,0.0,0.0,0F


[9097047]	$DSM04,152447,+50.80009,+002.48546,276.0,0.0,0.0,0F


[9097282]	$DSM0B,152447,+50.79814,+002.48988,158.0,0.0,0.0,0F


[9097313]	$DSM0C,152447,+50.80216,+002.47834,164.0,0.0,0.0,0F


[9097391]	$DSM0E,152447,+50.80009,+002.48544,276.0,0.0,0.0,0F


[9097875]	$DSM00,152448,+50.81288,+002.50752,3166.0,73.0,281.2,0F


[9097938]	$DSM01,152448,+50.80004,+002.48531,164.0,0.0,0.0,0F


[9098032]	$DSM04,152448,+50.80009,+002.48546,276.0,0.0,0.0,0F


[9098282]	$DSM0B,152448,+50.79814,+002.48988,158.0,0.0,0.0,0F


[9098329]	$DSM0C,152448,+50.80216,+002.47834,164.0,0.0,0.0,0F


[9098391]	$DSM0E,152448,+50.80009,+002.48544,276.0,0.0,0.0,0F


[9098875]	$DSM00,152449,+50.81300,+002.50649,3166.0,73.0,279.8,0F


[9098938]	$DSM01,152449,+50.80004,+002.48531,164.0,0.0,0.0,0F


[9099032]	$DSM04,152449,+50.80009,+002.48546,276.0,0.0,0.0,0F


[9099282]	$DSM0B,152449,+50.79814,+002.48988,158.0,0.0,0.0,0F


[9099313]	$DSM0C,152449,+50.80216,+002.47834,164.0,0.0,0.0,0F


[9099407]	$DSM0E,152449,+50.80009,+002.48544,276.0,0.0,0.0,0F


[9099875]	$DSM00,152450,+50.81311,+002.50548,3166.0,73.0,279.8,0F


[9099938]	$DSM01,152450,+50.80004,+002.48531,164.0,0.0,0.0,0F


[9100032]	$DSM04,152450,+50.80009,+002.48546,276.0,0.0,0.0,0F


[9100282]	$DSM0B,152450,+50.79814,+002.48988,158.0,0.0,0.0,0F


[9100329]	$DSM0C,152450,+50.80216,+002.47834,164.0,0.0,0.0,0F


[9100391]	$DSM0E,152450,+50.80009,+002.48544,276.0,0.0,0.0,0F


[9100875]	$DSM00,152451,+50.81321,+002.50445,3168.0,73.0,279.8,0F


[9100938]	$DSM01,152451,+50.80004,+002.48531,164.0,0.0,0.0,0F


[9101032]	$DSM04,152451,+50.80009,+002.48546,276.0,0.0,0.0,0F


[9101282]	$DSM0B,152451,+50.79814,+002.48988,158.0,0.0,0.0,0F


[9101313]	$DSM0C,152451,+50.80216,+002.47834,164.0,0.0,0.0,0F


[9101391]	$DSM0E,152451,+50.80009,+002.48544,276.0,0.0,0.0,0F


[9101875]	$DSM00,152452,+50.81332,+002.50342,3168.0,73.0,278.4,0F


[9101938]	$DSM01,152452,+50.80004,+002.48531,164.0,0.0,0.0,0F


[9102032]	$DSM04,152452,+50.80009,+002.48546,276.0,0.0,0.0,0F


[9102282]	$DSM0B,152452,+50.79814,+002.48988,158.0,0.0,0.0,0F


[9102329]	$DSM0C,152452,+50.80216,+002.47834,164.0,0.0,0.0,0F


[9102391]	$DSM0E,152452,+50.80009,+002.48544,276.0,0.0,0.0,0F


[9102875]	$DSM00,152453,+50.81342,+002.50242,3168.0,73.0,278.4,0F


[9102938]	$DSM01,152453,+50.80004,+002.48531,164.0,0.0,0.0,0F


[9103047]	$DSM04,152453,+50.80009,+002.48546,276.0,0.0,0.0,0F


[9103282]	$DSM0B,152453,+50.79814,+002.48988,158.0,0.0,0.0,0F


[9103297]	$DSM0C,152453,+50.80216,+002.47834,164.0,0.0,0.0,0F


[9103391]	$DSM0E,152453,+50.80009,+002.48544,276.0,0.0,0.0,0F


[9103875]	$DSM00,152454,+50.81352,+002.50139,3168.0,73.0,278.4,0F


[9103938]	$DSM01,152454,+50.80004,+002.48531,164.0,0.0,0.0,0F


[9104032]	$DSM04,152454,+50.80009,+002.48546,276.0,0.0,0.0,0F


[9104297]	$DSM0B,152454,+50.79820,+002.48986,166.0,2.0,299.5,0F


[9104329]	$DSM0C,152454,+50.80216,+002.47834,164.0,0.0,0.0,0F


[9104391]	$DSM0E,152454,+50.80009,+002.48544,276.0,0.0,0.0,0F


[9104875]	$DSM00,152455,+50.81361,+002.50036,3168.0,73.0,278.4,0F


[9104938]	$DSM01,152455,+50.80004,+002.48531,164.0,0.0,0.0,0F


[9105032]	$DSM04,152455,+50.80009,+002.48546,276.0,0.0,0.0,0F


[9105282]	$DSM0B,152455,+50.79820,+002.48980,166.0,4.0,282.7,0F


[9105329]	$DSM0C,152455,+50.80216,+002.47834,164.0,0.0,0.0,0F


[9105391]	$DSM0E,152455,+50.80009,+002.48544,276.0,0.0,0.0,0F


[9105875]	$DSM00,152456,+50.81371,+002.49935,3168.0,73.0,278.4,0F


[9105922]	$DSM01,152456,+50.80004,+002.48531,164.0,0.0,0.0,0F


[9106047]	$DSM04,152456,+50.80009,+002.48546,276.0,0.0,0.0,0F


[9106282]	$DSM0B,152456,+50.79820,+002.48973,166.0,6.0,291.1,0F


[9106313]	$DSM0C,152456,+50.80216,+002.47834,164.0,0.0,0.0,0F


[9106375]	$DSM0E,152456,+50.80009,+002.48544,276.0,0.0,0.0,0F


[9106860]	$DSM00,152457,+50.81380,+002.49832,3168.0,73.0,278.4,0F


[9106938]	$DSM05,152449,+50.79867,+002.57320,164.0,0.0,0.0,0B


[9107032]	$DSM04,152457,+50.80009,+002.48546,276.0,0.0,0.0,0F


[9107282]	$DSM0B,152457,+50.79823,+002.48963,164.0,8.0,303.7,0F


[9107329]	$DSM0C,152457,+50.80216,+002.47834,164.0,0.0,0.0,0F


[9107391]	$DSM0E,152457,+50.80009,+002.48544,276.0,0.0,0.0,0F


[9107875]	$DSM00,152458,+50.81390,+002.49729,3168.0,73.0,278.4,0F


[9107938]	$DSM01,152458,+50.80004,+002.48531,164.0,0.0,0.0,0F


[9108032]	$DSM04,152458,+50.80009,+002.48546,276.0,0.0,0.0,0F


[9108282]	$DSM0B,152458,+50.79826,+002.48954,164.0,8.0,303.7,0F


[9108329]	$DSM0C,152458,+50.80216,+002.47834,164.0,0.0,0.0,0F


[9108391]	$DSM0E,152458,+50.80009,+002.48544,276.0,0.0,0.0,0F


[9108875]	$DSM00,152459,+50.81400,+002.49628,3168.0,73.0,278.4,0F


[9108938]	$DSM01,152459,+50.80004,+002.48531,164.0,0.0,0.0,0F


[9109047]	$DSM04,152459,+50.80009,+002.48546,276.0,0.0,0.0,0F


[9109297]	$DSM0B,152459,+50.79829,+002.48943,166.0,7.0,303.7,0F


[9109329]	$DSM0C,152459,+50.80216,+002.47834,164.0,0.0,0.0,0F


[9109391]	$DSM0E,152459,+50.80009,+002.48544,276.0,0.0,0.0,0F


[9109875]	$DSM00,152500,+50.81408,+002.49525,3168.0,73.0,277.0,0F


[9109938]	$DSM01,152500,+50.80004,+002.48531,164.0,0.0,0.0,0F


[9110032]	$DSM04,152500,+50.80009,+002.48546,276.0,0.0,0.0,0F


[9110282]	$DSM0B,152500,+50.79832,+002.48935,166.0,7.0,306.6,0F


[9110313]	$DSM0C,152500,+50.80216,+002.47834,164.0,0.0,0.0,0F


[9110391]	$DSM0E,152500,+50.80009,+002.48544,276.0,0.0,0.0,0F


[9110875]	$DSM00,152501,+50.81417,+002.49422,3168.0,73.0,277.0,0F


[9110938]	$DSM01,152501,+50.80004,+002.48531,164.0,0.0,0.0,0F


[9111032]	$DSM04,152501,+50.80009,+002.48546,276.0,0.0,0.0,0F


[9111282]	$DSM0B,152501,+50.79835,+002.48928,166.0,5.0,302.3,0F


[9111329]	$DSM0C,152501,+50.80216,+002.47834,164.0,0.0,0.0,0F


[9111391]	$DSM0E,152501,+50.80009,+002.48544,276.0,0.0,0.0,0F


[9111875]	$DSM00,152502,+50.81424,+002.49319,3168.0,73.0,277.0,0F


[9111938]	$DSM01,152502,+50.80004,+002.48531,164.0,0.0,0.0,0F


[9112032]	$DSM04,152502,+50.80009,+002.48546,276.0,0.0,0.0,0F


[9112282]	$DSM0B,152502,+50.79835,+002.48922,166.0,4.0,295.3,0F


[9112313]	$DSM0C,152502,+50.80216,+002.47834,164.0,0.0,0.0,0F


[9112391]	$DSM0E,152502,+50.80009,+002.48544,276.0,0.0,0.0,0F


[9112875]	$DSM00,152503,+50.81432,+002.49216,3168.0,73.0,277.0,0F


[9112938]	$DSM01,152503,+50.80004,+002.48531,164.0,0.0,0.0,0F


[9113032]	$DSM04,152503,+50.80009,+002.48546,276.0,0.0,0.0,0F


[9113282]	$DSM0B,152503,+50.79836,+002.48915,166.0,4.0,306.6,0F


[9113329]	$DSM0C,152503,+50.80216,+002.47834,164.0,0.0,0.0,0F


[9113391]	$DSM0E,152503,+50.80009,+002.48544,276.0,0.0,0.0,0F


[9113875]	$DSM00,152504,+50.81440,+002.49113,3168.0,73.0,277.0,0F


[9113938]	$DSM01,152504,+50.80004,+002.48531,164.0,0.0,0.0,0F


[9114047]	$DSM04,152504,+50.80009,+002.48546,276.0,0.0,0.0,0F


[9114282]	$DSM0B,152504,+50.79839,+002.48911,166.0,5.0,315.0,0F


[9114297]	$DSM0C,152504,+50.80216,+002.47834,164.0,0.0,0.0,0F


[9114391]	$DSM0E,152504,+50.80009,+002.48544,276.0,0.0,0.0,0F


[9114875]	$DSM00,152505,+50.81446,+002.49010,3168.0,73.0,277.0,0F


[9114938]	$DSM01,152505,+50.80004,+002.48531,164.0,0.0,0.0,0F


[9115282]	$DSM0B,152505,+50.79842,+002.48905,166.0,6.0,309.4,0F


[9115329]	$DSM0C,152505,+50.80216,+002.47834,164.0,0.0,0.0,0F


[9115391]	$DSM0E,152505,+50.80009,+002.48544,276.0,0.0,0.0,0F


[9115860]	$DSM00,152506,+50.81453,+002.48907,3168.0,73.0,275.6,0F


[9115938]	$DSM01,152506,+50.80004,+002.48531,164.0,0.0,0.0,0F


[9116032]	$DSM04,152506,+50.80009,+002.48546,276.0,0.0,0.0,0F


[9116266]	$DSM0B,152506,+50.79844,+002.48898,166.0,6.0,302.3,0F


[9116329]	$DSM0C,152506,+50.80216,+002.47834,164.0,0.0,0.0,0F


[9116391]	$DSM0E,152506,+50.80009,+002.48544,276.0,0.0,0.0,0F


[9116875]	$DSM00,152507,+50.81461,+002.48804,3170.0,73.0,275.6,0F


[9116922]	$DSM01,152507,+50.80004,+002.48531,164.0,0.0,0.0,0F


[9117047]	$DSM04,152507,+50.80009,+002.48546,276.0,0.0,0.0,0F


[9117297]	$DSM0B,152507,+50.79846,+002.48892,168.0,5.0,306.6,0F


[9117329]	$DSM0C,152507,+50.80216,+002.47834,164.0,0.0,0.0,0F


[9117375]	$DSM0E,152507,+50.80009,+002.48544,276.0,0.0,0.0,0F


[9117860]	$DSM00,152508,+50.81468,+002.48701,3170.0,72.0,277.0,0F


[9117938]	$DSM01,152508,+50.80004,+002.48531,164.0,0.0,0.0,0F


[9118047]	$DSM04,152508,+50.80009,+002.48546,276.0,0.0,0.0,0F


[9118297]	$DSM0B,152508,+50.79848,+002.48885,166.0,4.0,306.6,0F


[9118329]	$DSM0C,152508,+50.80216,+002.47834,164.0,0.0,0.0,0F


[9118391]	$DSM0E,152508,+50.80009,+002.48544,276.0,0.0,0.0,0F


[9118875]	$DSM00,152509,+50.81475,+002.48598,3170.0,72.0,277.0,0F


[9118938]	$DSM01,152509,+50.80004,+002.48531,164.0,0.0,0.0,0F


[9119032]	$DSM04,152509,+50.80009,+002.48546,276.0,0.0,0.0,0F


[9119282]	$DSM0B,152509,+50.79851,+002.48881,166.0,4.0,308.0,0F


[9119329]	$DSM0C,152509,+50.80216,+002.47834,164.0,0.0,0.0,0F


[9119391]	$DSM0E,152509,+50.80009,+002.48544,276.0,0.0,0.0,0F


[9119875]	$DSM00,152510,+50.81481,+002.48497,3170.0,72.0,277.0,0F


[9119938]	$DSM01,152510,+50.80004,+002.48531,164.0,0.0,0.0,0F


[9120047]	$DSM04,152510,+50.80009,+002.48546,276.0,0.0,0.0,0F


[9120282]	$DSM0B,152510,+50.79853,+002.48877,166.0,3.0,313.6,0F


[9120329]	$DSM0C,152510,+50.80216,+002.47834,164.0,0.0,0.0,0F


[9120875]	$DSM00,152511,+50.81489,+002.48394,3170.0,72.0,277.0,0F


[9120938]	$DSM01,152511,+50.80004,+002.48531,164.0,0.0,0.0,0F


[9121047]	$DSM04,152511,+50.80009,+002.48546,276.0,0.0,0.0,0F


[9121282]	$DSM0B,152511,+50.79853,+008.11373,166.0,3.0,300.9,0B


[9121313]	$DSM0C,152511,+50.80216,+002.47834,164.0,0.0,0.0,0F


[9121391]	$DSM0E,152511,+50.80009,+002.48544,276.0,0.0,0.0,0F


[9121875]	$DSM00,152512,+50.81496,+002.48291,3172.0,72.0,277.0,0F


[9121938]	$DSM01,152512,+50.80004,+002.48531,164.0,0.0,0.0,0F


[9122032]	$DSM04,152512,+50.80009,+002.48546,276.0,0.0,0.0,0F


[9122282]	$DSM0B,152512,+50.79854,+002.48870,166.0,2.0,299.5,0F


[9122329]	$DSM0C,152512,+50.80216,+002.47834,164.0,0.0,0.0,0F


[9122391]	$DSM0E,152512,+50.80009,+002.48544,276.0,0.0,0.0,0F


[9122875]	$DSM00,152513,+50.81504,+002.48190,3172.0,72.0,277.0,0F


[9122938]	$DSM01,152513,+50.80004,+002.48531,164.0,0.0,0.0,0F


[9123047]	$DSM04,152513,+50.80009,+002.48546,276.0,0.0,0.0,0F


[9123282]	$DSM0B,152513,+50.79856,+002.48866,166.0,3.0,320.6,0F


[9123313]	$DSM0C,152513,+50.80216,+002.47834,164.0,0.0,0.0,0F


[9123391]	$DSM0E,152513,+50.80009,+002.48544,276.0,0.0,0.0,0F


[9123875]	$DSM00,152514,+50.81512,+002.48087,3172.0,72.0,277.0,0F


[9123938]	$DSM01,152514,+50.80004,+002.48531,164.0,0.0,0.0,0F


[9124032]	$DSM04,152514,+50.80009,+002.48546,276.0,0.0,0.0,0F


[9124297]	$DSM0B,152514,+50.79857,+002.48864,166.0,3.0,323.4,0F


[9124329]	$DSM0C,152514,+50.80216,+002.47834,164.0,0.0,0.0,0F


[9124391]	$DSM0E,152514,+50.80009,+002.48544,276.0,0.0,0.0,0F


[9124875]	$DSM00,152515,+50.81520,+002.47986,3172.0,72.0,277.0,0F


[9124922]	$DSM01,152515,+50.80004,+002.48531,164.0,0.0,0.0,0F


[9125032]	$DSM04,152515,+50.80009,+002.48546,276.0,0.0,0.0,0F


[9125266]	$DSM0B,152515,+50.79858,+002.48862,166.0,3.0,306.6,0F


[9125297]	$DSM0C,152515,+50.80216,+002.47834,164.0,0.0,0.0,0F


[9125391]	$DSM0E,152515,+50.80009,+002.48544,276.0,0.0,0.0,0F


[9125860]	$DSM00,152516,+50.81528,+002.47883,3172.0,72.0,277.0,0F


[9125922]	$DSM01,152516,+50.80004,+002.48531,164.0,0.0,0.0,0F


[9126032]	$DSM04,152516,+50.80009,+002.48546,276.0,0.0,0.0,0F


[9126282]	$DSM0B,152516,+50.79860,+002.48857,166.0,3.0,300.9,0F


[9126329]	$DSM0C,152516,+50.80216,+002.47834,164.0,0.0,0.0,0F


[9126375]	$DSM0E,152516,+50.80009,+002.48544,276.0,0.0,0.0,0F


[9126860]	$DSM00,152517,+50.81535,+002.47782,3172.0,72.0,277.0,0F


[9126938]	$DSM01,152517,+50.80004,+002.48531,164.0,0.0,0.0,0F


[9127032]	$DSM04,152517,+50.80009,+002.48546,276.0,0.0,0.0,0F


[9127266]	$DSM0B,152517,+50.79861,+002.48853,166.0,3.0,293.9,0F


[9127329]	$DSM0C,152517,+50.80216,+002.47834,164.0,0.0,0.0,0F


[9127391]	$DSM0E,152517,+50.80009,+002.48544,276.0,0.0,0.0,0F


[9127875]	$DSM00,152518,+50.81541,+002.47679,3174.0,72.0,275.6,0F


[9127938]	$DSM01,152518,+50.80004,+002.48531,164.0,0.0,0.0,0F


[9128032]	$DSM04,152518,+50.80009,+002.48546,276.0,0.0,0.0,0F


[9128282]	$DSM0B,152518,+50.79863,+002.48851,166.0,3.0,295.3,0F


[9128329]	$DSM0C,152518,+50.80216,+002.47834,164.0,0.0,0.0,0F


[9128391]	$DSM0E,152518,+50.80009,+002.48544,276.0,0.0,0.0,0F


[9128860]	$DSM00,152519,+50.81548,+002.47579,3174.0,72.0,275.6,0F


[9128938]	$DSM01,152519,+50.80004,+002.48531,164.0,0.0,0.0,0F


[9129047]	$DSM04,152519,+50.80009,+002.48546,276.0,0.0,0.0,0F


[9129266]	$DSM0B,152519,+50.79864,+002.48847,166.0,3.0,300.9,0F


[9129329]	$DSM0C,152519,+50.80216,+002.47834,164.0,0.0,0.0,0F


[9129391]	$DSM0E,152519,+50.80009,+002.48544,276.0,0.0,0.0,0F


[9129875]	$DSM00,152520,+50.81553,+002.47476,3174.0,72.0,274.2,0F


[9129938]	$DSM01,152520,+50.80004,+002.48531,164.0,0.0,0.0,0F


[9130032]	$DSM04,152520,+50.80009,+002.48546,276.0,0.0,0.0,0F


[9130282]	$DSM0B,152520,+50.79867,+002.48842,166.0,3.0,315.0,0F


[9130329]	$DSM0C,152520,+50.80216,+002.47834,164.0,0.0,0.0,0F


[9130391]	$DSM0E,152520,+50.80009,+002.48544,276.0,0.0,0.0,0F


[9130875]	$DSM00,152521,+50.81556,+002.47373,3174.0,72.0,272.8,0F


[9130938]	$DSM01,152521,+50.80004,+002.48531,164.0,0.0,0.0,0F


[9131032]	$DSM04,152521,+50.80009,+002.48546,276.0,0.0,0.0,0F


[9131282]	$DSM0B,152521,+50.79867,+002.48840,166.0,3.0,313.6,0F


[9131329]	$DSM0C,152521,+50.80216,+002.47834,164.0,0.0,0.0,0F


[9131391]	$DSM0E,152521,+50.80009,+002.48544,276.0,0.0,0.0,0F


[9131875]	$DSM00,152522,+50.81560,+002.47272,3174.0,72.0,271.4,0F


[9131938]	$DSM01,152522,+50.80004,+002.48531,164.0,0.0,0.0,0F


[9132047]	$DSM04,152522,+50.80009,+002.48546,276.0,0.0,0.0,0F


[9132282]	$DSM0B,152522,+50.79869,+002.48838,166.0,3.0,305.2,0F


[9132329]	$DSM0C,152522,+50.80216,+002.47834,164.0,0.0,0.0,0F


[9132391]	$DSM0E,152522,+50.80009,+002.48544,276.0,0.0,0.0,0F


[9132875]	$DSM00,152523,+50.81562,+002.47169,3174.0,72.0,270.0,0F


[9132938]	$DSM01,152523,+50.80004,+002.48531,164.0,0.0,0.0,0F


[9133032]	$DSM04,152523,+50.80009,+002.48546,276.0,0.0,0.0,0F


[9133282]	$DSM0B,152523,+50.79872,+002.48834,166.0,4.0,313.6,0F


[9133329]	$DSM0C,152523,+50.80216,+002.47834,164.0,0.0,0.0,0F


[9133391]	$DSM0E,152523,+50.80009,+002.48544,276.0,0.0,0.0,0F


[9133860]	$DSM00,152524,+50.81561,+002.47066,3172.0,72.0,268.6,0F


[9133922]	$DSM01,152524,+50.80004,+002.48531,164.0,0.0,0.0,0F


[9134047]	$DSM04,152524,+50.80009,+002.48546,276.0,0.0,0.0,0F


[9134282]	$DSM0B,152524,+50.79873,+002.48830,166.0,3.0,317.8,0F


[9134297]	$DSM0C,152524,+50.80216,+002.47834,164.0,0.0,0.0,0F


[9134391]	$DSM0E,152524,+50.80009,+002.48544,276.0,0.0,0.0,0F


[9134875]	$DSM00,152525,+50.81558,+002.46963,3172.0,72.0,265.8,0F


[9134938]	$DSM01,152525,+50.80004,+002.48531,164.0,0.0,0.0,0F


[9135032]	$DSM04,152525,+50.80009,+002.48546,276.0,0.0,0.0,0F


[9135297]	$DSM0B,152525,+50.79876,+002.48827,166.0,4.0,319.2,0F


[9135329]	$DSM0C,152525,+50.80216,+002.47834,164.0,0.0,0.0,0F


[9135391]	$DSM0E,152525,+50.80009,+002.48544,276.0,0.0,0.0,0F


[9135875]	$DSM00,152526,+50.81551,+002.46860,3170.0,73.0,264.4,0F


[9135938]	$DSM01,152526,+50.80004,+002.48531,164.0,0.0,0.0,0F


[9136047]	$DSM04,152526,+50.80009,+002.48546,276.0,0.0,0.0,0F


[9136282]	$DSM0B,152526,+50.79879,+002.48823,164.0,4.0,322.0,0F


[9136313]	$DSM0C,152526,+50.80216,+002.47834,164.0,0.0,0.0,0F


[9136391]	$DSM0E,152526,+50.80009,+002.48544,276.0,0.0,0.0,0F


[9136860]	$DSM00,152527,+50.81544,+002.46757,3168.0,73.0,261.6,0F


[9136938]	$DSM01,152527,+50.80004,+002.48531,164.0,0.0,0.0,0F


[9137032]	$DSM04,152527,+50.80009,+002.48546,276.0,0.0,0.0,0F


[9137282]	$DSM0B,152527,+50.79880,+002.48819,164.0,3.0,323.4,0F


[9137313]	$DSM0C,152527,+50.80216,+002.47834,164.0,0.0,0.0,0F


[9137375]	$DSM0E,152527,+50.80009,+002.48544,276.0,0.0,0.0,0F


[9137875]	$DSM00,152528,+50.81532,+002.46656,3166.0,73.0,258.7,0F


[9137938]	$DSM01,152528,+50.80004,+002.48531,164.0,0.0,0.0,0F


[9138032]	$DSM04,152528,+50.80009,+002.48546,276.0,0.0,0.0,0F


[9138282]	$DSM0B,152528,+50.79882,+002.48817,164.0,3.0,329.1,0F


[9138329]	$DSM0C,152528,+50.80216,+002.47834,164.0,0.0,0.0,0F


[9138375]	$DSM0E,152528,+50.80009,+002.48544,276.0,0.0,0.0,0F


[9138875]	$DSM00,152529,+50.81518,+002.46553,3166.0,73.0,257.3,0F


[9138938]	$DSM01,152529,+50.80004,+002.48531,164.0,0.0,0.0,0F


[9139032]	$DSM04,152529,+50.80009,+002.48546,276.0,0.0,0.0,0F


[9139282]	$DSM0B,152529,+50.79885,+002.48812,162.0,3.0,330.5,0F


[9139329]	$DSM0C,152529,+50.80216,+002.47834,164.0,0.0,0.0,0F


[9139391]	$DSM0E,152529,+50.80009,+002.48544,276.0,0.0,0.0,0F


[9139860]	$DSM00,152530,+50.81502,+002.46452,3164.0,73.0,254.5,0F


[9139938]	$DSM01,152530,+50.80004,+002.48531,164.0,0.0,0.0,0F


[9140047]	$DSM04,152530,+50.80009,+002.48546,276.0,0.0,0.0,0F


[9140282]	$DSM0B,152530,+50.79887,+002.48810,162.0,2.0,309.4,0F


[9140329]	$DSM0C,152530,+50.80216,+002.47834,164.0,0.0,0.0,0F


[9140391]	$DSM0E,152530,+50.80009,+002.48544,276.0,0.0,0.0,0F


[9140875]	$DSM00,152531,+50.81484,+002.46353,3164.0,73.0,253.1,0F


[9140938]	$DSM01,152531,+50.80004,+002.48531,164.0,0.0,0.0,0F


[9141032]	$DSM04,152531,+50.80009,+002.48546,276.0,0.0,0.0,0F


[9141282]	$DSM0B,152531,+50.79887,+002.48806,162.0,3.0,309.4,0F


[9141329]	$DSM0C,152531,+50.80216,+002.47834,164.0,0.0,0.0,0F


[9141391]	$DSM0E,152531,+50.80009,+002.48544,276.0,0.0,0.0,0F


[9141875]	$DSM00,152532,+50.81464,+002.46255,3164.0,73.0,251.7,0F


[9141938]	$DSM01,152532,+50.80004,+002.48531,164.0,0.0,0.0,0F


[9142032]	$DSM04,152532,+50.80009,+002.48546,276.0,0.0,0.0,0F


[9142282]	$DSM0B,152532,+50.79889,+002.48802,160.0,3.0,309.4,0F


[9142329]	$DSM0C,152532,+50.80216,+002.47834,164.0,0.0,0.0,0F


[9142391]	$DSM0E,152532,+50.80009,+002.48544,276.0,0.0,0.0,0F


[9142860]	$DSM00,152533,+50.81440,+002.46156,3166.0,73.0,250.3,0F


[9142922]	$DSM01,152533,+50.80004,+002.48531,164.0,0.0,0.0,0F


[9143047]	$DSM04,152533,+50.80009,+002.48546,276.0,0.0,0.0,0F


[9143282]	$DSM0B,152533,+50.79890,+002.48800,160.0,3.0,312.2,0F


[9143313]	$DSM0C,152533,+50.80216,+002.47834,164.0,0.0,0.0,0F


[9143407]	$DSM0E,152533,+50.80009,+002.48544,276.0,0.0,0.0,0F


[9143875]	$DSM00,152534,+50.81417,+002.46062,3168.0,72.0,248.9,0F


[9143938]	$DSM01,152534,+50.80004,+002.48531,164.0,0.0,0.0,0F


[9144032]	$DSM04,152534,+50.80009,+002.48546,276.0,0.0,0.0,0F


[9144282]	$DSM0B,152534,+50.79892,+002.48795,160.0,3.0,312.2,0F


[9144313]	$DSM0C,152534,+50.80216,+002.47834,164.0,0.0,0.0,0F


[9144391]	$DSM0E,152534,+50.80009,+002.48544,276.0,0.0,0.0,0F


[9144875]	$DSM00,152535,+50.81393,+002.45965,3170.0,72.0,247.5,0F


[9144922]	$DSM01,152535,+50.80004,+002.48531,164.0,0.0,0.0,0F


[9145032]	$DSM04,152535,+50.80009,+002.48546,276.0,0.0,0.0,0F


[9145282]	$DSM0B,152535,+50.79892,+002.48791,162.0,3.0,308.0,0F


[9145297]	$DSM0C,152535,+50.80216,+002.47834,164.0,0.0,0.0,0F


[9145391]	$DSM0E,152535,+50.80009,+002.48544,276.0,0.0,0.0,0F


[9145875]	$DSM00,152536,+50.81368,+002.45871,3172.0,72.0,247.5,0F


[9145938]	$DSM01,152536,+50.80004,+002.48531,164.0,0.0,0.0,0F


[9146032]	$DSM04,152536,+50.80009,+002.48546,276.0,0.0,0.0,0F


[9146297]	$DSM0B,152536,+50.79893,+002.48789,162.0,3.0,302.3,0F


[9146329]	$DSM0C,152536,+50.80216,+002.47834,164.0,0.0,0.0,0F


[9146391]	$DSM0E,152536,+50.80009,+002.48544,276.0,0.0,0.0,0F


[9146875]	$DSM00,152537,+50.81343,+002.45778,3174.0,71.0,247.5,0F


[9146938]	$DSM01,152537,+50.80004,+002.48531,164.0,0.0,0.0,0F


[9147032]	$DSM04,152537,+50.80009,+002.48546,276.0,0.0,0.0,0F


[9147282]	$DSM0B,152537,+50.79896,+002.48787,164.0,2.0,302.3,0F


[9147329]	$DSM0C,152537,+50.80217,+002.47832,160.0,2.0,87.2,0F


[9147391]	$DSM0E,152537,+50.80009,+002.48544,276.0,0.0,0.0,0F


[9147875]	$DSM00,152538,+50.81317,+002.45684,3178.0,71.0,247.5,0F


[9147938]	$DSM01,152538,+50.80004,+002.48531,164.0,0.0,0.0,0F


[9148047]	$DSM04,152538,+50.80009,+002.48546,276.0,0.0,0.0,0F


[9148282]	$DSM0B,152538,+50.79896,+002.48785,164.0,2.0,310.8,0F


[9148329]	$DSM0C,152538,+50.80216,+002.47836,160.0,3.0,90.0,0F


[9148391]	$DSM0E,152538,+50.80009,+002.48544,276.0,0.0,0.0,0F


[9148860]	$DSM00,152539,+50.81292,+002.45592,3180.0,70.0,247.5,0F


[9148938]	$DSM01,152539,+50.80004,+002.48531,164.0,0.0,0.0,0F


[9149032]	$DSM04,152539,+50.80009,+002.48546,276.0,0.0,0.0,0F


[9149282]	$DSM0B,152539,+50.79897,+002.48782,164.0,1.0,313.6,0F


[9149329]	$DSM0C,152539,+50.80216,+002.47840,160.0,3.0,90.0,0F


[9149391]	$DSM0E,152539,+50.80009,+002.48544,276.0,0.0,0.0,0F


[9149875]	$DSM00,152540,+50.81268,+002.45499,3184.0,70.0,247.5,0F


[9149938]	$DSM01,152540,+50.80004,+002.48531,164.0,0.0,0.0,0F


[9150032]	$DSM04,152540,+50.80009,+002.48546,276.0,0.0,0.0,0F


[9150282]	$DSM0B,152540,+50.79898,+002.48780,162.0,1.0,319.2,0F


[9150329]	$DSM0C,152540,+50.80216,+002.47845,162.0,3.0,91.4,0F


[9150407]	$DSM0E,152540,+50.80009,+002.48544,276.0,0.0,0.0,0F


[9150875]	$DSM00,152541,+50.81244,+002.45407,3186.0,70.0,247.5,0F


[9150938]	$DSM01,152541,+50.80004,+002.48531,164.0,0.0,0.0,0F


[9151032]	$DSM04,152541,+50.80009,+002.48546,276.0,0.0,0.0,0F


[9151297]	$DSM0B,152541,+50.79899,+002.48778,162.0,2.0,317.8,0F


[9151329]	$DSM0C,152541,+50.80216,+002.47851,162.0,4.0,91.4,0F


[9151391]	$DSM0E,152541,+50.80009,+002.48544,276.0,0.0,0.0,0F


[9151860]	$DSM00,152542,+50.81220,+002.45315,3188.0,70.0,247.5,0F


[9151938]	$DSM01,152542,+50.80004,+002.48531,164.0,0.0,0.0,0F


[9152047]	$DSM04,152542,+50.80009,+002.48546,276.0,0.0,0.0,0F


[9152282]	$DSM0B,152542,+50.79901,+002.48776,162.0,3.0,319.2,0F


[9152313]	$DSM0C,152542,+50.80217,+002.47855,162.0,4.0,88.6,0F


[9152407]	$DSM0E,152542,+50.80009,+002.48544,276.0,0.0,0.0,0F


[9152875]	$DSM00,152543,+50.81197,+002.45223,3190.0,70.0,247.5,0F


[9152938]	$DSM01,152543,+50.80004,+002.48531,164.0,0.0,0.0,0F


[9153032]	$DSM04,152543,+50.80009,+002.48546,276.0,0.0,0.0,0F


[9153282]	$DSM0B,152543,+50.79904,+002.48774,162.0,2.0,333.3,0F


[9153329]	$DSM0C,152543,+50.80217,+002.47862,162.0,5.0,101.2,0F


[9153391]	$DSM0E,152543,+50.80009,+002.48544,276.0,0.0,0.0,0F


[9153860]	$DSM00,152544,+50.81173,+002.45130,3190.0,70.0,247.5,0F


[9153922]	$DSM01,152544,+50.80004,+002.48531,164.0,0.0,0.0,0F


[9154047]	$DSM04,152544,+50.80009,+002.48546,276.0,0.0,0.0,0F


[9154282]	$DSM0B,152544,+50.79904,+002.48772,160.0,1.0,353.0,0F


[9154313]	$DSM0C,152544,+50.80216,+002.47870,162.0,5.0,95.6,0F


[9154391]	$DSM0E,152544,+50.80009,+002.48544,276.0,0.0,0.0,0F


[9154875]	$DSM00,152545,+50.81149,+002.45040,3192.0,69.0,247.5,0F


[9154938]	$DSM01,152545,+50.80004,+002.48531,164.0,0.0,0.0,0F


[9155032]	$DSM04,152545,+50.80009,+002.48546,276.0,0.0,0.0,0F


[9155297]	$DSM0B,152545,+50.79905,+002.48772,160.0,1.0,16.9,0F


[9155329]	$DSM0C,152545,+50.80216,+002.47877,162.0,5.0,91.4,0F


[9155375]	$DSM0E,152545,+50.80009,+002.48544,276.0,0.0,0.0,0F


[9155875]	$DSM00,152546,+50.81124,+002.44950,3192.0,69.0,246.1,0F


[9155922]	$DSM01,152546,+50.80004,+002.48531,164.0,0.0,0.0,0F


[9156032]	$DSM04,152546,+50.80009,+002.48546,276.0,0.0,0.0,0F


[9156282]	$DSM0B,152546,+50.79905,+002.48772,160.0,0.0,0.0,0F


[9156297]	$DSM0C,152546,+50.80216,+002.47883,162.0,5.0,90.0,0F


[9156391]	$DSM0E,152546,+50.80009,+002.48544,276.0,0.0,0.0,0F


[9156860]	$DSM00,152547,+50.81099,+002.44860,3194.0,69.0,244.7,0F


[9156938]	$DSM01,152547,+50.80004,+002.48531,164.0,0.0,0.0,0F


[9157032]	$DSM04,152547,+50.80009,+002.48546,276.0,0.0,0.0,0F


[9157282]	$DSM0B,152547,+50.79905,+002.48772,160.0,0.0,0.0,0F


[9157329]	$DSM0C,152547,+50.80216,+002.47890,162.0,5.0,87.2,0F


[9157391]	$DSM0E,152547,+50.80009,+002.48544,276.0,0.0,0.0,0F


[9157875]	$DSM00,152548,+50.81072,+002.44770,3196.0,69.0,243.3,0F


[9157938]	$DSM01,152548,+50.80004,+002.48531,164.0,0.0,0.0,0F


[9158032]	$DSM04,152548,+50.80009,+002.48546,276.0,0.0,0.0,0F


[9158282]	$DSM0B,152548,+50.79905,+002.48772,160.0,0.0,0.0,0F


[9158329]	$DSM0C,152548,+50.80217,+002.47898,162.0,6.0,90.0,0F


[9158391]	$DSM0E,152548,+50.80009,+002.48544,276.0,0.0,0.0,0F


[9158875]	$DSM00,152549,+50.81043,+002.44684,3198.0,69.0,241.9,0F


[9158938]	$DSM01,152549,+50.80004,+002.48531,164.0,0.0,0.0,0F


[9159032]	$DSM04,152549,+50.80009,+002.48546,276.0,0.0,0.0,0F


[9159282]	$DSM0B,152549,+50.79908,+002.48767,160.0,3.0,0.0,0F


[9159329]	$DSM0C,152549,+50.80217,+002.47907,162.0,6.0,87.2,0F


[9159391]	$DSM0E,152549,+50.80009,+002.48544,276.0,0.0,0.0,0F


[9159860]	$DSM00,152550,+50.81012,+002.44598,3198.0,69.0,240.5,0F


[9159938]	$DSM01,152550,+50.80004,+002.48531,164.0,0.0,0.0,0F


[9160032]	$DSM04,152550,+50.80009,+002.48546,276.0,0.0,0.0,0F


[9160266]	$DSM0B,152550,+50.79912,+002.48767,160.0,3.0,358.6,0F


[9160329]	$DSM0C,152550,+50.80219,+002.47916,160.0,6.0,84.4,0F


[9160391]	$DSM0E,152550,+50.80009,+002.48544,276.0,0.0,0.0,0F


[9160875]	$DSM00,152551,+50.80980,+002.44514,3198.0,69.0,237.7,0F


[9160938]	$DSM01,152551,+50.80004,+002.48531,164.0,0.0,0.0,0F


[9161032]	$DSM04,152551,+50.80006,+002.48591,272.0,2.0,161.7,0F


[9161282]	$DSM0B,152551,+50.79912,+002.48767,160.0,1.0,343.1,0F


[9161329]	$DSM0C,152551,+50.80219,+002.47924,160.0,6.0,85.8,0F


[9161407]	$DSM0E,152551,+50.80008,+002.48589,270.0,2.0,165.9,0F


[9161875]	$DSM00,152552,+50.80946,+002.44431,3198.0,69.0,236.2,0F


[9161938]	$DSM01,152552,+50.80004,+002.48531,164.0,0.0,0.0,0F


[9162032]	$DSM04,152552,+50.80004,+002.48594,272.0,2.0,175.8,0F


[9162282]	$DSM0B,152552,+50.79912,+002.48765,162.0,1.0,306.6,0F


[9162329]	$DSM0C,152552,+50.80219,+002.47933,160.0,6.0,88.6,0F


[9162391]	$DSM0E,152552,+50.80006,+002.48589,270.0,2.0,171.6,0F


[9162875]	$DSM00,152553,+50.80911,+002.44351,3198.0,69.0,233.4,0F


[9162938]	$DSM01,152553,+50.80004,+002.48531,164.0,0.0,0.0,0F


[9163047]	$DSM04,152553,+50.80002,+002.48594,272.0,2.0,175.8,0F


[9163282]	$DSM0B,152553,+50.79912,+002.48765,162.0,0.0,0.0,0F


[9163313]	$DSM0C,152553,+50.80219,+002.47943,160.0,7.0,94.2,0F


[9163391]	$DSM0E,152553,+50.80004,+002.48589,270.0,2.0,173.0,0F


[9163875]	$DSM00,152554,+50.80873,+002.44272,3196.0,70.0,232.0,0F


[9163938]	$DSM01,152554,+50.80004,+002.48531,164.0,0.0,0.0,0F


[9164032]	$DSM04,152554,+50.80000,+002.48594,272.0,2.0,180.0,0F


[9164282]	$DSM0B,152554,+50.79912,+002.48765,162.0,0.0,0.0,0F


[9164329]	$DSM0C,152554,+50.80217,+002.47952,160.0,7.0,94.2,0F


[9164391]	$DSM0E,152554,+50.80003,+002.48591,270.0,2.0,177.2,0F


[9164860]	$DSM00,152555,+50.80833,+002.44195,3194.0,70.0,229.2,0F


[9164938]	$DSM7D,152462,+65.21281,+362.57321,164.0,0.0,0.0,0B


[9165047]	$DSM04,152555,+50.79998,+002.48594,272.0,2.0,181.4,0F


[9165282]	$DSM0B,152555,+50.79912,+002.48765,162.0,0.0,0.0,0F


[9165313]	$DSM0C,152555,+50.80217,+002.47963,160.0,6.0,97.0,0F


[9165391]	$DSM0E,152555,+50.80001,+002.48591,270.0,2.0,181.4,0F


[9165875]	$DSM00,152556,+50.80791,+002.44120,3190.0,70.0,227.8,0F


[9165938]	$DSM01,152556,+50.80004,+002.48531,164.0,0.0,0.0,0F


[9166032]	$DSM04,152556,+50.79996,+002.48591,270.0,2.0,187.0,0F


[9166282]	$DSM0B,152556,+50.79913,+002.48757,160.0,2.0,271.4,0F


[9166313]	$DSM0C,152556,+50.80216,+002.47971,160.0,6.0,97.0,0F


[9166375]	$DSM0E,152556,+50.79999,+002.48589,270.0,2.0,184.2,0F


[9166875]	$DSM00,152557,+50.80748,+002.44047,3188.0,71.0,226.4,0F


[9166922]	$DSM01,152557,+50.80004,+002.48531,164.0,0.0,0.0,0F


[9167047]	$DSM04,152557,+50.79993,+002.48591,270.0,2.0,192.7,0F


[9167282]	$DSM0B,152557,+50.79914,+002.48752,160.0,3.0,305.2,0F


[9167313]	$DSM0C,152557,+50.80216,+002.47980,162.0,6.0,94.2,0F


[9167407]	$DSM0E,152557,+50.79996,+002.48589,270.0,2.0,192.7,0F


[9167875]	$DSM00,152558,+50.80703,+002.43976,3186.0,71.0,223.6,0F


[9168032]	$DSM04,152558,+50.79992,+002.48591,268.0,1.0,203.9,0F


[9168297]	$DSM0B,152558,+50.79915,+002.48748,158.0,3.0,306.6,0F


[9168329]	$DSM0C,152558,+50.80216,+002.47988,162.0,6.0,97.0,0F


[9168375]	$DSM0E,152558,+50.79996,+002.48589,268.0,1.0,203.9,0F


[9168860]	$DSM00,152559,+50.80656,+002.43907,3182.0,72.0,222.2,0F


[9168938]	$DSM01,152559,+50.80004,+002.48531,164.0,0.0,0.0,0F


[9169282]	$DSM0B,152559,+50.79915,+002.48746,158.0,2.0,303.7,0F


[9169329]	$DSM0C,152559,+50.80216,+002.47997,162.0,6.0,94.2,0F


[9169391]	$DSM0E,152559,+50.79995,+002.48587,268.0,1.0,227.8,0F


[9169875]	$DSM00,152600,+50.80606,+002.43841,3180.0,72.0,220.8,0F


[9169938]	$DSM01,152600,+50.80004,+002.48531,164.0,0.0,0.0,0F


[9170047]	$DSM04,152600,+50.79992,+002.48589,266.0,0.0,0.0,0F


[9170282]	$DSM0B,152600,+50.79916,+002.48744,158.0,2.0,320.6,0F


[9170329]	$DSM0C,152600,+50.80216,+002.48006,162.0,6.0,88.6,0F


[9170391]	$DSM0E,152600,+50.79995,+002.48587,266.0,0.0,0.0,0F


[9170860]	$DSM00,152601,+50.80556,+002.43774,3178.0,72.0,219.4,0F


[9170938]	$DSM01,152601,+50.80004,+002.48531,164.0,0.0,0.0,0F


[9171047]	$DSM04,152601,+50.79992,+002.48589,266.0,0.0,0.0,0F


[9171282]	$DSM0B,152601,+50.79918,+002.48742,158.0,1.0,345.9,0F


[9171329]	$DSM0C,152601,+50.80214,+002.48014,164.0,6.0,83.0,0F


[9171391]	$DSM0E,152601,+50.79995,+002.48587,266.0,0.0,0.0,0F


[9171875]	$DSM00,152602,+50.80505,+002.43710,3176.0,72.0,218.0,0F


[9171938]	$DSM01,152602,+50.80004,+002.48531,164.0,0.0,0.0,0F


[9172032]	$DSM04,152602,+50.79992,+002.48589,266.0,0.0,0.0,0F


[9172297]	$DSM0B,152602,+50.79918,+002.48739,156.0,1.0,0.0,0F


[9172329]	$DSM0C,152602,+50.80214,+002.48021,164.0,5.0,84.4,0F


[9172391]	$DSM0E,152602,+50.79995,+002.48587,266.0,0.0,0.0,0F


[9172875]	$DSM00,152603,+50.80452,+002.43648,3174.0,73.0,216.6,0F


[9172938]	$DSM01,152603,+50.80004,+002.48531,164.0,0.0,0.0,0F


[9173047]	$DSM04,152603,+50.79992,+002.48589,266.0,0.0,0.0,0F


[9173282]	$DSM0B,152603,+50.79918,+002.48739,156.0,0.0,0.0,0F


[9173329]	$DSM0C,152603,+50.80212,+002.48029,166.0,6.0,91.4,0F


[9173391]	$DSM0E,152603,+50.79995,+002.48587,266.0,0.0,0.0,0F


[9173875]	$DSM00,152604,+50.80400,+002.43587,3174.0,73.0,215.2,0F


[9173938]	$DSM01,152604,+50.80004,+002.48531,164.0,0.0,0.0,0F


[9174047]	$DSM04,152604,+50.79992,+002.48589,266.0,0.0,0.0,0F


[9174282]	$DSM0B,152604,+50.79918,+002.48739,156.0,0.0,0.0,0F


[9174313]	$DSM0C,152604,+50.80211,+002.48040,166.0,6.0,95.6,0F


[9174407]	$DSM0E,152604,+50.79998,+002.48583,266.0,2.0,320.6,0F


[9174875]	$DSM00,152605,+50.80344,+002.43530,3174.0,73.0,213.7,0F


[9174938]	$DSM01,152605,+50.80004,+002.48531,164.0,0.0,0.0,0F


[9175032]	$DSM04,152605,+50.79996,+002.48583,266.0,2.0,309.4,0F


[9175282]	$DSM0B,152605,+50.79918,+002.48739,156.0,0.0,0.0,0F


[9175329]	$DSM0C,152605,+50.80210,+002.48049,166.0,6.0,97.0,0F


[9175391]	$DSM0E,152605,+50.79999,+002.48581,268.0,2.0,313.6,0F


[9175860]	$DSM00,152606,+50.80289,+002.43474,3174.0,73.0,212.3,0F


[9175938]	$DSM01,152606,+50.80004,+002.48531,164.0,0.0,0.0,0F


[9176032]	$DSM04,152606,+50.79998,+002.48581,268.0,2.0,305.2,0F


[9176282]	$DSM0B,152606,+50.79918,+002.48739,156.0,0.0,0.0,0F


[9176313]	$DSM0C,152606,+50.80209,+002.48057,168.0,7.0,102.7,0F


[9176391]	$DSM0E,152606,+50.80000,+002.48579,268.0,2.0,306.6,0F


[9176875]	$DSM00,152607,+50.80234,+002.43420,3174.0,73.0,210.9,0F


[9176938]	$DSM01,152607,+50.80004,+002.48531,164.0,0.0,0.0,0F


[9177032]	$DSM04,152607,+50.79999,+002.48579,268.0,2.0,300.9,0F


[9177282]	$DSM0B,152607,+50.79918,+002.48739,156.0,0.0,0.0,0F


[9177329]	$DSM0C,152607,+50.80207,+002.48068,168.0,7.0,98.4,0F


[9177391]	$DSM0E,152607,+50.80001,+002.48576,270.0,2.0,302.3,0F


[9177860]	$DSM00,152608,+50.80177,+002.43369,3174.0,73.0,209.5,0F


[9177938]	$DSM01,152608,+50.80004,+002.48531,164.0,0.0,0.0,0F


[9178032]	$DSM04,152608,+50.79999,+002.48576,270.0,2.0,293.9,0F


[9178282]	$DSM0B,152608,+50.79918,+002.48739,156.0,0.0,0.0,0F


[9178297]	$DSM0C,152608,+50.80207,+002.48076,168.0,6.0,92.8,0F


[9178391]	$DSM0E,152608,+50.80001,+002.48574,270.0,2.0,298.1,0F


[9178875]	$DSM00,152609,+50.80119,+002.43317,3174.0,73.0,208.1,0F


[9178938]	$DSM01,152609,+50.80004,+002.48531,164.0,0.0,0.0,0F


[9179032]	$DSM04,152609,+50.80000,+002.48574,270.0,2.0,295.3,0F


[9179282]	$DSM0B,152609,+50.79918,+002.48739,156.0,0.0,0.0,0F


[9179329]	$DSM0C,152609,+50.80206,+002.48085,168.0,6.0,91.4,0F


[9179391]	$DSM0E,152609,+50.80003,+002.48570,272.0,2.0,293.9,0F


[9179860]	$DSM00,152610,+50.80061,+002.43270,3176.0,73.0,206.7,0F


[9179938]	$DSM01,152610,+50.80004,+002.48531,164.0,0.0,0.0,0F


[9180032]	$DSM04,152610,+50.80001,+002.48570,270.0,2.0,289.7,0F


[9180297]	$DSM0B,152610,+50.79918,+002.48739,156.0,0.0,0.0,0F


[9180329]	$DSM0C,152610,+50.80204,+002.48094,168.0,6.0,87.2,0F


[9180391]	$DSM0E,152610,+50.80003,+002.48568,272.0,2.0,288.3,0F


[9180875]	$DSM00,152611,+50.80002,+002.43225,3176.0,72.0,205.3,0F


[9180938]	$DSM01,152611,+50.80004,+002.48531,164.0,0.0,0.0,0F


[9181047]	$DSM04,152611,+50.80001,+002.48568,270.0,2.0,281.2,0F


[9181282]	$DSM0B,152611,+50.79918,+002.48739,156.0,0.0,0.0,0F


[9181329]	$DSM0C,152611,+50.80204,+002.48102,168.0,6.0,92.8,0F


[9181391]	$DSM0E,152611,+50.80004,+002.48566,272.0,2.0,285.5,0F


[9181860]	$DSM00,152612,+50.79943,+002.43182,3178.0,72.0,203.9,0F


[9181954]	$DSM01,152612,+50.80004,+002.48531,164.0,0.0,0.0,0F


[9182047]	$DSM04,152612,+50.80001,+002.48564,270.0,3.0,278.4,0F


[9182282]	$DSM0B,152612,+50.79918,+002.48739,156.0,0.0,0.0,0F


[9182329]	$DSM0C,152612,+50.80204,+002.48109,170.0,5.0,87.2,0F


[9182391]	$DSM0E,152612,+50.80004,+002.48561,272.0,2.0,278.4,0F


[9182875]	$DSM00,152613,+50.79882,+002.43143,3180.0,72.0,202.5,0F


[9182938]	$DSM01,152613,+50.80004,+002.48531,164.0,0.0,0.0,0F


[9183047]	$DSM04,152613,+50.80001,+002.48559,270.0,3.0,278.4,0F


[9183282]	$DSM0B,152613,+50.79918,+002.48739,156.0,0.0,0.0,0F


[9183329]	$DSM0C,152613,+50.80203,+002.48115,172.0,5.0,94.2,0F


[9183391]	$DSM0E,152613,+50.80005,+002.48557,272.0,3.0,275.6,0F


[9183875]	$DSM00,152614,+50.79822,+002.43105,3182.0,72.0,201.1,0F


[9183938]	$DSM01,152614,+50.80004,+002.48531,164.0,0.0,0.0,0F


[9184032]	$DSM04,152614,+50.80002,+002.48555,270.0,3.0,278.4,0F


[9184282]	$DSM0B,152614,+50.79918,+002.48739,156.0,0.0,0.0,0F


[9184313]	$DSM0C,152614,+50.80201,+002.48124,172.0,5.0,98.4,0F


[9184391]	$DSM0E,152614,+50.80005,+002.48555,272.0,3.0,278.4,0F


[9184875]	$DSM00,152615,+50.79760,+002.43070,3184.0,72.0,199.7,0F


[9184938]	$DSM01,152615,+50.80004,+002.48531,164.0,0.0,0.0,0F


[9185032]	$DSM04,152615,+50.80003,+002.48551,270.0,3.0,281.2,0F


[9185282]	$DSM0B,152615,+50.79918,+002.48739,156.0,0.0,0.0,0F


[9185313]	$DSM0C,152615,+50.80200,+002.48130,174.0,5.0,99.8,0F


[9185407]	$DSM0E,152615,+50.80005,+002.48551,272.0,3.0,281.2,0F


[9185875]	$DSM00,152616,+50.79700,+002.43040,3186.0,71.0,196.9,0F


[9185938]	$DSM01,152616,+50.80004,+002.48531,164.0,0.0,0.0,0F


[9186032]	$DSM04,152616,+50.80003,+002.48546,270.0,3.0,279.8,0F


[9186282]	$DSM0B,152616,+50.79918,+002.48739,156.0,0.0,0.0,0F


[9186329]	$DSM0C,152616,+50.80198,+002.48137,174.0,4.0,98.4,0F


[9186391]	$DSM0E,152616,+50.80006,+002.48546,274.0,3.0,282.7,0F


[9186875]	$DSM00,152617,+50.79638,+002.43010,3188.0,71.0,195.5,0F


[9186938]	$DSM01,152617,+50.80004,+002.48531,164.0,0.0,0.0,0F


[9187032]	$DSM04,152617,+50.80004,+002.48544,270.0,2.0,285.5,0F


[9187282]	$DSM0B,152617,+50.79918,+002.48739,156.0,0.0,0.0,0F


[9187313]	$DSM0C,152617,+50.80197,+002.48143,176.0,4.0,105.5,0F


[9187407]	$DSM0E,152617,+50.80006,+002.48542,274.0,3.0,284.1,0F


[9187875]	$DSM00,152618,+50.79576,+002.42985,3190.0,71.0,194.1,0F


[9187938]	$DSM01,152618,+50.80004,+002.48531,164.0,0.0,0.0,0F


[9188032]	$DSM04,152618,+50.80004,+002.48540,272.0,2.0,293.9,0F


[9188282]	$DSM0B,152618,+50.79918,+002.48739,156.0,0.0,0.0,0F


[9188329]	$DSM0C,152618,+50.80196,+002.48149,176.0,4.0,108.3,0F


[9188391]	$DSM0E,152618,+50.80008,+002.48540,274.0,2.0,291.1,0F


[9188860]	$DSM00,152619,+50.79514,+002.42961,3192.0,71.0,192.7,0F


[9188938]	$DSM01,152619,+50.80004,+002.48531,164.0,0.0,0.0,0F


[9189032]	$DSM04,152619,+50.80005,+002.48538,272.0,2.0,302.3,0F


[9189266]	$DSM0B,152619,+50.79918,+002.48739,156.0,0.0,0.0,0F


[9189297]	$DSM0C,152619,+50.80194,+002.48154,174.0,4.0,115.3,0F


[9189391]	$DSM0E,152619,+50.80008,+002.48536,274.0,2.0,299.5,0F


[9189875]	$DSM00,152620,+50.79452,+002.42942,3192.0,71.0,191.2,0F


[9189938]	$DSM01,152620,+50.80004,+002.48531,164.0,0.0,0.0,0F


[9190032]	$DSM04,152620,+50.80006,+002.48536,272.0,2.0,305.2,0F


[9190282]	$DSM0B,152620,+50.79918,+002.48739,156.0,0.0,0.0,0F


[9190329]	$DSM0C,152620,+50.80193,+002.48160,174.0,3.0,111.1,0F


[9190391]	$DSM0E,152620,+50.80009,+002.48533,274.0,2.0,302.3,0F


[9190860]	$DSM00,152621,+50.79388,+002.42924,3194.0,71.0,189.8,0F


[9190938]	$DSM01,152621,+50.80004,+002.48531,164.0,0.0,0.0,0F


[9191032]	$DSM04,152621,+50.80006,+002.48533,274.0,2.0,308.0,0F


[9191282]	$DSM0B,152621,+50.79918,+002.48739,156.0,0.0,0.0,0F


[9191329]	$DSM0C,152621,+50.80192,+002.48164,174.0,3.0,98.4,0F


[9191391]	$DSM0E,152621,+50.80009,+002.48531,274.0,2.0,306.6,0F


[9191875]	$DSM00,152622,+50.79325,+002.42909,3194.0,71.0,187.0,0F


[9191938]	$DSM01,152622,+50.80004,+002.48531,164.0,0.0,0.0,0F


[9192047]	$DSM04,152622,+50.80008,+002.48531,274.0,1.0,313.6,0F


[9192282]	$DSM0B,152622,+50.79918,+002.48739,156.0,0.0,0.0,0F


[9192313]	$DSM0C,152622,+50.80192,+002.48167,174.0,2.0,99.8,0F


[9192391]	$DSM0E,152622,+50.80011,+002.48531,276.0,1.0,319.2,0F


[9192875]	$DSM00,152623,+50.79262,+002.42897,3194.0,71.0,185.6,0F


[9192938]	$DSM01,152623,+50.80004,+002.48531,164.0,0.0,0.0,0F


[9193032]	$DSM04,152623,+50.80008,+002.48529,274.0,1.0,324.8,0F


[9193329]	$DSM0C,152623,+50.80192,+002.48171,174.0,1.0,119.5,0F


[9193391]	$DSM0E,152623,+50.80012,+002.48529,276.0,1.0,330.5,0F


[9193875]	$DSM00,152624,+50.79198,+002.42888,3194.0,71.0,184.2,0F


[9193938]	$DSM01,152624,+50.80004,+002.48531,164.0,0.0,0.0,0F


[9194047]	$DSM04,152624,+50.80009,+002.48529,274.0,0.0,0.0,0F


[9194282]	$DSM0B,152624,+50.79918,+002.48739,156.0,0.0,0.0,0F


[9194329]	$DSM0C,152624,+50.80192,+002.13015,174.0,1.0,202.5,0B


[9194391]	$DSM0E,152624,+50.80012,+002.48529,276.0,0.0,0.0,0F


[9194875]	$DSM00,152625,+50.79134,+002.42882,3194.0,71.0,182.8,0F


[9194938]	$DSM01,152625,+50.80004,+002.48531,164.0,0.0,0.0,0F


[9195032]	$DSM04,152625,+50.80009,+002.48529,274.0,0.0,0.0,0F


[9195282]	$DSM0B,152625,+50.79918,+002.48739,156.0,0.0,0.0,0F


[9195329]	$DSM0C,152625,+50.80192,+002.48171,174.0,0.0,0.0,0F


[9195391]	$DSM0E,152625,+50.80012,+002.48529,276.0,0.0,0.0,0F


[9195875]	$DSM00,152626,+50.79070,+002.42877,3194.0,71.0,181.4,0F


[9195938]	$DSM01,152626,+50.80004,+002.48531,164.0,0.0,0.0,0F


[9196047]	$DSM04,152626,+50.80009,+002.48529,274.0,0.0,0.0,0F


[9196282]	$DSM0B,152626,+50.79918,+002.48739,156.0,0.0,0.0,0F


[9196329]	$DSM0C,152626,+50.80192,+002.48171,174.0,0.0,0.0,0F


[9196407]	$DSM0E,152626,+50.80012,+002.48529,276.0,0.0,0.0,0F


[9196875]	$DSM00,152627,+50.79005,+002.42875,3194.0,71.0,180.0,0F


[9196938]	$DSM01,152627,+50.80004,+002.48531,164.0,0.0,0.0,0F


[9197032]	$DSM04,152627,+50.80009,+002.48529,274.0,0.0,0.0,0F


[9197297]	$DSM0B,152627,+50.79918,+002.48739,156.0,0.0,0.0,0F


[9197329]	$DSM0C,152627,+50.80192,+002.48171,174.0,0.0,0.0,0F


[9197391]	$DSM0E,152627,+50.80012,+002.48529,276.0,0.0,0.0,0F


[9197875]	$DSM00,152628,+50.78941,+002.42875,3192.0,72.0,180.0,0F


[9197938]	$DSM01,152628,+50.80004,+002.48531,164.0,0.0,0.0,0F


[9198047]	$DSM04,152628,+50.80009,+002.48529,274.0,0.0,0.0,0F


[9198282]	$DSM0B,152628,+50.79918,+002.48739,156.0,0.0,0.0,0F


[9198313]	$DSM0C,152628,+50.80192,+002.48171,174.0,0.0,0.0,0F


[9198875]	$DSM00,152629,+50.78876,+002.42877,3192.0,72.0,178.6,0F


[9198938]	$DSM01,152629,+50.80004,+002.48531,164.0,0.0,0.0,0F


[9199032]	$DSM04,152629,+50.80009,-000.04165,274.0,0.0,0.0,0B


[9199282]	$DSM0B,152629,+50.79918,+002.48739,156.0,0.0,0.0,0F


[9199329]	$DSM0C,152629,+50.80192,+002.48171,174.0,0.0,0.0,0F


[9199391]	$DSM0E,152629,+50.80012,+002.48529,276.0,0.0,0.0,0F


[9199875]	$DSM00,152630,+50.78811,+002.42882,3192.0,72.0,177.2,0F


[9199938]	$DSM01,152630,+50.80004,+002.48531,164.0,0.0,0.0,0F


[9200047]	$DSM04,152630,+50.80009,+002.48529,274.0,0.0,0.0,0F


[9200282]	$DSM0B,152630,+50.79918,+002.48739,156.0,0.0,0.0,0F


[9200313]	$DSM0C,152630,+50.80192,+002.48171,174.0,0.0,0.0,0F


[9200391]	$DSM0E,152630,+50.80012,+002.48529,276.0,0.0,0.0,0F


[9200875]	$DSM00,152631,+50.78747,+002.42890,3192.0,72.0,175.8,0F


[9200938]	$DSM01,152631,+50.80004,+002.48531,164.0,0.0,0.0,0F


[9201032]	$DSM04,152631,+50.80009,+002.48529,274.0,0.0,0.0,0F


[9201297]	$DSM0B,152631,+50.79918,+002.48739,156.0,0.0,0.0,0F


[9201329]	$DSM0C,152631,+50.80192,+002.48171,174.0,0.0,0.0,0F


[9201391]	$DSM**,1525**,-61.73284,+027.88568,276.0,0.0,0.0,0B


[9201860]	$DSM00,152632,+50.78681,+002.42899,3192.0,72.0,174.4,0F


[9201938]	$DSM01,152632,+50.80004,+002.48531,164.0,0.0,0.0,0F


[9202047]	$DSM04,152632,+50.80009,+002.48529,274.0,0.0,0.0,0F


[9202297]	$DSM0B,152632,+50.79918,+002.48739,156.0,0.0,0.0,0F


[9202329]	$DSM0C,152632,+50.80193,+002.48177,206.0,2.0,94.2,0B


[9202391]	$DSM0E,152632,+50.80012,+002.48529,276.0,0.0,0.0,0F


[9202860]	$DSM00,152633,+50.78617,+002.42909,3192.0,72.0,174.4,0F


[9202922]	$DSM01,152633,+50.80004,+002.48531,164.0,0.0,0.0,0F


[9203047]	$DSM04,152633,+50.80009,+002.48529,274.0,0.0,0.0,0F


[9203297]	$DSM0B,152633,+50.79918,+002.48739,156.0,0.0,0.0,0F


[9203313]	$DSM0C,152633,+50.80192,+002.48182,174.0,5.0,125.2,0F


[9203391]	$DSM**,152541,+78.56320,-131.72397,276.0,255.0,180.0,0B


[9203860]	$DSM00,152634,+50.78552,+002.42920,3192.0,72.0,173.0,0F


[9203938]	$DSM01,152634,+50.80004,+002.48531,164.0,0.0,0.0,0F


[9204032]	$DSM04,152634,+50.80009,+002.57318,274.0,0.0,0.0,0B


[9204297]	$DSM0B,152634,+50.79918,+002.48739,156.0,0.0,0.0,0F


[9204313]	$DSM0C,152634,+50.80188,+002.48188,174.0,6.0,136.4,0F


[9204375]	$DSM0E,152634,+50.80012,+002.48529,276.0,0.0,0.0,0F


[9204860]	$DSM00,152635,+50.78487,+002.42935,3192.0,72.0,171.6,0F


[9204938]	$DSM01,152635,+50.80004,+002.48531,164.0,0.0,0.0,0F


[9205329]	$DSM0C,152635,+50.80184,+002.48194,174.0,8.0,143.4,0F


[9205391]	$DSM0E,152635,+50.80012,+002.48529,276.0,0.0,0.0,0F


[9205875]	$DSM00,152636,+50.78421,+002.42952,3192.0,72.0,170.2,0F


[9205938]	$DSM01,152636,+50.80004,+002.48531,164.0,0.0,0.0,0F


[9206282]	$DSM0B,152636,+50.79918,+002.48739,156.0,0.0,0.0,0F


[9206313]	$DSM0C,152636,+50.80178,+002.48201,174.0,9.0,149.1,0F


[9206391]	$DSM0E,152636,+50.80012,+002.48529,276.0,0.0,0.0,0F


[9206875]	$DSM00,152637,+50.78358,+002.42972,3194.0,72.0,168.7,0F


[9206938]	$DSM01,152637,+50.80004,+002.48531,164.0,0.0,0.0,0F


[9207032]	$DSM04,152637,+50.80011,+747.53952,770.0,16.0,0.0,0B


[9207282]	$DSM0B,152637,+50.79918,+002.48739,156.0,0.0,0.0,0F


[9207313]	$DSM0C,152637,+50.80170,+002.48207,176.0,11.0,149.1,0F


[9207391]	$DSM0E,152637,+50.80012,+002.48529,276.0,0.0,0.0,0F


[9207860]	$DSM00,152638,+50.78294,+002.42993,3194.0,72.0,167.3,0F


[9207938]	$DSM01,152638,+50.80004,+002.48531,164.0,0.0,0.0,0F


[9208032]	$DSM04,152638,+50.80009,+002.48529,274.0,0.0,0.0,0F


[9208297]	$DSM0B,152638,+50.79918,+002.48739,156.0,0.0,0.0,0F


[9208329]	$DSM0C,152638,+50.80160,+002.48216,176.0,12.0,149.1,0F


[9208391]	$DSM0E,152638,+50.80012,+002.48529,276.0,0.0,0.0,0F


[9208875]	$DSM00,152639,+50.78231,+002.43017,3196.0,72.0,165.9,0F


[9208922]	$DSM01,152639,+50.80004,+002.48531,164.0,0.0,0.0,0F


[9209282]	$DSM0B,152639,+50.79918,+002.48739,156.0,0.0,0.0,0F


[9209313]	$DSM0C,152639,+50.80149,+002.48227,176.0,12.0,149.1,0F


[9209391]	$DSM0E,152639,+50.80012,+002.48529,276.0,0.0,0.0,0F


[9209875]	$DSM00,152640,+50.78168,+002.43042,3198.0,72.0,164.5,0F


[9209938]	$DSM01,152640,+50.80004,+002.48531,164.0,0.0,0.0,0F


[9210032]	$DSM04,152640,+50.80009,+002.48529,274.0,0.0,0.0,0F


[9210282]	$DSM0B,152640,+50.79918,+002.48739,156.0,0.0,0.0,0F


[9210329]	$DSM0C,152640,+50.80140,+002.48235,176.0,12.0,149.1,0F


[9210391]	$DSM0E,152640,+50.80012,+002.48529,276.0,0.0,0.0,0F


[9210860]	$DSM00,152641,+50.78105,+002.43073,3198.0,72.0,163.1,0F


[9210954]	$DSM01,152641,+50.80004,+002.48531,164.0,0.0,0.0,0F


[9211032]	$DSM04,152641,+50.80009,+002.48529,274.0,0.0,0.0,0F


[9211266]	$DSM0B,152641,+50.79918,+002.48739,156.0,0.0,0.0,0F


[9211313]	$DSM0C,152641,+50.80130,+002.48244,176.0,13.0,153.3,0F


[9211391]	$DSM0E,152641,+50.80012,+002.48529,276.0,0.0,0.0,0F


[9211875]	$DSM00,152642,+50.78044,+002.43105,3200.0,72.0,160.3,0F


[9211938]	$DSM01,152642,+50.80004,+002.48531,164.0,0.0,0.0,0F


[9212032]	$DSM04,152642,+50.80009,+002.48529,274.0,0.0,0.0,0F


[9212297]	$DSM0B,152642,+50.79918,+002.48739,252.0,0.0,0.0,0B


[9212329]	$DSM0C,152642,+50.80119,+002.48252,176.0,13.0,154.7,0F


[9212375]	$DSM0E,152642,+50.80012,+002.48529,276.0,0.0,0.0,0F


[9212860]	$DSM00,152643,+50.77983,+002.43141,3202.0,72.0,158.9,0F


[9212938]	$DSM01,152643,+50.80004,+002.48531,164.0,0.0,0.0,0F


[9213032]	$DSM04,152643,+50.80012,+002.48536,278.0,2.0,275.6,0F


[9213282]	$DSM0B,152643,+50.79918,+002.48739,156.0,0.0,0.0,0F


[9213329]	$DSM0C,152643,+50.80109,+002.48261,176.0,13.0,153.3,0F


[9213391]	$DSM0E,152643,+50.80012,+002.48529,276.0,0.0,0.0,0F


[9213875]	$DSM00,152644,+50.77923,+002.43178,3202.0,72.0,157.5,0F


[9213938]	$DSM01,152644,+50.80004,+002.48531,164.0,0.0,0.0,0F


[9214032]	$DSM04,152644,+50.80012,+002.48531,276.0,2.0,271.4,0F


[9214282]	$DSM0B,152644,+50.79918,+002.48739,156.0,0.0,0.0,0F


[9214391]	$DSM0E,152644,+50.80014,+002.48538,280.0,2.0,265.8,0F


[9214860]	$DSM00,152645,+50.77863,+002.43221,3204.0,72.0,156.1,0F


[9214938]	$DSM01,152645,+50.80004,+002.48531,164.0,0.0,0.0,0F


[9215032]	$DSM04,152645,+50.80012,+002.48529,276.0,2.0,267.2,0F


[9215282]	$DSM0B,152645,+50.79918,+002.48739,156.0,0.0,0.0,0F


[9215313]	$DSM0C,152641,+50.80090,+002.48278,176.0,12.0,150.5,0B


[9215391]	$DSM0E,152645,+50.80014,+002.48533,280.0,2.0,270.0,0F


[9215875]	$DSM00,152646,+50.77804,+002.43263,3204.0,72.0,153.3,0F


[9215938]	$DSM01,152646,+50.80004,+002.48531,164.0,0.0,0.0,0F


[9216032]	$DSM04,152646,+50.80012,+002.48525,276.0,2.0,267.2,0F


[9216297]	$DSM0B,152646,+50.79918,+002.48739,156.0,0.0,0.0,0F


[9216329]	$DSM0C,152646,+50.80080,+002.48287,176.0,13.0,149.1,0F


[9216391]	$DSM0E,152646,+50.80014,+002.48531,280.0,2.0,272.8,0F


[9216875]	$DSM00,152647,+50.77748,+002.43311,3206.0,72.0,151.9,0F


[9216938]	$DSM01,152647,+50.80004,+002.48531,164.0,0.0,0.0,0F


[9217032]	$DSM04,152647,+50.80012,+002.48523,274.0,2.0,272.8,0F


[9217297]	$DSM0B,152647,+50.79918,+002.48739,156.0,0.0,0.0,0F


[9217329]	$DSM0C,152647,+50.80072,+002.48297,176.0,12.0,143.4,0F


[9217391]	$DSM0E,152647,+50.80014,+002.48527,280.0,2.0,278.4,0F


[9217875]	$DSM00,152648,+50.77691,+002.43362,3206.0,72.0,149.1,0F


[9217938]	$DSM01,152648,+50.80004,+002.48531,164.0,0.0,0.0,0F


[9218032]	$DSM04,152648,+50.80012,+005.29768,258.0,20.0,303.7,0B


[9218282]	$DSM0B,152648,+50.79918,+002.48739,156.0,0.0,0.0,0F


[9218313]	$DSM0C,152648,+50.80064,+002.48308,176.0,12.0,130.8,0F


[9218391]	$DSM0E,152648,+50.80015,+002.48523,278.0,3.0,284.1,0F


[9218875]	$DSM00,152649,+50.77635,+002.43416,3206.0,72.0,147.7,0F


[9218938]	$DSM01,152649,+50.80004,+002.48531,164.0,0.0,0.0,0F


[9219047]	$DSM04,152649,+50.80012,+002.48514,274.0,3.0,289.7,0F


[9219297]	$DSM0B,152649,+50.79918,+002.48739,156.0,0.0,0.0,0F


[9219329]	$DSM0C,152649,+50.80059,+002.48321,176.0,10.0,120.9,0F


[9219375]	$DSM0E,152649,+50.80015,+002.48518,278.0,3.0,288.3,0F


[9219875]	$DSM00,152650,+50.77581,+002.43472,3204.0,72.0,144.8,0F


[9219922]	$DSM01,152650,+50.80004,+002.48531,164.0,0.0,0.0,0F


[9220047]	$DSM04,152650,+50.80012,+002.48512,274.0,3.0,289.7,0F


[9220282]	$DSM0B,152650,+50.79918,+002.48739,156.0,0.0,0.0,0F


[9220313]	$DSM0C,152650,+50.80055,+002.48334,176.0,10.0,118.1,0F


[9220391]	$DSM0E,152650,+50.80016,+002.48514,278.0,3.0,286.9,0F


[9220875]	$DSM00,152651,+50.77529,+002.43532,3204.0,72.0,143.4,0F


[9220938]	$DSM01,152651,+50.80004,+002.48531,164.0,0.0,0.0,0F


[9221047]	$DSM04,152651,+50.80015,+002.48508,274.0,3.0,291.1,0F


[9221297]	$DSM0B,152651,+50.79918,+002.48739,156.0,0.0,0.0,0F


[9221329]	$DSM0C,152651,+50.80050,+002.48347,176.0,10.0,113.9,0F


[9221391]	$DSM0E,152651,+50.80017,+002.48510,278.0,3.0,289.7,0F


[9221875]	$DSM00,152652,+50.77476,+002.43596,3202.0,73.0,142.0,0F


[9221938]	$DSM01,152652,+50.80004,+002.48531,164.0,0.0,0.0,0F


[9222047]	$DSM04,152652,+50.80016,+002.48503,274.0,3.0,299.5,0F


[9222282]	$DSM0B,152652,+50.79575,+002.48739,156.0,0.0,0.0,0A


[9222313]	$DSM0C,152652,+50.80047,+002.48360,176.0,10.0,112.5,0F


[9222391]	$DSM0E,152652,+50.80017,+002.48506,278.0,3.0,289.7,0F


[9222875]	$DSM00,152653,+50.77426,+002.43663,3200.0,73.0,139.2,0F


[9222938]	$DSM01,152653,+50.80004,+002.48531,164.0,0.0,0.0,0F


[9223032]	$DSM04,152653,+50.80017,+002.48499,276.0,3.0,295.3,0F


[9223297]	$DSM0B,152653,+50.79918,+002.48739,156.0,0.0,0.0,0F


[9223329]	$DSM0C,152653,+50.80045,+002.48375,178.0,10.0,104.1,0F


[9223391]	$DSM0E,152653,+50.80018,+002.48501,278.0,3.0,292.5,0F


[9223875]	$DSM00,152654,+50.77376,+002.43731,3198.0,73.0,137.8,0F


[9223938]	$DSM01,152654,+50.80004,+002.48531,164.0,0.0,0.0,0F


[9224032]	$DSM04,152654,+50.80018,+002.48495,276.0,3.0,291.1,0F


[9224282]	$DSM0B,152654,+50.79918,+002.48739,156.0,0.0,180.0,0B


[9224329]	$DSM0C,152654,+50.80043,+002.48388,178.0,9.0,99.8,0F


[9224391]	$DSM0E,152654,+50.80019,+002.48497,280.0,3.0,288.3,0F


[9224875]	$DSM00,152655,+50.77328,+002.43802,3196.0,74.0,136.4,0F


[9224938]	$DSM01,152655,+50.80004,+002.48531,164.0,0.0,0.0,0F


[9225047]	$DSM04,152655,+50.80019,+002.48491,276.0,3.0,286.9,0F


[9225282]	$DSM0B,152655,+50.79918,+002.48739,156.0,0.0,0.0,0F


[9225313]	$DSM0C,152655,+50.80040,+002.48400,178.0,9.0,99.8,0F


[9225391]	$DSM0E,152655,+50.80020,+002.48493,280.0,3.0,279.8,0F


[9225860]	$DSM00,152656,+50.77281,+002.43877,3194.0,74.0,133.6,0F


[9225954]	$DSM01,152656,+50.80004,+002.48531,164.0,0.0,0.0,0F


[9226032]	$DSM04,152656,+50.80020,+002.48486,276.0,3.0,274.2,0F


[9226282]	$DSM0B,152656,+50.79918,+002.48739,156.0,0.0,0.0,0F


[9226329]	$DSM0C,152656,+50.75644,+002.48413,180.0,9.0,99.8,0B


[9226391]	$DSM0E,152656,+50.80020,+002.48488,280.0,3.0,277.0,0F


[9226875]	$DSM00,152657,+50.77236,+002.43954,3192.0,74.0,132.2,0F


[9226938]	$DSM01,152657,+50.80004,+002.48531,164.0,0.0,0.0,0F


[9227047]	$DSM04,152657,+50.80020,+002.48482,278.0,3.0,274.2,0F


[9227282]	$DSM0B,152657,+50.79918,+002.48739,156.0,0.0,0.0,0F


[9227313]	$DSM0C,152657,+50.80036,+002.48426,180.0,8.0,97.0,0F


[9227391]	$DSM0E,152657,+50.80020,+002.48486,280.0,3.0,275.6,0F


[9227875]	$DSM00,152658,+50.77192,+002.44034,3190.0,75.0,129.4,0F


[9227938]	$DSM01,152658,+50.80004,+002.48531,164.0,0.0,0.0,0F


[9228032]	$DSM04,152658,+50.80020,+002.48480,278.0,2.0,263.0,0F


[9228297]	$DSM0B,152658,+50.79918,+002.48739,156.0,0.0,0.0,0F


[9228329]	$DSM0C,152658,+50.80036,+002.48437,180.0,8.0,101.2,0F


[9228391]	$DSM0E,152658,+50.80020,+002.48482,282.0,2.0,268.6,0F


[9228860]	$DSM00,152659,+50.77149,+002.44117,3186.0,75.0,128.0,0F


[9228938]	$DSM01,152659,+50.80004,+002.48531,164.0,0.0,0.0,0F


[9229282]	$DSM0B,152659,+50.79918,+002.48739,156.0,0.0,0.0,0F


[9229313]	$DSM0C,152659,+50.80033,+002.48448,180.0,8.0,104.1,0F


[9229391]	$DSM0E,152659,+50.80020,+002.48478,282.0,2.0,248.9,0F


[9229875]	$DSM00,152700,+50.77109,+002.44203,3184.0,75.0,126.6,0F


[9229938]	$DSM01,152700,+50.80004,+002.48531,164.0,0.0,0.0,0F


[9230032]	$DSM04,152700,+50.80017,+002.48473,278.0,2.0,230.6,0F


[9230297]	$DSM0B,152700,+50.79918,+002.48739,156.0,0.0,0.0,0F


[9230329]	$DSM0C,152700,+50.80032,+002.48458,180.0,7.0,102.7,0F


[9230375]	$DSM0E,152700,+50.80018,+002.48476,282.0,2.0,227.8,0F


[9230860]	$DSM00,152701,+50.77070,+002.44291,3182.0,75.0,123.7,0F


[9230938]	$DSM01,152701,+50.80004,+002.48531,164.0,0.0,0.0,0F


[9231032]	$DSM04,152701,+50.80016,+002.48471,280.0,2.0,216.6,0F


[9231282]	$DSM0B,152701,+50.79918,+002.48739,156.0,0.0,0.0,0F


[9231313]	$DSM0C,152701,+50.80030,+002.48469,180.0,7.0,109.7,0F


[9231407]	$DSM0E,152701,+50.80017,+002.48473,284.0,2.0,216.6,0F


[9231875]	$DSM00,152702,+50.77033,+002.44381,3182.0,76.0,122.3,0F


[9231938]	$DSM01,152702,+50.80004,+002.48531,164.0,0.0,0.0,0F


[9232032]	$DSM04,152702,+50.80014,+002.48469,280.0,2.0,216.6,0F


[9232297]	$DSM0B,152702,+50.79918,+002.48739,156.0,0.0,0.0,0F


[9232329]	$DSM0C,152702,+50.80030,+002.48478,178.0,6.0,113.9,0F


[9232391]	$DSM0E,152702,+50.80015,+002.48471,284.0,2.0,213.7,0F


[9232860]	$DSM00,152703,+50.76999,+002.44476,3180.0,76.0,119.5,0F


[9232938]	$DSM01,152703,+50.80004,+002.48531,164.0,0.0,0.0,0F


[9233032]	$DSM04,152703,+50.80012,+002.48467,280.0,2.0,225.0,0F


[9233282]	$DSM0B,152703,+50.79918,+002.48739,156.0,0.0,0.0,0F


[9233313]	$DSM0C,152703,+50.80028,+002.48484,178.0,6.0,116.7,0F


[9233860]	$DSM00,152704,+50.76964,+002.44570,3178.0,76.0,118.1,0F


[9233938]	$DSM01,152704,+50.80004,+002.48531,164.0,0.0,0.0,0F


[9234032]	$DSM04,152704,+50.80011,+002.48465,278.0,3.0,215.2,0F


[9234282]	$DSM0B,152704,+50.79918,+002.48739,156.0,0.0,0.0,0F


[9234313]	$DSM0C,152704,+50.80027,+002.48493,176.0,6.0,118.1,0F


[9234375]	$DSM0E,152704,+50.80012,+002.48467,282.0,2.0,220.8,0F


[9234860]	$DSM00,152705,+50.76935,+002.44667,3178.0,76.0,115.3,0F


[9234938]	$DSM01,152705,+50.80004,+002.48531,164.0,0.0,0.0,0F


[9235032]	$DSM04,152705,+50.80009,+002.48463,278.0,2.0,222.2,0F


[9235266]	$DSM0B,152705,+50.79918,+002.48739,156.0,0.0,0.0,0F


[9235313]	$DSM0C,152705,+50.80024,+002.48501,174.0,6.0,118.1,0F


[9235391]	$DSM0E,152705,+50.80009,+002.48465,282.0,2.0,225.0,0F


[9235860]	$DSM00,152706,+50.76906,+002.44766,3178.0,76.0,113.9,0F


[9235922]	$DSM01,152706,+50.80004,+002.48531,164.0,0.0,0.0,0F


[9236047]	$DSM04,152706,+50.80008,+002.48461,278.0,2.0,222.2,0F


[9236282]	$DSM0B,152706,+50.79918,+002.48739,156.0,0.0,0.0,0F


[9236313]	$DSM0C,152706,+50.80022,+002.48510,174.0,6.0,113.9,0F


[9236375]	$DSM0E,152706,+50.80008,+002.48497,282.0,2.0,230.6,0B


[9236860]	$DSM00,152707,+50.76879,+002.44866,3178.0,76.0,112.5,0F


[9236938]	$DSM01,152707,+50.80004,+002.48531,164.0,0.0,0.0,0F


[9237032]	$DSM04,152707,+50.80006,+002.48458,276.0,2.0,219.4,0F


[9237266]	$DSM0B,152707,+50.79918,+002.48739,156.0,0.0,0.0,0F


[9237313]	$DSM0C,152707,+50.80019,+002.48516,174.0,5.0,115.3,0F


[9237375]	$DSM0E,152707,+50.80006,+002.48461,280.0,2.0,233.4,0F


[9237860]	$DSM00,152708,+50.76853,+002.44967,3178.0,76.0,109.7,0F


[9237922]	$DSM01,152708,+50.80004,+002.48531,164.0,0.0,0.0,0F


[9238032]	$DSM04,152708,+50.80005,+002.48456,276.0,1.0,240.5,0F


[9238282]	$DSM0B,152708,+50.79918,+002.48739,156.0,0.0,0.0,0F


[9238313]	$DSM0C,152708,+50.80017,+002.48523,174.0,4.0,118.1,0F


[9238391]	$DSM0E,152708,+50.80006,+002.48458,280.0,1.0,234.8,0F


[9238875]	$DSM00,152709,+50.76832,+002.45070,3176.0,76.0,108.3,0F


[9238938]	$DSM01,152709,+50.80004,+002.48531,164.0,0.0,0.0,0F


[9239032]	$DSM04,152709,+50.80005,+002.48456,276.0,1.0,267.2,0F


[9239282]	$DSM0B,152709,+50.79918,+002.48739,156.0,0.0,0.0,0F


[9239313]	$DSM0C,152709,+50.80016,+002.48527,174.0,2.0,120.9,0F


[9239375]	$DSM0E,152709,+50.80005,+002.48458,280.0,1.0,243.3,0F


[9239860]	$DSM00,152710,+50.76811,+002.45175,3176.0,77.0,106.9,0F


[9239922]	$DSM01,152710,+50.80004,+002.48531,164.0,0.0,0.0,0F


[9240032]	$DSM04,152710,+50.80005,+002.48454,276.0,0.0,0.0,0F


[9240282]	$DSM0B,152710,+50.79918,+002.48739,156.0,0.0,0.0,0F


[9240313]	$DSM0C,152710,+50.80015,+002.48529,176.0,1.0,106.9,0F


[9240391]	$DSM0E,152710,+50.80005,+002.48456,280.0,0.0,0.0,0F


[9240875]	$DSM00,152711,+50.76792,+002.45281,3178.0,77.0,105.5,0F


[9240938]	$DSM01,152711,+50.80004,+002.48531,164.0,0.0,0.0,0F


[9241032]	$DSM04,152711,+50.80005,+002.48454,276.0,0.0,0.0,0F


[9241282]	$DSM0B,152711,+50.79918,+002.48739,156.0,0.0,0.0,0F


[9241313]	$DSM0C,152711,+50.80015,+002.48531,176.0,0.0,178.6,0F


[9241375]	$DSM0E,152711,+50.80005,+002.48456,280.0,0.0,0.0,0F


[9241860]	$DSM00,152712,+50.76776,+002.45386,3178.0,76.0,104.1,0F


[9241922]	$DSM01,152712,+50.80004,+002.48531,164.0,0.0,0.0,0F


[9242032]	$DSM04,152712,+50.80005,+002.48454,276.0,0.0,0.0,0F


[9242282]	$DSM0B,152712,+50.79918,+002.48739,156.0,0.0,0.0,0F


[9242313]	$DSM0C,152712,+50.80016,+002.48531,176.0,0.0,0.0,0F


[9242391]	$DSM0E,152712,+50.80005,+002.48456,280.0,0.0,0.0,0F


[9242860]	$DSM00,152713,+50.76760,+002.45493,3178.0,76.0,101.2,0F


[9242922]	$DSM01,152713,+50.80004,+002.48531,164.0,0.0,0.0,0F


[9243032]	$DSM04,152713,+50.80006,+002.48456,274.0,2.0,23.9,0F


[9243282]	$DSM0B,152713,+50.79918,+002.48739,156.0,0.0,0.0,0F


[9243313]	$DSM0C,152713,+50.80016,+002.48531,176.0,0.0,0.0,0F


[9243375]	$DSM0E,152713,+50.80005,+002.48456,280.0,0.0,0.0,0F


[9243860]	$DSM00,152714,+50.76748,+002.45600,3178.0,76.0,99.8,0F


[9243922]	$DSM01,152714,+50.80004,+002.48531,164.0,0.0,0.0,0F


[9244032]	$DSM04,152714,+50.80008,+002.48456,274.0,2.0,22.5,0F


[9244266]	$DSM0B,152714,+50.79918,+002.48739,156.0,0.0,0.0,0F


[9244297]	$DSM0C,152714,+50.80016,+002.48531,176.0,0.0,0.0,0F


[9244391]	$DSM0E,152714,+50.80008,+002.48458,280.0,2.0,30.9,0F


[9244860]	$DSM00,152715,+50.76736,+002.45708,3178.0,76.0,98.4,0F


[9244922]	$DSM01,152715,+50.80004,+002.48531,164.0,0.0,0.0,0F


[9245032]	$DSM04,152715,+50.80011,+002.48458,276.0,3.0,23.9,0F


[9245282]	$DSM0B,152715,+50.79918,+002.48739,156.0,0.0,0.0,0F


[9245313]	$DSM0C,152715,+50.80016,+002.48531,176.0,0.0,0.0,0F


[9245375]	$DSM0E,152715,+50.80009,+002.48461,280.0,3.0,32.3,0F


[9245860]	$DSM00,152716,+50.76727,+002.45815,3180.0,76.0,98.4,0F


[9245938]	$DSM01,152716,+50.80004,+002.48531,164.0,0.0,0.0,0F


[9246032]	$DSM04,152716,+50.80012,+002.48461,274.0,4.0,29.5,0F


[9246266]	$DSM0B,152716,+50.79918,+002.48739,156.0,0.0,0.0,0F


[9246297]	$DSM0C,152716,+50.80016,+002.48531,176.0,0.0,0.0,0F


[9246860]	$DSM00,152717,+50.76718,+002.45922,3180.0,76.0,97.0,0F


[9246922]	$DSM01,152717,+50.80004,+002.48531,164.0,0.0,0.0,0F


[9247032]	$DSM04,152717,+50.80016,+002.48465,274.0,5.0,28.1,0F


[9247282]	$DSM0B,152717,+50.79918,+002.48739,156.0,0.0,0.0,0F


[9247313]	$DSM0C,152717,+50.80016,+002.48531,176.0,0.0,0.0,0F


[9247375]	$DSM0E,152717,+50.80016,+002.48467,280.0,5.0,29.5,0F


[9247860]	$DSM00,152718,+50.76710,+002.46032,3180.0,76.0,95.6,0F


[9247938]	$DSM01,152718,+50.80004,+002.48531,164.0,0.0,0.0,0F


[9248032]	$DSM04,152718,+50.80020,+002.48467,274.0,6.0,29.5,0F


[9248266]	$DSM0B,152718,+50.79918,+002.48739,156.0,0.0,0.0,0F


[9248313]	$DSM0C,152718,+50.80016,+002.48531,176.0,0.0,0.0,0F


[9248375]	$DSM0E,152718,+50.80020,+002.48471,278.0,6.0,29.5,0F


[9248875]	$DSM00,152719,+50.76705,+002.46139,3180.0,76.0,94.2,0F


[9248938]	$DSM01,152719,+50.80004,+002.48531,164.0,0.0,0.0,0F


[9249047]	$DSM04,152719,+50.80025,+002.48473,274.0,7.0,32.3,0F


[9249297]	$DSM0B,152719,+50.79918,+002.48739,156.0,0.0,0.0,0F


[9249329]	$DSM0C,152719,+50.80016,+002.48531,176.0,0.0,0.0,0F


[9249407]	$DSM0E,152719,+50.80024,+002.48476,278.0,7.0,30.9,0F


[9249875]	$DSM00,152720,+50.76702,+002.46248,3178.0,77.0,92.8,0F


[9249954]	$DSM01,152720,+50.80004,+002.48531,164.0,0.0,0.0,0F


[9250047]	$DSM04,152720,+50.80032,+002.48480,272.0,9.0,33.7,0F


[9250297]	$DSM0B,152720,+50.79918,+002.48739,156.0,0.0,0.0,0F


[9250329]	$DSM0C,152720,+50.80016,+002.48531,176.0,0.0,0.0,0F


[9250391]	$DSM0E,152720,+50.80031,+002.48482,276.0,9.0,30.9,0F


[9250875]	$DSM00,152721,+50.76700,+002.46358,3178.0,77.0,91.4,0F


[9250938]	$DSM01,152721,+50.80004,+002.48531,164.0,0.0,0.0,0F


[9251047]	$DSM04,152721,-84.19960,+002.48486,270.0,10.0,32.3,0B


[9251297]	$DSM0B,152721,+50.79918,+002.48739,156.0,0.0,0.0,0F


[9251329]	$DSM0C,152721,+50.80016,+002.48531,176.0,0.0,0.0,0F


[9251407]	$DSM0E,152721,+50.80039,+002.48488,274.0,11.0,30.9,0F


[9251875]	$DSM00,152722,+50.76700,+002.46467,3178.0,77.0,90.0,0F


[9251938]	$DSM01,152722,+50.80004,+002.48531,164.0,0.0,0.0,0F


[9252047]	$DSM04,152722,+50.80048,+002.48495,268.0,12.0,32.3,0F


[9252297]	$DSM0B,152722,+50.79918,+002.48739,156.0,0.0,0.0,0F


[9252329]	$DSM0C,152722,+50.80016,+002.48531,176.0,0.0,0.0,0F


[9252391]	$DSM0E,152722,+50.80047,+002.48497,272.0,12.0,28.1,3B


[9252875]	$DSM00,152723,+50.76700,+002.46577,3176.0,77.0,88.6,0F


[9252938]	$DSM01,152723,+50.80004,+002.48531,164.0,0.0,0.0,0F


[9253047]	$DSM04,152723,+50.80058,+002.48506,266.0,13.0,33.7,0F


[9253282]	$DSM0B,152723,+50.79918,+002.48739,156.0,0.0,0.0,0F


[9253313]	$DSM0C,152723,+50.80016,+002.48531,176.0,0.0,0.0,0F


[9253407]	$DSM0E,152723,+50.80056,+002.48508,270.0,13.0,32.3,0F


[9253875]	$DSM00,152724,+50.76703,+002.46686,3176.0,77.0,87.2,0F


[9253938]	$DSM01,152724,+50.80004,+002.48531,164.0,0.0,0.0,0F


[9254047]	$DSM04,152724,+50.80068,+002.48516,264.0,15.0,33.7,0F


[9254297]	$DSM0B,152724,+50.79918,+002.48739,156.0,0.0,0.0,0F


[9254329]	$DSM0C,152724,+50.80016,+002.48531,176.0,0.0,0.0,0F


[9254391]	$DSM0E,152724,+50.80068,+002.48518,268.0,15.0,35.2,0F


[9254875]	$DSM00,152725,+50.76707,+002.46798,3174.0,77.0,85.8,0F


[9254938]	$DSM01,152725,+50.80004,+002.48531,164.0,0.0,0.0,0F


[9255047]	$DSM04,152725,+50.80080,+002.48529,262.0,16.0,36.6,0F


[9255282]	$DSM0B,152725,+50.79918,+002.48739,156.0,0.0,0.0,0F


[9255313]	$DSM0C,152725,+50.80016,+002.48531,176.0,0.0,0.0,0F


[9255391]	$DSM0E,152725,+50.80079,+002.48531,266.0,16.0,38.0,0F


[9255875]	$DSM00,152726,+50.76712,+002.46907,3172.0,78.0,85.8,0F


[9255938]	$DSM01,152726,+50.80004,+002.48531,164.0,0.0,0.0,0F


[9256032]	$DSM04,152726,+50.80091,+002.48544,260.0,17.0,40.8,0F


[9256297]	$DSM0B,152726,+50.79918,+002.48739,156.0,0.0,0.0,0F


[9256329]	$DSM0C,152726,+50.80016,+002.48531,176.0,0.0,0.0,0F


[9256391]	$DSM0E,152726,+50.80091,+002.48546,262.0,17.0,40.8,0F


[9256875]	$DSM00,152727,+50.76719,+002.47016,3170.0,78.0,84.4,0F


[9256954]	$DSM01,152727,+50.80004,+002.48531,164.0,0.0,0.0,0F


[9257047]	$DSM04,152727,+50.80104,+002.48561,258.0,18.0,42.2,0F


[9257282]	$DSM0B,152727,+50.79918,+002.48739,156.0,0.0,0.0,0F


[9257313]	$DSM0C,152727,+50.80016,+002.48531,176.0,0.0,0.0,0F


[9257875]	$DSM00,152728,+50.76728,+002.47126,3170.0,78.0,83.0,0F


[9257938]	$DSM01,152728,+50.80004,+002.48531,164.0,0.0,0.0,0F


[9258047]	$DSM04,152728,+50.80118,+002.48581,254.0,20.0,42.2,0F


[9258297]	$DSM0B,152728,+50.79918,+002.48739,156.0,0.0,0.0,0F


[9258329]	$DSM0C,152728,+50.80016,+002.48531,176.0,0.0,0.0,0F


[9258860]	$DSM00,152729,+50.76737,+002.47237,3168.0,78.0,81.6,0F


[9258954]	$DSM01,152729,+50.80004,+002.48531,164.0,0.0,0.0,0F


[9259047]	$DSM04,152729,+50.80131,+002.48600,252.0,21.0,43.6,0F


[9259282]	$DSM0B,152729,+50.79918,+002.48739,156.0,0.0,0.0,0F


[9259329]	$DSM0C,152729,+50.80016,+002.48531,176.0,0.0,0.0,0F


[9259391]	$DSM0E,152657,+**.30129,+002.48602,256.0,21.0,42.2,0B


[9259875]	$DSM00,152730,+50.76748,+002.47347,3166.0,78.0,80.2,0F


[9259938]	$DSM01,152730,+50.80003,+002.48531,164.0,0.0,0.0,0F


[9260047]	$DSM04,152730,+50.80146,+002.48621,250.0,22.0,43.6,0F


[9260297]	$DSM0B,152730,+50.79918,+002.48739,156.0,0.0,0.0,0F


[9260329]	$DSM0C,152730,+50.80016,+002.48531,176.0,0.0,0.0,0F


[9260407]	$DSM0E,152730,+50.80144,+002.48621,256.0,22.0,42.2,0F


[9260875]	$DSM00,152731,+50.76760,+002.47456,3166.0,78.0,80.2,0F


[9260938]	$DSM01,152731,+50.80003,+002.48531,164.0,0.0,0.0,0F


[9261047]	$DSM04,152731,+50.80160,+002.48643,248.0,23.0,42.2,0F


[9261282]	$DSM0B,152731,+50.79918,+002.48739,156.0,0.0,0.0,0F


[9261329]	$DSM0C,152731,+50.80016,+002.48531,176.0,0.0,0.0,0F


[9261391]	$DSM0E,152731,+50.80160,+002.48643,254.0,23.0,40.8,0F


[9261875]	$DSM00,152732,+50.76774,+002.47566,3164.0,78.0,78.7,0F


[9261938]	$DSM01,152732,+50.80003,+002.48531,164.0,0.0,0.0,0F


[9262047]	$DSM04,152732,+50.80177,+002.48667,248.0,24.0,42.2,0F


[9262282]	$DSM0B,152732,+50.79918,+002.48739,156.0,0.0,0.0,0F


[9262313]	$DSM0C,152732,+50.80016,+002.48531,176.0,0.0,0.0,0F


[9262407]	$DSM0E,152732,+50.80176,+002.48667,254.0,24.0,40.8,0F


[9262875]	$DSM00,152733,+50.76790,+002.47675,3164.0,78.0,77.3,0F


[9262938]	$DSM01,152733,+50.80003,+002.48531,164.0,0.0,0.0,0F


[9263032]	$DSM04,152733,+50.80194,+002.48690,246.0,26.0,42.2,0F


[9263297]	$DSM0B,152733,+50.79918,+002.48739,156.0,0.0,0.0,0F


[9263329]	$DSM0C,152733,+50.80016,+002.48531,176.0,0.0,0.0,0F


[9263391]	$DSM0E,152733,+50.80193,+002.48690,252.0,26.0,42.2,0F


[9263875]	$DSM00,152734,+50.76806,+002.47782,3164.0,78.0,75.9,0F


[9263938]	$DSM01,152734,+50.80003,+002.48531,164.0,0.0,0.0,0F


[9264047]	$DSM04,152734,+50.80211,+002.48716,244.0,27.0,45.0,0F


[9264282]	$DSM0B,152734,+50.79918,+002.48739,156.0,0.0,0.0,0F


[9264313]	$DSM0C,152734,+50.80016,+002.48531,176.0,0.0,0.0,0F


[9264391]	$DSM0E,152734,+50.80210,+002.48716,252.0,27.0,45.0,0F


[9264875]	$DSM00,152735,+50.76824,+002.47892,3164.0,78.0,74.5,0F


[9264938]	$DSM01,152735,+50.80003,+002.48531,164.0,0.0,0.0,0F


[9265032]	$DSM04,152735,+50.80229,+002.48746,242.0,29.0,47.8,0F


[9265297]	$DSM0B,152735,+50.79918,+002.48739,156.0,0.0,0.0,0F


[9265329]	$DSM0C,152735,+50.80016,+002.48531,176.0,0.0,0.0,0F


[9265391]	$DSM0E,152735,+50.80228,+002.48744,250.0,29.0,46.4,0F


[9265875]	$DSM00,152736,+50.76842,+002.47999,3164.0,78.0,74.5,0F


[9265938]	$DSM01,152736,+50.80003,+002.48531,164.0,0.0,0.0,0F


[9266047]	$DSM04,152736,+50.80248,+002.48778,238.0,31.0,49.2,0F


[9266282]	$DSM0B,152736,+50.79918,+002.48739,156.0,0.0,0.0,0F


[9266313]	$DSM0C,152736,+50.80016,+002.48531,176.0,0.0,0.0,0F


[9266391]	$DSM0E,152736,-00.00021,+362.48777,246.0,31.0,49.2,0B


[9266875]	$DSM00,152737,+50.76863,+002.48106,3164.0,78.0,73.1,0F


[9266938]	$DSM01,152737,+50.80003,+002.48531,164.0,0.0,0.0,0F


[9267032]	$DSM04,152737,+50.80267,+002.48812,236.0,33.0,50.6,0F


[9267297]	$DSM0B,152737,+50.79918,+002.48739,156.0,0.0,0.0,0F


[9267329]	$DSM0C,152737,+50.80016,+002.48531,176.0,0.0,0.0,0F


[9267391]	$DSM0E,152737,+50.80265,+002.48810,244.0,33.0,50.6,0F


[9267860]	$DSM00,152738,+50.76885,+002.48212,3164.0,78.0,71.7,0F


[9267954]	$DSM01,152738,+50.80003,+002.48531,164.0,0.0,0.0,0F


[9268047]	$DSM04,152738,+50.80288,+002.48851,234.0,35.0,50.6,0F


[9268282]	$DSM0B,152738,+50.79918,+002.48739,156.0,0.0,0.0,0F


[9268313]	$DSM0C,152738,+50.80016,+002.48531,176.0,0.0,0.0,0F


[9268391]	$DSM0E,152738,+50.80285,+722.48851,240.0,35.0,50.6,0B


[9268875]	$DSM00,152739,+50.76908,+002.48317,3164.0,78.0,70.3,0F


[9268938]	$DSM01,152739,+50.80003,+002.48531,164.0,0.0,0.0,0F


[9269032]	$DSM04,152739,+50.80308,+002.48892,232.0,37.0,52.0,0F


[9269297]	$DSM0B,152739,+50.79918,+002.48739,156.0,0.0,0.0,0F


[9269329]	$DSM0C,152739,+50.80016,+002.48531,176.0,0.0,0.0,0F


[9269391]	$DSM0E,152739,+50.80305,+002.48890,238.0,37.0,52.0,0F


[9269860]	$DSM00,152740,+50.76932,+002.48422,3164.0,78.0,68.9,0F


[9269938]	$DSM01,152740,+50.80003,+002.48531,164.0,0.0,0.0,0F


[9270047]	$DSM04,152740,+50.80328,+002.48937,230.0,38.0,54.8,0F


[9270282]	$DSM0B,152740,+50.79918,+002.48739,156.0,0.0,0.0,0F


[9270329]	$DSM0C,152740,+50.80016,+002.48531,176.0,0.0,0.0,0F


[9270391]	$DSM0E,152740,+50.80326,+005.30183,236.0,39.0,54.8,0B


[9270875]	$DSM00,152741,+50.76958,+002.48527,3164.0,78.0,68.9,0F


[9270938]	$DSM01,152741,+50.80003,+002.48531,164.0,0.0,0.0,0F


[9271047]	$DSM04,152741,+50.80348,+002.48984,228.0,40.0,57.7,0F


[9271282]	$DSM0B,152741,+50.79918,+002.48739,156.0,0.0,0.0,0F


[9271313]	$DSM0C,152741,+50.80016,+002.48531,176.0,0.0,0.0,0F


[9271375]	$DSM0E,152741,+50.80346,+002.48980,236.0,40.0,57.7,0F


[9271860]	$DSM00,152742,+50.76985,+002.48630,3164.0,78.0,67.5,0F


[9271938]	$DSM01,152742,+50.80003,+002.48531,164.0,0.0,0.0,0F


[9272032]	$DSM04,152742,+50.80367,+002.49033,226.0,42.0,60.5,0F


[9272282]	$DSM0B,152742,+50.79918,+002.48739,156.0,0.0,0.0,0F


[9272329]	$DSM0C,152742,+50.80016,+002.48531,176.0,0.0,0.0,0F


[9272875]	$DSM00,152743,+50.77013,+002.48731,3164.0,78.0,66.1,0F


[9272938]	$DSM01,152743,+50.80003,+002.48531,164.0,0.0,0.0,0F


[9273047]	$DSM04,152743,+50.80385,+002.49089,224.0,43.0,63.3,0F


[9273282]	$DSM0B,152743,+50.79918,+002.48739,156.0,0.0,0.0,0F


[9273313]	$DSM0C,152743,+50.80016,+002.48531,176.0,0.0,0.0,0F


[9273391]	$DSM0E,152743,+50.80383,+002.49085,232.0,43.0,63.3,0F


[9273875]	$DSM00,152744,+50.77042,+002.48832,3166.0,78.0,64.7,0F


[9273938]	$DSM01,152744,+50.80003,+002.48531,164.0,0.0,0.0,0F


[9274032]	$DSM04,152744,+50.80401,+002.49145,222.0,45.0,66.1,0F


[9274297]	$DSM0B,152744,+50.79918,+002.48739,156.0,0.0,0.0,0F


[9274329]	$DSM0C,152744,+50.80016,+002.48531,176.0,0.0,0.0,0F


[9274391]	$DSM0E,152744,+50.80400,+002.49143,232.0,45.0,67.5,0F


[9274875]	$DSM00,152745,+50.77072,+002.48930,3166.0,78.0,63.3,0F


[9274938]	$DSM01,152745,+50.80003,+002.48531,164.0,0.0,0.0,0F


[9275047]	$DSM04,152745,+50.80416,+002.49207,222.0,46.0,70.3,0F


[9275282]	$DSM0B,152745,+50.79918,+002.48739,156.0,0.0,0.0,0F


[9275313]	$DSM0C,152745,+50.80016,+002.48531,176.0,0.0,0.0,0F


[9275391]	$DSM0E,152744,+50.80140,+002.49203,230.0,46.0,70.3,0B


[9275875]	$DSM00,152746,+50.77104,+002.49029,3166.0,78.0,63.3,0F


[9275938]	$DSM01,152746,+50.80003,+002.48531,164.0,0.0,0.0,0F


[9276032]	$DSM04,152746,+50.80429,+002.49269,222.0,46.0,74.5,0F


[9276297]	$DSM0B,152746,+50.79918,+002.48739,156.0,0.0,0.0,0F


[9276329]	$DSM0C,152746,+50.80016,+002.48531,176.0,0.0,0.0,0F


[9276391]	$DSM0E,152746,+50.80427,+002.49265,230.0,47.0,74.5,0F


[9276860]	$DSM00,152747,+50.77136,+002.49128,3168.0,77.0,61.9,0F


[9276922]	$DSM01,152747,+50.80003,+002.48531,164.0,0.0,0.0,0F


[9277047]	$DSM04,152747,+50.80437,+002.49334,222.0,47.0,80.2,0F


[9277282]	$DSM0B,152747,+50.79918,+002.48739,156.0,0.0,0.0,0F


[9277313]	$DSM0C,152747,+50.80016,+002.48531,176.0,0.0,0.0,0F


[9277391]	$DSM0E,152747,+50.80436,+745.08115,230.0,47.0,80.2,0B


[9277875]	$DSM00,152748,+50.77171,+002.49224,3168.0,77.0,60.5,0F


[9277938]	$DSM01,152748,+50.80003,+002.48531,164.0,0.0,0.0,0F


[9278032]	$DSM04,152748,+50.80443,+002.49403,222.0,47.0,84.4,0B


[9278282]	$DSM0B,152748,+50.79918,+002.48739,156.0,0.0,0.0,0F


[9278313]	$DSM0C,152748,+50.80016,+002.48531,176.0,0.0,0.0,0F


[9278391]	$DSM0E,152748,+50.80442,+002.49398,230.0,47.0,84.4,0F


[9278860]	$DSM00,152749,+50.77205,+002.49319,3170.0,77.0,59.1,0F


[9278922]	$DSM01,152749,+50.80003,+002.48531,164.0,0.0,0.0,0F


[9279032]	$DSM04,152749,+50.80445,+002.49469,220.0,47.0,87.2,0F


[9279282]	$DSM0B,152749,+50.79918,+002.48739,156.0,0.0,0.0,0F


[9279313]	$DSM0C,152749,+50.80016,+002.48531,176.0,0.0,0.0,0F


[9279875]	$DSM00,152750,+50.77241,+002.49413,3170.0,77.0,59.1,0F


[9279938]	$DSM01,152750,+50.80003,+002.48531,164.0,0.0,0.0,0F


[9280032]	$DSM04,152750,+50.80445,+002.49536,216.0,47.0,92.8,0F


[9280282]	$DSM0B,152750,+50.79918,+002.48739,156.0,0.0,0.0,0F


[9280313]	$DSM0C,152750,+50.80016,+002.48531,176.0,0.0,0.0,0F


[9280375]	$DSM0E,152750,+50.80444,+002.49533,226.0,47.0,91.4,0F


[9280860]	$DSM00,152751,+50.77278,+002.49506,3170.0,77.0,57.7,0F


[9280938]	$DSM01,152751,+50.80003,+002.48531,164.0,0.0,0.0,0F


[9281032]	$DSM04,152751,+50.80440,+002.49604,208.0,48.0,98.4,0F


[9281282]	$DSM0B,152751,+50.79918,+002.48739,156.0,0.0,0.0,0F


[9281329]	$DSM0C,152751,+50.80015,+002.48540,186.0,3.0,99.8,0F


[9281391]	$DSM0E,152751,+50.80440,+002.49602,218.0,47.0,98.4,0F


[9281875]	$DSM00,152752,+50.77316,+002.49598,3172.0,77.0,56.2,0F


[9281938]	$DSM01,152752,+50.80003,+002.48531,164.0,0.0,0.0,0F


[9282047]	$DSM04,152752,+50.80431,+002.49671,202.0,47.0,104.1,0F


[9282282]	$DSM0B,152752,+50.79918,+002.48739,156.0,0.0,0.0,0F


[9282313]	$DSM0C,152752,+50.80015,+002.48544,186.0,4.0,98.4,0F


[9282391]	$DSM0E,152752,+50.80431,-001.87589,212.0,47.0,104.1,0B


[9282860]	$DSM00,152753,+50.77355,+002.49688,3172.0,77.0,54.8,0F


[9282938]	$DSM01,152753,+50.80003,+002.48531,164.0,0.0,0.0,0F


[9283032]	$DSM04,152753,+50.80418,+002.49735,194.0,48.0,109.7,0F


[9283282]	$DSM0B,152753,+50.79918,+002.48739,156.0,0.0,0.0,0F


[9283329]	$DSM0C,152753,+50.80015,+002.48551,184.0,5.0,102.7,0F


[9283860]	$DSM00,152754,+50.77395,+002.49778,3172.0,77.0,54.8,0F


[9283938]	$DSM01,152754,+50.80003,+002.48531,164.0,0.0,0.0,0F


[9284047]	$DSM04,152754,+50.80401,+002.49799,186.0,48.0,113.9,0F


[9284282]	$DSM0B,152754,+50.79918,+002.48739,156.0,0.0,0.0,0F


[9284313]	$DSM0C,152754,+50.80012,+002.48559,184.0,5.0,109.7,0F


[9284391]	$DSM0E,152754,+50.80402,+002.49795,196.0,48.0,113.9,0F


[9284875]	$DSM00,152755,+50.77436,+002.49864,3172.0,76.0,53.4,0F


[9284938]	$DSM01,152755,+50.80003,+002.48531,164.0,0.0,0.0,0F


[9285032]	$DSM04,152755,+50.80382,+005.31112,178.0,48.0,118.1,0B


[9285297]	$DSM0B,152755,+50.79918,+002.48739,156.0,0.0,0.0,0F


[9285329]	$DSM0C,152755,+50.80012,+002.48566,184.0,6.0,111.1,0F


[9285391]	$DSM0E,152755,+50.80383,+002.49857,188.0,48.0,118.1,0F


[9285860]	$DSM00,152756,+50.77477,+002.49952,3174.0,76.0,52.0,0F


[9285922]	$DSM01,152756,+50.80003,+002.48531,164.0,0.0,0.0,0F


[9286047]	$DSM04,152756,+50.80360,+002.49920,172.0,47.0,122.3,0F


[9286282]	$DSM0B,152756,+50.79918,+002.48739,156.0,0.0,0.0,0F


[9286313]	$DSM0C,152756,+50.80009,+002.48574,182.0,6.0,112.5,0F


[9286391]	$DSM0E,152756,+50.80360,+002.49915,180.0,48.0,122.3,0F


[9286875]	$DSM00,152757,+50.77520,+002.50038,3174.0,76.0,52.0,0F


[9286938]	$DSM01,152757,+50.75608,+002.48531,164.0,0.0,0.0,0B


[9287032]	$DSM04,152757,+50.80335,+002.49975,166.0,47.0,128.0,0F


[9287282]	$DSM0B,152757,+50.79918,+002.48739,156.0,0.0,0.0,0F


[9287313]	$DSM0C,152757,+50.80008,+002.48581,182.0,6.0,111.1,0F


[9287391]	$DSM0E,152757,+50.80336,+002.49971,176.0,47.0,128.0,0F


[9287860]	$DSM00,152758,+50.77564,+002.50121,3174.0,76.0,50.6,0F


[9287922]	$DSM01,152758,+50.80003,+002.48531,164.0,0.0,0.0,0F


[9288047]	$DSM04,152758,+50.80307,+002.50025,162.0,47.0,133.6,0F


[9288282]	$DSM0B,152758,+50.79918,+002.48739,156.0,0.0,0.0,0F


[9288313]	$DSM0C,152758,+50.80006,+002.48589,180.0,6.0,113.9,0F


[9288391]	$DSM0E,152758,+50.80307,+002.50021,174.0,47.0,133.6,0F


[9288875]	$DSM00,152759,+50.77608,+002.50205,3174.0,76.0,49.2,0F


[9288938]	$DSM01,152759,+50.80003,+002.48531,164.0,0.0,0.0,0F


[9289032]	$DSM04,152759,+50.80275,+002.50070,160.0,46.0,139.2,0F


[9289282]	$DSM0B,152759,+50.79918,+002.48739,156.0,0.0,0.0,0F


[9289313]	$DSM0C,152759,+50.80005,+002.48596,180.0,5.0,118.1,0F


[9289375]	$DSM0E,152759,+50.80275,+002.50068,172.0,47.0,139.2,0F


[9289860]	$DSM00,152800,+50.77653,+002.50287,3174.0,76.0,47.8,0F


[9289922]	$DSM01,152800,+50.80003,+002.48531,164.0,0.0,0.0,0F


[9290032]	$DSM04,152800,+50.80241,+002.50111,158.0,46.0,144.8,0F


[9290282]	$DSM0B,152800,+50.79918,+002.48739,156.0,0.0,0.0,0F


[9290313]	$DSM0C,152800,+50.80004,+002.48600,180.0,5.0,122.3,0F


[9290391]	$DSM0E,152800,+50.80240,+002.50108,172.0,47.0,144.8,0F


[9290875]	$DSM00,152801,+50.77700,+002.50366,3174.0,77.0,47.8,0F


[9290938]	$DSM01,152801,+50.80003,+002.48531,164.0,0.0,0.0,0F


[9291032]	$DSM04,152801,+50.80204,+002.50147,160.0,47.0,150.5,0F


[9291282]	$DSM0B,152801,+50.79918,+002.48739,156.0,0.0,0.0,0F


[9291313]	$DSM0C,152801,+50.80003,+002.48606,180.0,3.0,115.3,0F


[9291375]	$DSM0E,152801,+50.80204,+002.50143,170.0,47.0,150.5,0F


[9291860]	$DSM00,152802,+50.77748,+002.50448,3172.0,77.0,46.4,0F


[9291938]	$DSM01,152802,+50.80003,+002.48531,164.0,0.0,0.0,0F


[9292032]	$DSM04,152802,+50.80164,+002.50177,160.0,47.0,156.1,0F


[9292282]	$DSM0B,152802,+50.79943,+002.48718,156.0,2.0,42.2,0F


[9292329]	$DSM0C,152802,+50.80003,+002.48609,180.0,2.0,105.5,0F


[9292391]	$DSM0E,152802,+50.80165,+002.50173,170.0,47.0,156.1,0F


[9292860]	$DSM00,152803,+50.77796,+002.50525,3172.0,77.0,45.0,0F


[9292938]	$DSM01,152803,+50.80003,+002.48531,164.0,0.0,0.0,0F


[9293047]	$DSM04,152803,+50.80123,+002.50199,160.0,48.0,161.7,0F


[9293282]	$DSM0B,152803,+50.79945,+002.48720,154.0,2.0,50.6,0F


[9293313]	$DSM0C,152803,+50.80003,+002.48611,180.0,1.0,92.8,0F


[9293375]	$DSM0E,152803,+50.80124,+002.50196,172.0,48.0,161.7,0F


[9293860]	$DSM00,152804,+50.77844,+002.50602,3172.0,77.0,45.0,0F


[9293938]	$DSM01,152804,+50.80003,+002.48531,164.0,0.0,0.0,0F


[9294032]	$DSM04,152804,+50.80080,+002.50216,162.0,48.0,167.3,0F


[9294282]	$DSM0B,152804,+50.79946,+002.48722,152.0,1.0,28.1,0F


[9294329]	$DSM0C,152804,+50.80003,+002.48611,180.0,1.0,137.8,0F


[9294391]	$DSM0E,152804,+50.80081,+002.50214,172.0,48.0,167.3,0F


[9294860]	$DSM00,152805,+50.77895,+002.50677,3172.0,77.0,43.6,0F


[9294922]	$DSM01,152805,+50.80003,+002.48531,164.0,0.0,0.0,0F


[9295047]	$DSM04,152805,+50.80036,+002.50226,166.0,48.0,171.6,0F


[9295282]	$DSM0B,152805,+50.79948,+002.48722,152.0,1.0,22.5,0F


[9295313]	$DSM0C,152805,+50.80003,+002.48611,178.0,0.0,0.0,0F


[9295391]	$DSM0E,152805,+50.80039,+002.50226,176.0,49.0,171.6,0F


[9295875]	$DSM00,152806,+50.77945,+002.50752,3170.0,77.0,42.2,0F


[9295938]	$DSM01,152806,+50.80003,+002.48531,164.0,0.0,0.0,0F


[9296032]	$DSM04,152806,+50.79992,+002.50233,170.0,48.0,175.8,0F


[9296266]	$DSM0B,152806,+50.79948,+002.48722,152.0,0.0,0.0,0F


[9296329]	$DSM0C,152806,+50.80003,+002.48611,178.0,0.0,0.0,0F


[9296391]	$DSM0E,152806,+50.79993,+002.50233,180.0,49.0,174.4,0F


[9296860]	$DSM00,152807,+50.77996,+002.50825,3170.0,77.0,42.2,0F


[9296922]	$DSM01,152807,+50.80003,+002.48531,164.0,0.0,0.0,0F


[9297047]	$DSM04,152807,+50.79948,+002.50237,172.0,48.0,178.6,0F


[9297282]	$DSM0B,152807,+50.79948,+002.48722,152.0,0.0,0.0,0F


[9297313]	$DSM0C,152807,+50.80003,+002.48611,178.0,0.0,0.0,0F


[9297391]	$DSM0E,152807,+50.79949,+002.50237,184.0,48.0,178.6,0F


[9297875]	$DSM00,152808,+50.78049,+002.50898,3170.0,77.0,40.8,0F


[9297938]	$DSM01,152808,+50.80003,+002.48531,164.0,0.0,0.0,0F


[9298032]	$DSM04,152808,+50.79904,+002.50235,178.0,48.0,182.8,0F


[9298282]	$DSM0B,152808,+50.79948,+002.48722,152.0,0.0,0.0,0F


[9298313]	$DSM0C,152808,+50.80003,+002.48611,178.0,0.0,0.0,0F


[9298375]	$DSM0E,152808,+50.79905,+002.50235,190.0,48.0,182.8,0F


[9298860]	$DSM00,152809,+50.78102,+002.50969,3168.0,77.0,39.4,0F


[9298922]	$DSM01,152809,+50.80003,+002.48531,164.0,0.0,0.0,0F


[9299032]	$DSM04,152809,+50.79860,+002.50229,182.0,48.0,185.6,0F


[9299282]	$DSM0B,152809,+50.79948,+002.48722,152.0,0.0,0.0,0F


[9299313]	$DSM0C,152809,+50.80003,+002.48611,178.0,0.0,0.0,0F


[9299391]	$DSM0E,152809,+50.79861,+002.50229,194.0,48.0,185.6,0F


[9299860]	$DSM00,152810,+50.78156,+002.51038,3168.0,77.0,39.4,0F


[9299938]	$DSM01,152810,+50.80003,+002.48531,164.0,0.0,0.0,0F


[9300032]	$DSM04,152810,+50.79816,+002.50218,188.0,48.0,189.8,0F


[9300282]	$DSM0B,152810,+50.79948,+002.48722,152.0,0.0,0.0,0F


[9300313]	$DSM0C,152810,+50.80003,+002.48611,178.0,0.0,0.0,0F


[9300375]	$DSM0E,152810,+50.79819,+002.50220,198.0,48.0,189.8,0F


[9300860]	$DSM00,152811,+50.78212,+002.51106,3168.0,77.0,38.0,0F


[9300922]	$DSM01,152811,+50.80003,+002.48531,164.0,0.0,0.0,0F


[9301032]	$DSM04,152811,+50.79772,+002.50203,194.0,48.0,192.7,0F


[9301282]	$DSM0B,152811,+50.79948,+002.48722,152.0,0.0,0.0,0F


[9301313]	$DSM0C,152811,+50.80003,+002.48611,178.0,0.0,0.0,0F


[9301391]	$DSM0E,152811,+50.79775,+002.50205,202.0,48.0,192.7,0F


[9301860]	$DSM00,152812,+50.78267,+002.51171,3168.0,77.0,36.6,0F


[9301922]	$DSM01,152812,+50.80003,+002.48531,164.0,0.0,0.0,0F


[9302032]	$DSM04,152812,+50.79728,+002.50186,198.0,48.0,195.5,0F


[9302282]	$DSM0B,152812,+50.79948,+002.48722,152.0,0.0,0.0,0F


[9302313]	$DSM0C,152812,+50.80003,+002.48611,178.0,0.0,0.0,0F


[9302375]	$DSM0E,152812,+50.79732,+002.50188,206.0,48.0,195.5,0F


[9302860]	$DSM00,152813,+50.78324,+002.51237,3166.0,78.0,35.2,0F


[9302938]	$DSM01,152813,+50.80003,+002.48531,164.0,0.0,0.0,0F


[9303032]	$DSM04,152813,+50.79687,+002.50162,202.0,48.0,199.7,0F


[9303266]	$DSM0B,152813,+50.79948,+002.48722,152.0,0.0,0.0,0F


[9303297]	$DSM0C,152813,+50.80005,+002.48613,176.0,2.0,78.7,0F


[9303391]	$DSM0E,152813,+50.79691,+002.50166,210.0,48.0,199.7,0F


[9303860]	$DSM00,152814,+50.78381,+002.51302,3166.0,78.0,35.2,0F


[9303922]	$DSM01,152814,+50.80003,+002.48531,164.0,0.0,0.0,0F


[9304047]	$DSM04,152814,+50.79646,+002.50136,208.0,48.0,202.5,0F


[9304282]	$DSM0B,152814,+50.79948,+002.48722,152.0,0.0,0.0,0F


[9304313]	$DSM0C,152814,+50.80005,+002.48615,176.0,2.0,97.0,0F


[9304375]	$DSM0E,152814,+50.79650,+002.50141,214.0,48.0,202.5,0F


[9304860]	$DSM00,152815,+50.78439,+002.51364,3166.0,78.0,33.7,0F


[9304938]	$DSM01,152815,+50.80003,+002.48531,164.0,0.0,0.0,0F


[9305032]	$DSM04,152815,+50.79606,+002.50108,212.0,48.0,205.3,0F


[9305266]	$DSM0B,152815,+50.79948,+002.48722,152.0,0.0,0.0,0F


[9305313]	$DSM0C,152815,+50.80005,+002.48617,174.0,2.0,80.2,0F


[9305375]	$DSM0E,152815,+50.79610,+002.50113,218.0,48.0,205.3,0F


[9305860]	$DSM00,152816,+50.78498,+002.51424,3166.0,78.0,33.7,0F


[9305922]	$DSM01,152816,+50.80003,+002.48531,164.0,0.0,0.0,0F


[9306032]	$DSM04,152816,+50.79568,+002.50076,216.0,47.0,208.1,0F


[9306282]	$DSM0B,152816,+50.79948,+002.48722,152.0,0.0,0.0,0F


[9306313]	$DSM0C,152816,+50.80005,+002.48619,174.0,2.0,98.4,0F


[9306391]	$DSM0E,152816,+50.79572,+002.50083,222.0,47.0,208.1,0F


[9306860]	$DSM00,152817,+50.78556,+002.51484,3166.0,78.0,32.3,0F


[9306938]	$DSM01,152817,+50.80003,+002.48531,164.0,0.0,0.0,0F


[9307032]	$DSM04,152817,+50.79530,+002.50044,222.0,47.0,210.9,0F


[9307266]	$DSM0B,152817,+50.79948,+002.48722,152.0,0.0,0.0,0F


[9307313]	$DSM0C,152817,+50.80004,+002.48624,174.0,2.0,98.4,0F


[9307375]	$DSM0E,152817,+50.79536,+002.50048,226.0,47.0,210.9,0F


[9307860]	$DSM00,152818,+50.78616,+002.51542,3166.0,78.0,30.9,0F


[9308047]	$DSM04,152818,+50.79492,+002.50008,226.0,47.0,212.3,0F


[9308297]	$DSM0B,152818,+50.79948,+002.48722,152.0,0.0,0.0,0F


[9308329]	$DSM0C,152818,+50.80004,+002.48626,174.0,3.0,109.7,0F


[9308391]	$DSM0E,152818,+50.79499,+002.50012,230.0,47.0,212.3,0F


[9308860]	$DSM00,152819,+50.78676,+002.51598,3164.0,78.0,30.9,0F


[9308954]	$DSM01,152819,+50.80003,+002.48531,164.0,0.0,0.0,0F


[9309047]	$DSM04,152819,+50.79457,+002.49967,230.0,47.0,215.2,0F


[9309297]	$DSM0B,152819,+50.79948,+002.48722,152.0,0.0,0.0,0F


[9309329]	$DSM0C,152819,+50.80002,+002.48630,174.0,4.0,112.5,0F


[9309391]	$DSM0E,152819,+50.79464,+002.49973,234.0,47.0,215.2,0F


[9309875]	$DSM00,152820,+50.78737,+002.51651,3164.0,78.0,29.5,0F


[9309938]	$DSM01,152820,+50.80003,+002.48531,164.0,0.0,0.0,0F


[9310047]	$DSM04,152820,+50.79423,+002.49926,234.0,47.0,218.0,0F


[9310297]	$DSM0B,152820,+50.79948,+002.48722,152.0,0.0,0.0,0F


[9310329]	$DSM0C,152820,+50.80001,+002.48636,174.0,4.0,109.7,0F


[9310407]	$DSM0E,152820,+50.79429,+002.49935,236.0,47.0,218.0,0F


[9310875]	$DSM00,152821,+50.78798,+002.51707,3164.0,78.0,28.1,0F


[9310938]	$DSM01,152821,+50.80003,+002.48531,164.0,0.0,0.0,0F


[9311079]	$DSM04,152821,+50.79388,+002.49883,236.0,48.0,219.4,0F


[9311297]	$DSM0B,152821,+50.79948,+002.48722,152.0,0.0,0.0,0F


[9311329]	$DSM0C,152821,+50.79999,+002.48643,174.0,5.0,116.7,0F


[9311391]	$DSM0E,152821,+50.79396,+002.49890,240.0,47.0,219.4,0F


[9311875]	$DSM00,152822,+50.78860,+002.51759,3164.0,78.0,28.1,0F


[9311938]	$DSM01,152822,+50.80003,+002.48531,164.0,0.0,0.0,0F


[9312032]	$DSM04,152822,+50.79356,+002.49838,238.0,48.0,222.2,0F


[9312266]	$DSM0B,152822,+50.79948,+002.48722,152.0,0.0,0.0,0F


[9312297]	$DSM0C,152822,+50.79996,+002.48649,174.0,5.0,125.2,0F


[9312860]	$DSM00,152823,+50.78921,+002.51808,3164.0,78.0,26.7,0F


[9312922]	$DSM01,152823,+50.80003,+002.48531,164.0,0.0,0.0,0F


[9313032]	$DSM04,152823,+50.79325,+002.49789,240.0,48.0,225.0,0F


[9313297]	$DSM0B,152823,+50.79948,+002.48722,152.0,0.0,0.0,0F


[9313329]	$DSM0C,152823,+50.79992,+002.48654,174.0,5.0,135.0,0F


[9313391]	$DSM0E,152823,+50.79332,+002.49797,242.0,48.0,225.0,0F


[9313875]	$DSM00,152824,+50.78985,+002.51857,3164.0,78.0,26.7,0F


[9313938]	$DSM01,152824,+50.80003,+002.48531,164.0,0.0,0.0,0F


[9314047]	$DSM04,152824,+50.79295,+002.49739,242.0,48.0,226.4,0F


[9314282]	$DSM0B,152824,+50.79948,+002.48722,152.0,0.0,0.0,0F


[9314313]	$DSM0C,152824,+50.79989,+002.48658,174.0,4.0,140.6,0F


[9314391]	$DSM0E,152824,+50.79303,+002.49748,244.0,48.0,227.8,0F


[9314875]	$DSM00,152825,+50.79048,+002.51907,3166.0,78.0,25.3,0F


[9314938]	$DSM01,152825,+50.80003,+002.48531,164.0,0.0,0.0,0F


[9315032]	$DSM04,152825,+50.79266,+002.49686,242.0,49.0,229.2,0F


[9315297]	$DSM0B,152825,+50.79956,+002.48727,154.0,2.0,355.8,0F


[9315329]	$DSM0C,152825,+50.79986,+002.48662,174.0,4.0,147.7,0F


[9315391]	$DSM0E,152825,+50.79273,+002.49694,244.0,48.0,230.6,0F


[9315875]	$DSM00,152826,+50.79112,+002.51952,3166.0,77.0,23.9,0F


[9315954]	$DSM01,152826,+50.80003,+002.48531,164.0,0.0,0.0,0F


[9316047]	$DSM04,152826,+50.79239,+002.49630,244.0,49.0,232.0,0F


[9316282]	$DSM0B,152826,+50.79959,+002.48727,156.0,2.0,2.8,0F


[9316329]	$DSM0C,152826,+50.79983,+002.48667,174.0,4.0,149.1,0F


[9316391]	$DSM0E,152826,+50.79245,+002.49641,244.0,49.0,232.0,0F


[9316875]	$DSM00,152827,+50.79175,+002.51997,3166.0,77.0,23.9,0F


[9316938]	$DSM01,152827,+50.80003,+002.48531,164.0,0.0,0.0,0F


[9317047]	$DSM04,152827,+50.79212,+002.49572,244.0,50.0,234.8,0F


[9317297]	$DSM0B,152827,+50.79961,+002.48727,156.0,5.0,4.2,0F


[9317329]	$DSM0C,152827,+50.79980,+002.48669,172.0,4.0,143.4,0F


[9317391]	$DSM0E,152827,+50.79220,+002.49583,244.0,49.0,236.2,0F


[9317860]	$DSM00,152828,+50.79239,+002.52040,3166.0,77.0,22.5,0F


[9317954]	$DSM01,152828,+50.80003,+002.48531,164.0,0.0,0.0,0F


[9318047]	$DSM04,152828,+50.79188,+002.49512,244.0,50.0,237.7,0F


[9318282]	$DSM0B,152828,+50.79967,+002.48727,158.0,5.0,5.6,0F


[9318329]	$DSM0C,152828,+50.79977,+002.48673,172.0,3.0,137.8,0F


[9318391]	$DSM0E,152828,+50.79195,+002.49523,244.0,50.0,239.1,0F


[9318875]	$DSM00,152829,+50.79304,+002.52083,3166.0,77.0,22.5,0F


[9318938]	$DSM01,152829,+50.80003,+002.48531,164.0,0.0,0.0,0F


[9319047]	$DSM04,152829,+50.79166,+002.49450,244.0,51.0,240.5,0F


[9319282]	$DSM0B,152829,+50.79972,+002.48727,158.0,5.0,2.8,0F


[9319329]	$DSM0C,152829,+50.79976,+002.48675,172.0,2.0,128.0,0F


[9319407]	$DSM0E,152829,+50.79174,+002.49460,242.0,50.0,241.9,0F


[9319875]	$DSM00,152830,+50.79368,+002.52123,3166.0,77.0,21.1,0F


[9319938]	$DSM01,152830,+50.80003,+002.48531,164.0,0.0,0.0,0F


[9320047]	$DSM04,152830,+50.79146,+002.49383,244.0,51.0,244.7,0F


[9320297]	$DSM0B,152830,+50.79977,+002.48729,160.0,5.0,14.1,0F


[9320329]	$DSM0C,152830,+50.79975,+002.48675,174.0,1.0,125.2,0F


[9320391]	$DSM0E,152830,+50.79154,+002.49396,240.0,50.0,246.1,0F


[9320875]	$DSM00,152831,+50.79433,+002.52162,3166.0,77.0,21.1,0F


[9320938]	$DSM01,152831,+50.80003,+002.48531,164.0,0.0,0.0,0F


[9321047]	$DSM04,152831,+50.79130,+002.49317,242.0,51.0,248.9,0F


[9321282]	$DSM0B,152831,+50.79984,+002.48731,160.0,6.0,8.4,0F


[9321313]	$DSM0C,152831,+50.79975,+002.48677,174.0,0.0,144.8,0F


[9321407]	$DSM0E,152831,+50.79137,+002.49330,240.0,50.0,248.9,0F


[9321875]	$DSM00,152832,+50.79499,+002.52201,3166.0,77.0,19.7,0F


[9321938]	$DSM01,152832,+50.80003,+002.48531,164.0,0.0,0.0,0F


[9322032]	$DSM04,152832,+50.79115,+002.49248,240.0,51.0,251.7,0F


[9322297]	$DSM0B,152832,+50.79990,+002.48733,162.0,6.0,9.8,0F


[9322329]	$DSM0C,152832,+50.79975,+002.48677,174.0,0.0,0.0,0F


[9322391]	$DSM0E,152832,+50.79122,+002.49261,238.0,51.0,251.7,0F


[9322875]	$DSM00,152833,+50.79564,+002.52237,3168.0,77.0,19.7,0F


[9322938]	$DSM01,152833,+50.80003,+002.48531,164.0,0.0,0.0,0F


[9323282]	$DSM0B,152833,+50.79996,+002.48733,164.0,6.0,354.4,0F


[9323313]	$DSM0C,152833,+50.79975,+002.48677,174.0,0.0,0.0,0F


[9323391]	$DSM0E,152833,+50.79109,+002.49190,236.0,51.0,255.9,0F


[9323875]	$DSM00,152834,+50.79630,+002.52271,3168.0,77.0,18.3,0F


[9323938]	$DSM01,152834,+50.80003,+002.48531,164.0,0.0,0.0,0F


[9324032]	$DSM04,152834,+50.79093,+002.49106,236.0,51.0,258.7,0F


[9324297]	$DSM0B,152834,+50.80001,+002.48731,166.0,7.0,341.7,0F


[9324329]	$DSM0C,152834,+50.79975,+002.48677,174.0,0.0,0.0,0F


[9324391]	$DSM0E,152834,+50.79100,+002.49119,234.0,51.0,258.7,0F


[9324875]	$DSM00,152835,+50.79696,+002.52306,3168.0,77.0,16.9,0F


[9324938]	$DSM01,152835,+50.80003,+002.48531,164.0,0.0,0.0,0F


[9325047]	$DSM04,152835,+50.79087,+002.49033,232.0,51.0,261.6,0F


[9325282]	$DSM0B,152835,+50.80008,+002.48727,168.0,8.0,338.9,0F


[9325313]	$DSM0C,152835,+50.79975,+002.48677,174.0,0.0,0.0,0F


[9325391]	$DSM0E,152835,+50.79092,+002.49048,232.0,51.0,263.0,0F


[9325875]	$DSM00,152836,+50.79762,+002.52336,3168.0,77.0,16.9,0F


[9325938]	$DSM01,152836,+50.80003,+002.48531,164.0,0.0,0.0,0F


[9326032]	$DSM04,152836,+50.79083,+002.48960,230.0,51.0,265.8,0F


[9326297]	$DSM0B,152836,+50.80015,+002.48722,170.0,9.0,336.1,0F


[9326329]	$DSM0C,152836,+50.79975,+002.48677,174.0,0.0,0.0,0F


[9326391]	$DSM0E,152836,+50.79088,+002.48976,230.0,51.0,265.8,0F


[9326860]	$DSM00,152837,+50.79829,+002.52368,3170.0,77.0,15.5,0F


[9326954]	$DSM01,152837,+50.80003,+002.48531,164.0,0.0,0.0,0F


[9327047]	$DSM04,152837,+50.79083,+002.48890,228.0,50.0,270.0,0F


[9327282]	$DSM0B,152837,+50.80022,+002.48718,170.0,10.0,334.7,0F


[9327329]	$DSM0C,152837,+50.79975,+002.48677,174.0,0.0,0.0,0F


[9327391]	$DSM0E,152837,+50.79088,+002.48903,228.0,51.0,270.0,0F


[9327875]	$DSM00,152838,+50.79896,+002.52396,3170.0,77.0,15.5,0F


[9327938]	$DSM01,152838,+50.76587,+027.88571,676.0,0.0,45.0,0B


[9328282]	$DSM0B,152838,+50.80033,+002.48712,170.0,11.0,336.1,0F


[9328329]	$DSM0C,152838,+50.79975,+002.48677,174.0,0.0,0.0,0F


[9328391]	$DSM0E,152838,+50.79088,+002.48830,228.0,50.0,272.8,0F


[9328860]	$DSM00,152839,+50.79961,+002.52424,3170.0,76.0,14.1,0F


[9328938]	$DSM01,152839,+50.80003,+002.48531,164.0,0.0,0.0,0F


[9329297]	$DSM0B,152839,+50.80045,+002.48707,168.0,12.0,340.3,0F


[9329329]	$DSM0C,152839,+50.79975,+002.48677,174.0,0.0,0.0,0F


[9329391]	$DSM0E,152839,+50.79092,+002.48759,228.0,50.0,275.6,0F


[9329875]	$DSM00,152840,+50.80028,+002.52450,3170.0,76.0,14.1,0F


[9329938]	$DSM01,152840,+50.80004,+002.48531,164.0,0.0,0.0,0F


[9330047]	$DSM05,152840,+50.79096,+024.98673,226.0,50.0,278.4,0B


[9330282]	$DSM0B,152840,+50.80056,+002.48701,168.0,12.0,337.5,0F


[9330313]	$DSM0C,152840,+50.79975,+002.48677,174.0,0.0,0.0,0F


[9330407]	$DSM0E,152840,-00.01052,-001.73187,228.0,50.0,278.4,0B


[9330875]	$DSM00,152841,+50.80096,+002.52475,3172.0,76.0,12.7,0F


[9330938]	$DSM01,152841,+50.80004,+002.48531,164.0,0.0,0.0,0F


[9331032]	$DSM04,152841,+50.74709,+002.48604,226.0,49.0,281.2,0B


[9331297]	$DSM0B,152841,+50.80066,+002.48694,168.0,12.0,338.9,0F


[9331329]	$DSM0C,152841,+50.79975,+002.48677,174.0,0.0,0.0,0F


[9331391]	$DSM0E,152841,+50.79106,+002.48617,228.0,49.0,281.2,0F


[9331875]	$DSM00,152842,+50.80163,+002.52499,3172.0,76.0,12.7,0F


[9331938]	$DSM01,152842,+50.80004,+002.48531,164.0,0.0,0.0,0F


[9332047]	$DSM04,152842,+50.79115,+002.57335,746.0,49.0,282.7,0B


[9332313]	$DSM0C,152842,+50.79975,+002.48677,174.0,0.0,0.0,0F


[9332391]	$DSM0E,152842,+50.79117,+002.48549,228.0,49.0,282.7,0F


[9332500]	$DSM0B,152842,+50.80077,+002.48688,168.0,12.0,338.9,0F


[9332875]	$DSM00,152843,+50.80231,+002.52520,3172.0,76.0,11.2,0F


[9332938]	$DSM01,152843,+50.80004,+002.48531,164.0,0.0,0.0,0F


[9333032]	$DSM04,152843,+50.79127,+002.48467,226.0,49.0,285.5,4B


[9333297]	$DSM0B,152843,+50.80087,+002.48684,170.0,12.0,340.3,0F


[9333329]	$DSM0C,152843,+50.79975,+002.48677,174.0,0.0,0.0,0F


[9333391]	$DSM0E,152843,+50.79127,+002.48480,228.0,49.0,285.5,0F


[9333875]	$DSM00,152844,+50.80297,+002.52540,3174.0,76.0,11.2,0F


[9333938]	$DSM01,152844,+50.80004,+002.48531,164.0,0.0,0.0,0F


[9334047]	$DSM04,152844,+50.79141,+002.48400,226.0,49.0,286.9,0F


[9334282]	$DSM0B,152844,+50.80097,+002.48677,172.0,11.0,343.1,0F


[9334313]	$DSM0C,152844,+50.79975,+002.48677,174.0,0.0,0.0,0F


[9334391]	$DSM0E,152844,+50.79140,+002.48413,228.0,49.0,286.9,0F


[9334875]	$DSM00,152845,+50.80364,+002.52559,3174.0,76.0,9.8,0F


[9334938]	$DSM**,152840,-00.02306,-040.93334,164.0,0.0,0.0,0A


[9335032]	$DSM04,152845,+50.79156,+002.48336,226.0,48.0,289.7,0F


[9335297]	$DSM0B,152845,+50.80108,+002.48673,172.0,12.0,343.1,0F


[9335329]	$DSM0C,152845,+50.79975,+002.48677,174.0,0.0,0.0,0F


[9335860]	$DSM00,152846,+50.80431,+002.52578,3174.0,76.0,9.8,0F


[9335938]	$DSM01,152846,+50.80004,+002.48531,164.0,0.0,0.0,0F


[9336047]	$DSM04,152846,+50.79172,+002.48272,228.0,48.0,291.1,0F


[9336282]	$DSM0B,152846,+50.80120,+002.48669,170.0,12.0,343.1,0F


[9336313]	$DSM0C,152846,+50.79975,+002.48677,174.0,0.0,0.0,0F


[9336391]	$DSM0E,152846,+50.79169,+002.48285,230.0,48.0,292.5,0F


[9336875]	$DSM00,152847,+50.80500,+002.52595,3176.0,76.0,8.4,0F


[9336938]	$DSM01,152847,+50.80004,+002.48531,164.0,0.0,0.0,0F


[9337032]	$DSM04,152847,+50.79190,+002.48209,228.0,48.0,293.9,0F


[9337297]	$DSM0B,152847,+50.80131,+002.48664,168.0,11.0,338.9,0F


[9337329]	$DSM0C,152847,+50.79975,+002.48677,174.0,0.0,0.0,0F


[9337391]	$DSM0E,152847,+50.79188,+002.48220,230.0,48.0,293.9,0F


[9337860]	$DSM00,152848,+50.80566,+002.52610,3176.0,76.0,8.4,0F


[9337938]	$DSM01,152848,+50.80004,+002.48531,164.0,0.0,0.0,0F


[9338047]	$DSM04,152848,+50.79209,+002.48147,230.0,48.0,296.7,0F


[9338282]	$DSM0B,152848,+50.80140,+002.48658,170.0,10.0,334.7,0F


[9338313]	$DSM0C,152848,+50.79975,+002.48677,174.0,0.0,0.0,0F


[9338875]	$DSM00,152849,+50.80635,+002.52623,3176.0,76.0,7.0,0F


[9338938]	$DSM01,152849,+50.80004,+002.48531,164.0,0.0,0.0,0F


[9339047]	$DSM04,152849,+50.79229,+002.48087,230.0,49.0,298.1,0F


[9339282]	$DSM0B,152849,+50.80148,+002.48652,170.0,10.0,336.1,0F


[9339313]	$DSM0C,152849,+50.79975,+002.48677,174.0,0.0,0.0,0F


[9339860]	$DSM00,152850,+50.80701,+002.52638,3176.0,76.0,7.0,0F


[9340032]	$DSM04,152850,+50.79251,+002.48025,230.0,49.0,299.5,0F


[9340282]	$DSM0B,152850,+50.80156,+002.48647,170.0,10.0,336.1,0F


[9340329]	$DSM0C,152850,+50.79975,+002.48677,174.0,0.0,0.0,0F


[9340391]	$DSM0E,152850,+50.79247,+002.48038,234.0,48.0,298.1,0F


[9340875]	$DSM00,152851,+50.80770,+002.52649,3178.0,76.0,5.6,0F


[9340938]	$DSM01,152851,+50.80004,+002.48531,164.0,0.0,0.0,0F


[9341047]	$DSM04,152851,+50.79272,+002.47965,230.0,48.0,299.5,0F


[9341282]	$DSM0B,152851,+50.80164,+002.48641,168.0,10.0,330.5,0F


[9341313]	$DSM0C,152851,+50.79975,+002.48677,174.0,0.0,0.0,0F


[9341391]	$DSM0E,152851,+50.79269,+002.47976,234.0,48.0,299.5,0F


[9341875]	$DSM00,152852,+50.80838,+002.52660,3178.0,76.0,5.6,0F


[9341938]	$DSM01,152852,+50.80004,+002.48531,164.0,0.0,0.0,0F


[9342032]	$DSM04,152852,+50.79295,+002.47907,232.0,48.0,300.9,0F


[9342297]	$DSM0B,152852,+50.80172,+002.48634,168.0,10.0,323.4,0F


[9342329]	$DSM0C,152852,+50.79975,+002.48677,174.0,0.0,0.0,0F


[9342391]	$DSM0E,152852,+50.79291,+002.47918,234.0,48.0,300.9,0F


[9342875]	$DSM00,152853,+50.80904,+002.52671,3178.0,76.0,5.6,0F


[9342938]	$DSM01,152853,+50.80004,+002.48531,164.0,0.0,0.0,0F


[9343047]	$DSM04,152853,+50.79319,+002.47849,232.0,49.0,302.3,0F


[9343282]	$DSM0B,152853,+50.80179,+002.48624,168.0,11.0,309.4,0F


[9343313]	$DSM0C,152853,+50.79975,+002.48677,174.0,0.0,0.0,0F


[9343391]	$DSM0E,152853,+50.79314,+002.47858,234.0,48.0,302.3,0F


[9343875]	$DSM00,152854,+50.80973,+002.52679,3178.0,76.0,4.2,0F


[9343938]	$DSM01,152854,+50.80004,+002.48531,164.0,0.0,0.0,0F


[9344032]	$DSM04,152854,+50.79343,+002.47791,234.0,49.0,303.7,0F


[9344297]	$DSM0B,152854,+50.80187,+002.48611,168.0,12.0,306.6,0F


[9344329]	$DSM0C,152854,+50.79975,+002.48677,174.0,0.0,0.0,0F


[9344391]	$DSM0E,152854,+50.79338,+002.47800,236.0,48.0,302.3,0F


[9344860]	$DSM00,152855,+50.81040,+002.52688,3178.0,76.0,4.2,0F


[9344938]	$DSM01,152855,+50.80004,+002.48531,164.0,0.0,0.0,0F


[9345047]	$DSM04,152855,+50.79367,+002.47733,234.0,48.0,303.7,0F


[9345282]	$DSM0B,152855,+50.80192,+002.48598,168.0,12.0,303.7,0F


[9345313]	$DSM0C,152855,+50.79975,+002.48677,174.0,0.0,0.0,0F


[9345391]	$DSM0E,152855,+50.79363,+002.47742,238.0,48.0,303.7,0F


[9345875]	$DSM00,152856,+50.81108,+002.52694,3178.0,76.0,4.2,0F


[9345938]	$DSM01,152856,+50.80004,+002.48531,164.0,0.0,0.0,0F


[9346032]	$DSM04,152856,+50.79392,+002.47677,236.0,47.0,305.2,0F


[9346297]	$DSM0B,152856,+50.80198,+002.48583,168.0,11.0,300.9,0F


[9346329]	$DSM0C,152856,+50.79975,+002.48677,174.0,0.0,0.0,0F


[9346391]	$DSM0E,152856,+50.79387,+002.65127,240.0,48.0,305.2,0B


[9346860]	$DSM00,152857,+50.81176,+002.52698,3178.0,76.0,2.8,0F


[9346922]	$DSM01,152857,+50.80004,+002.48531,164.0,0.0,0.0,0F


[9347047]	$DSM04,152857,+50.79418,+002.47624,238.0,47.0,306.6,0F


[9347282]	$DSM0B,152857,+50.80204,+002.48570,168.0,11.0,306.6,0F


[9347313]	$DSM0C,152857,+50.79975,+002.48677,174.0,0.0,0.0,0F


[9347391]	$DSM0E,152857,+50.79413,+002.47630,242.0,48.0,308.0,0F


[9347875]	$DSM00,152858,+50.81244,+002.52705,3178.0,76.0,2.8,0F


[9347938]	$DSM01,152858,+50.80004,+002.48531,164.0,0.0,0.0,0F


[9348032]	$DSM04,152858,+50.79448,+362.47568,242.0,47.0,309.4,0B


[9348282]	$DSM0B,152858,+50.80210,+002.48557,166.0,12.0,306.6,0F


[9348313]	$DSM0C,152858,+50.79975,+002.48677,174.0,0.0,0.0,0F


[9348860]	$DSM00,152859,+50.81313,+002.52709,3178.0,76.0,1.4,0F


[9349032]	$DSM05,152859,+50.09161,+002.47521,246.0,46.0,312.2,0B


[9349282]	$DSM0B,152859,+50.80216,+002.48544,166.0,12.0,303.7,0F


[9349313]	$DSM0C,152859,+50.79975,+002.48677,174.0,0.0,0.0,0F


[9349391]	$DSM0E,152859,+50.79468,+002.47527,248.0,46.0,312.2,0F


[9349875]	$DSM00,152900,+50.81380,+002.52711,3178.0,76.0,1.4,0F


[9349938]	$DSM01,152900,+50.80004,+002.48531,164.0,0.0,0.0,0F


[9350032]	$DSM04,152900,+50.79503,+002.47473,248.0,46.0,313.6,0F


[9350282]	$DSM0B,152900,+50.80223,+002.48529,166.0,12.0,302.3,0F


[9350313]	$DSM0C,152900,+50.79975,+002.48677,174.0,0.0,0.0,0F


[9350375]	$DSM0F,152900,+50.79496,+002.47480,252.0,46.0,315.0,0B


[9350860]	$DSM00,152901,+50.81448,+002.52713,3176.0,76.0,1.4,0F


[9350938]	$DSM01,152901,+50.80004,+002.48531,164.0,0.0,0.0,0F


[9351032]	$DSM04,152901,+50.79533,+002.47428,252.0,45.0,316.4,0F


[9351282]	$DSM0B,152901,+50.80228,+002.48514,166.0,12.0,303.7,0F


[9351329]	$DSM0C,152901,+50.79975,+002.48677,174.0,0.0,0.0,0F


[9351391]	$DSM0E,152901,+50.79527,+002.47435,256.0,45.0,316.4,0F


[9351875]	$DSM00,152902,+50.81517,+002.52716,3176.0,76.0,0.0,0F


[9351938]	$DSM01,152902,+50.80004,+002.48531,164.0,0.0,0.0,0F


[9352047]	$DSM04,152902,+50.79564,+002.47386,254.0,45.0,319.2,0F


[9352282]	$DSM0B,152902,+50.80234,+002.48501,166.0,12.0,302.3,0F


[9352313]	$DSM0C,152902,+50.79975,+002.48677,174.0,0.0,0.0,0F


[9352375]	$DSM0E,152902,+50.79558,+002.47392,258.0,45.0,319.2,0F


[9352860]	$DSM00,152903,+50.81585,+002.52716,3176.0,76.0,0.0,0F


[9352938]	$DSM01,152903,+50.80004,+002.48531,164.0,0.0,0.0,0F


[9353032]	$DSM04,152903,+50.79596,+002.47345,256.0,45.0,319.2,0F


[9353282]	$DSM0B,152903,+50.80241,+002.48486,166.0,12.0,303.7,0F


[9353329]	$DSM0C,152903,+50.79975,+002.48677,174.0,0.0,0.0,0F


[9353391]	$DSM0E,152903,+50.79589,+002.47351,260.0,45.0,319.2,0F


[9353860]	$DSM00,152904,+50.81653,+002.52713,3176.0,76.0,358.6,0F


[9353938]	$DSM01,152904,+50.80003,+002.48531,164.0,0.0,0.0,0F


[9354047]	$DSM04,152904,+50.79627,+002.47302,258.0,46.0,320.6,0F


[9354282]	$DSM0B,152904,+50.80247,+002.48473,166.0,12.0,303.7,0F


[9354313]	$DSM0C,152904,+50.79975,+002.48677,174.0,0.0,0.0,0F


[9354391]	$DSM0E,152904,+50.79620,+002.47308,262.0,46.0,319.2,0F


[9354875]	$DSM00,152905,+50.81722,+002.52709,3176.0,76.0,357.2,0F


[9354938]	$DSM01,152905,+50.80003,+002.48531,164.0,0.0,0.0,0F


[9355032]	$DSM04,152905,+50.79659,+002.47261,258.0,46.0,320.6,0F


[9355282]	$DSM0B,152905,+50.80252,+002.48458,166.0,12.0,300.9,0F


[9355313]	$DSM0C,152905,+50.79975,+002.48677,174.0,0.0,0.0,0F


[9355860]	$DSM00,152906,+50.81789,+002.52701,3176.0,76.0,354.4,0F


[9355922]	$DSM01,152906,+50.80003,+002.48531,164.0,0.0,0.0,0F


[9356047]	$DSM04,152906,+50.79691,+002.47220,258.0,46.0,320.6,0F


[9356282]	$DSM0B,152906,+50.80256,+002.48443,166.0,12.0,291.1,0F


[9356313]	$DSM0C,152906,+50.79975,+002.48677,174.0,0.0,0.0,0F


[9356391]	$DSM0E,152906,+50.79684,+002.47225,262.0,46.0,320.6,0F


[9356875]	$DSM00,152907,+50.81857,+002.52690,3176.0,76.0,353.0,0F


[9356938]	$DSM01,152907,+50.80003,+002.48531,164.0,0.0,0.0,0F


[9357282]	$DSM0B,152907,+50.80260,+002.48428,166.0,12.0,291.1,0F


[9357313]	$DSM0C,152907,+50.79975,+002.48677,174.0,0.0,0.0,0F


[9357375]	$DSM0E,152907,+50.79718,+002.47186,262.0,47.0,322.0,0F


[9357860]	$DSM00,152908,+50.81924,+002.52675,3174.0,76.0,351.6,0F


[9357922]	$DSM01,152908,+50.80003,+002.48531,164.0,0.0,0.0,0F


[9358032]	$DSM04,152908,+50.79759,+002.47143,258.0,47.0,324.8,0F


[9358282]	$DSM0B,152908,+50.80265,+002.48411,166.0,12.0,288.3,0F


[9358313]	$DSM0C,152908,+50.79975,+002.48677,174.0,0.0,0.0,0F


[9358391]	$DSM0E,152908,+50.79752,+002.47145,260.0,47.0,324.8,0F


[9358875]	$DSM00,152909,+50.81992,+002.52656,3174.0,76.0,348.7,0F


[9358938]	$DSM01,152909,+50.80003,+002.48531,164.0,0.0,0.0,0F


[9359032]	$DSM04,152909,+50.79794,+002.47107,256.0,47.0,327.7,0F


[9359282]	$DSM0B,152909,+50.80268,+002.48396,166.0,11.0,281.2,0F


[9359313]	$DSM0C,152909,+50.79975,+002.48677,174.0,0.0,0.0,0F


[9359375]	$DSM0E,152909,+53.61037,+002.47109,258.0,47.0,327.7,0B


[9359860]	$DSM00,152910,+50.82059,+002.52634,3174.0,76.0,347.3,0F


[9359922]	$DSM01,152910,+50.80003,+002.48531,164.0,0.0,0.0,0F


[9360032]	$DSM04,152910,+50.79829,+002.47072,254.0,47.0,329.1,0F


[9360282]	$DSM0B,152910,+50.80270,+002.48381,166.0,11.0,281.2,0F


[9360313]	$DSM0C,152910,+50.79975,+002.48677,174.0,0.0,0.0,0F


[9360391]	$DSM0E,152910,+50.79823,-001.77547,264.0,47.0,329.1,0B


[9360875]	$DSM00,152911,+50.82124,+002.52608,3174.0,76.0,344.5,0F


[9360938]	$DSM01,152911,+50.80003,+002.48531,164.0,0.0,0.0,0F


[9361032]	$DSM04,152911,+50.79867,+002.47040,252.0,47.0,331.9,0F


[9361282]	$DSM0B,152911,+50.80272,+002.48366,166.0,10.0,281.2,0F


[9361313]	$DSM0C,152911,+50.79975,+002.48677,174.0,0.0,0.0,0F


[9361860]	$DSM00,152912,+50.82191,+002.52578,3172.0,76.0,343.1,0F


[9361938]	$DSM01,152912,+50.80003,+002.48531,164.0,0.0,0.0,0F


[9362032]	$DSM04,152912,+50.79904,+002.47012,252.0,46.0,334.7,0F


[9362282]	$DSM0B,152912,+50.80273,+002.48351,166.0,10.0,277.0,0F


[9362329]	$DSM0C,152912,+50.79975,+002.48677,174.0,0.0,0.0,0F


[9362391]	$DSM0E,152912,+50.79898,+002.47014,256.0,46.0,334.7,0F


[9362860]	$DSM00,152913,+50.82254,+002.52544,3172.0,76.0,341.7,0F


[9362922]	$DSM01,152913,+50.80003,+002.48531,164.0,0.0,0.0,0F


[9363047]	$DSM04,152913,+50.79943,+002.46986,252.0,46.0,337.5,0F


[9363282]	$DSM0B,152913,+50.80273,+002.48338,168.0,8.0,275.6,0F


[9363313]	$DSM0C,152913,+50.79975,+002.48677,174.0,0.0,0.0,0F


[9363375]	$DSM0E,152913,+50.79936,+002.46989,256.0,46.0,337.5,0F


[9363860]	$DSM00,152914,+50.82318,+002.52507,3172.0,76.0,338.9,0F


[9363938]	$DSM01,152914,+50.80003,+002.48531,164.0,0.0,0.0,0F


[9364032]	$DSM04,1528**,+50.79981,+002.46690,188.0,255.0,358.6,7B


[9364266]	$DSM0B,152914,+50.80273,+002.48327,168.0,7.0,274.2,0F


[9364313]	$DSM0C,152914,+50.79975,+002.48677,174.0,0.0,0.0,0F


[9364391]	$DSM0E,152914,+50.79975,+002.46967,256.0,46.0,340.3,0F


[9364860]	$DSM00,152915,+50.82382,+002.52467,3170.0,76.0,337.5,0F


[9364922]	$DSM01,152915,+50.80003,+002.48531,164.0,0.0,0.0,0F


[9365047]	$DSM04,152915,+50.80021,+002.46946,252.0,45.0,343.1,0F


[9365282]	$DSM0B,152915,+50.80273,+002.48319,168.0,6.0,270.0,0F


[9365313]	$DSM0C,152915,+50.79975,+002.48677,174.0,0.0,0.0,0F


[9365391]	$DSM0E,152915,+50.80015,+002.46948,256.0,45.0,343.1,0F


[9365875]	$DSM00,152916,+50.82444,+002.52422,3170.0,76.0,334.7,0F


[9365938]	$DSM01,152916,+50.80003,+002.48531,164.0,0.0,0.0,0F


[9366032]	$DSM04,152916,+50.80061,+002.46931,254.0,45.0,50.6,3B


[9366282]	$DSM0B,152916,+50.80273,+002.48312,168.0,4.0,270.0,0F


[9366313]	$DSM0C,152916,+50.79975,+002.48677,174.0,0.0,0.0,0F


[9366375]	$DSM0E,152916,+50.80055,+002.46931,256.0,45.0,347.3,0F


[9366860]	$DSM00,152917,+50.82505,+002.52374,3170.0,76.0,333.3,0F


[9366922]	$DSM01,152917,+50.80003,+002.48531,164.0,0.0,0.0,0F


[9367032]	$DSM04,152917,+50.80100,+002.46918,256.0,44.0,350.2,0F


[9367282]	$DSM0B,152917,+50.80273,+002.48308,168.0,3.0,282.7,0F


[9367313]	$DSM0C,152917,+50.79975,+002.48677,174.0,0.0,0.0,0F


[9367391]	$DSM0E,152917,+50.80093,+002.46920,260.0,44.0,350.2,0F


[9367875]	$DSM00,152918,+50.82565,+002.52323,3168.0,76.0,330.5,0F


[9367938]	$DSM01,152918,+50.80003,+002.48531,164.0,0.0,0.0,0F


[9368032]	$DSM04,152918,+50.80140,+002.46909,258.0,43.0,353.0,0F


[9368282]	$DSM0B,152918,+50.80273,+002.48306,170.0,2.0,284.1,0F


[9368313]	$DSM0C,152918,+50.79956,+002.48703,172.0,2.0,135.0,0F


[9368375]	$DSM0E,152918,+50.80133,+002.46911,262.0,43.0,353.0,0F


[9368860]	$DSM00,152919,+50.82624,+002.52269,3168.0,76.0,329.1,0F


[9368922]	$DSM01,152919,+50.80003,+002.48531,164.0,0.0,0.0,0F


[9369032]	$DSM04,152919,+50.80178,+002.46905,262.0,43.0,355.8,0F


[9369282]	$DSM0B,152919,+50.80272,+002.48302,170.0,2.0,278.4,0F


[9369313]	$DSM0C,152919,+50.79954,+002.48705,172.0,2.0,132.2,0F


[9369391]	$DSM0E,152919,+50.80172,+002.46905,266.0,43.0,357.2,0F


[9369860]	$DSM00,152920,+50.82681,+002.52211,3168.0,75.0,326.2,0F


[9369938]	$DSM01,152920,+50.80003,+002.48531,164.0,0.0,0.0,0F


[9370032]	$DSM04,152920,+50.80217,+002.46905,266.0,42.0,1.4,0F


[9370282]	$DSM0B,152920,+50.80272,+002.48302,170.0,1.0,258.7,0F


[9370313]	$DSM0C,152920,+50.79952,+002.48707,172.0,2.0,137.8,0F


[9370375]	$DSM0E,152920,+50.80210,+002.46905,270.0,42.0,0.0,0F


[9370860]	$DSM00,152921,+50.82736,+002.52151,3168.0,75.0,324.8,0F


[9370922]	$DSM01,152921,+50.80003,+002.48531,164.0,0.0,0.0,0F


[9371032]	$DSM04,152921,+50.80255,+002.46907,270.0,42.0,4.2,0F


[9371282]	$DSM0B,152921,+50.80272,+002.48300,170.0,0.0,250.3,0F


[9371313]	$DSM0C,152921,+50.79951,+002.48709,172.0,1.0,136.4,0F


[9371391]	$DSM0E,152921,+50.80248,+002.46909,274.0,42.0,4.2,0F


[9371860]	$DSM00,152922,+50.82792,+002.52087,3170.0,75.0,322.0,0F


[9371922]	$DSM01,152922,+50.80003,+002.48531,164.0,0.0,0.0,0F


[9372032]	$DSM04,152922,+50.80292,+002.46916,272.0,42.0,8.4,0F


[9372282]	$DSM0B,152922,+50.80270,+002.48849,172.0,255.0,358.6,7B


[9372313]	$DSM0C,152922,+50.79951,+002.48709,172.0,1.0,153.3,0F


[9372375]	$DSM0E,152922,+50.80286,+002.46916,276.0,42.0,8.4,0F


[9372860]	$DSM00,152923,+50.82845,+002.52020,3170.0,75.0,320.6,0F


[9372938]	$DSM01,152923,+50.80003,+002.48531,164.0,0.0,0.0,0F


[9373032]	$DSM04,152923,+50.80329,+002.46928,274.0,42.0,11.2,0F


[9373266]	$DSM0B,152923,+50.80270,+002.48300,172.0,0.0,0.0,0F


[9373297]	$DSM0C,152923,+50.79949,+002.48712,170.0,0.0,0.0,0F


[9373391]	$DSM0E,152923,+50.80324,+002.46928,278.0,42.0,11.2,0F


[9373860]	$DSM00,152924,+50.82896,+002.51950,3170.0,75.0,317.8,0F


[9373922]	$DSM01,152924,+50.80003,+002.48531,164.0,0.0,0.0,0F


[9374047]	$DSM04,152924,+50.80366,+002.46941,276.0,41.0,15.5,0F


[9374282]	$DSM0B,152924,+50.80270,+002.48300,172.0,0.0,0.0,0F


[9374313]	$DSM0C,152924,+50.79949,+002.48712,170.0,0.0,0.0,0F


[9374375]	$DSM0E,152924,+50.80360,+002.46941,280.0,41.0,15.5,0F


[9374860]	$DSM00,152925,+50.82946,+002.51879,3170.0,75.0,316.4,0F


[9374938]	$DSM01,152925,+50.80003,+002.48531,164.0,0.0,0.0,0F


[9375032]	$DSM04,152925,+50.80400,+002.46961,276.0,40.0,18.3,0B


[9375266]	$DSM0B,152925,+50.80270,+002.48300,172.0,0.0,0.0,0F


[9375313]	$DSM0C,152925,+50.79949,+002.48712,170.0,0.0,0.0,0F


[9375375]	$DSM0E,152925,+50.80395,+002.46958,280.0,40.0,18.3,0F


[9375860]	$DSM00,152926,+50.82993,+002.51804,3170.0,75.0,315.0,0F


[9375922]	$DSM01,152926,+50.80003,+002.48531,164.0,0.0,0.0,0F


[9376032]	$DSM04,152926,+50.80434,+002.46980,278.0,39.0,21.1,0F


[9376282]	$DSM0B,152926,+50.80270,+002.48300,172.0,2.0,254.5,0F


[9376313]	$DSM0C,152926,+50.79949,+002.48712,170.0,0.0,0.0,0F


[9376391]	$DSM0E,152926,+50.80429,+002.46978,282.0,39.0,21.1,0F


[9376875]	$DSM00,152927,+50.83040,+002.51724,3170.0,75.0,312.2,0F


[9376938]	$DSM01,152927,+50.80003,+002.48531,164.0,0.0,0.0,0F


[9377032]	$DSM04,152927,+50.80465,+002.47001,280.0,39.0,22.5,0F


[9377266]	$DSM0B,152927,+50.80269,+002.48295,172.0,3.0,244.7,0F


[9377313]	$DSM0C,152927,+50.79949,+002.48712,170.0,0.0,0.0,0F


[9377375]	$DSM0E,152927,+50.80461,+002.46999,282.0,38.0,22.5,0F


[9377860]	$DSM00,152928,+50.83084,+002.51645,3170.0,75.0,310.8,0F


[9377922]	$DSM01,152928,+50.80003,+002.48531,164.0,0.0,0.0,0F


[9378032]	$DSM04,152928,+50.80498,+002.47023,280.0,38.0,22.5,0F


[9378282]	$DSM0B,152928,+50.80268,+002.48293,172.0,3.0,232.0,0F


[9378313]	$DSM0C,152928,+50.79949,+002.48712,170.0,0.0,0.0,0F


[9378391]	$DSM0E,152928,+50.80492,+002.47021,284.0,38.0,22.5,0F


[9378860]	$DSM00,152929,+50.83126,+002.51561,3170.0,75.0,308.0,0F


[9378938]	$DSM01,152929,+50.80003,+002.48531,164.0,0.0,0.0,0F


[9379032]	$DSM04,152929,+50.80530,+002.47044,280.0,38.0,22.5,0F


[9379282]	$DSM0B,152929,+50.80267,+002.48293,172.0,1.0,212.3,0F


[9379313]	$DSM0C,152929,+50.79946,+002.48718,170.0,2.0,129.4,0F


[9379375]	$DSM0E,152929,+50.80524,+002.47042,284.0,39.0,22.5,0F


[9379860]	$DSM00,152930,+50.83166,+002.51477,3170.0,74.0,306.6,0F


[9379922]	$DSM01,152930,+50.80003,+002.48531,164.0,0.0,0.0,0F


[9380282]	$DSM0B,152930,+50.80267,+002.48293,170.0,0.0,165.9,0F


[9380313]	$DSM0C,152930,+50.79944,+002.48720,170.0,2.0,133.6,0F


[9380391]	$DSM0E,152930,+50.80556,+002.47064,284.0,39.0,22.5,0F


[9380860]	$DSM00,152931,+50.83204,+002.51390,3170.0,74.0,303.7,0F


[9380922]	$DSM01,152931,+50.80003,+002.48531,164.0,0.0,0.0,0F


[9381032]	$DSM04,152931,+50.80594,+002.47087,280.0,40.0,21.1,0F


[9381313]	$DSM0C,152931,+50.79942,+002.48722,170.0,3.0,150.5,0F


[9381375]	$DSM0E,152931,+50.80590,+002.47087,284.0,40.0,21.1,0F


[9381860]	$DSM00,152932,+50.83241,+002.51302,3170.0,74.0,302.3,0F


[9381922]	$DSM01,152932,+50.80003,+002.48531,164.0,0.0,0.0,0F


[9382032]	$DSM04,152932,+50.80628,+002.47109,280.0,41.0,21.1,0F


[9382297]	$DSM0C,152932,+50.79940,+002.48722,170.0,2.0,153.3,0F


[9382391]	$DSM0E,152932,+50.80624,+002.47107,282.0,41.0,21.1,0F


[9382860]	$DSM00,152933,+50.83276,+002.51209,3170.0,74.0,299.5,0F


[9382922]	$DSM01,152933,+50.80003,+002.48531,164.0,0.0,0.0,0F


[9383032]	$DSM04,152933,+50.80663,+002.47130,278.0,41.0,19.7,0F


[9383313]	$DSM0C,152933,+50.79937,+002.48724,170.0,2.0,143.4,0F


[9383375]	$DSM0E,152933,+50.80659,+002.47128,282.0,41.0,19.7,0F


[9383860]	$DSM00,152934,+50.83308,+002.51117,3170.0,74.0,298.1,0F


[9383938]	$DSM01,152934,+50.80003,+002.48531,164.0,0.0,0.0,0F


[9384032]	$DSM04,152934,+50.80697,+002.47149,278.0,41.0,19.7,0F


[9384313]	$DSM0C,152934,+50.79936,+002.48727,172.0,2.0,135.0,4B


[9384375]	$DSM0E,152934,+50.80693,+002.47147,280.0,41.0,19.7,0F


[9384860]	$DSM00,152935,+50.83336,+002.51023,3170.0,74.0,295.3,0F


[9384922]	$DSM01,152935,+50.80003,+002.48531,164.0,0.0,0.0,0F


[9385032]	$DSM04,152935,+50.80732,+002.47171,276.0,41.0,19.7,0F


[9385313]	$DSM0C,152935,+50.79934,+002.48729,172.0,2.0,130.8,0F


[9385375]	$DSM0E,152935,+50.80728,+002.47169,280.0,41.0,19.7,0F


[9385860]	$DSM00,152936,+50.83365,+002.50926,3170.0,74.0,293.9,0F


[9385938]	$DSM01,152936,+50.80003,+002.48531,164.0,0.0,0.0,0F


[9386032]	$DSM04,152936,+50.80766,+002.47190,276.0,41.0,21.1,0F


[9386313]	$DSM0C,152936,+50.79932,+002.48731,172.0,2.0,130.8,0F


[9386375]	$DSM0E,152936,+50.80763,+002.47188,282.0,41.0,21.1,0F


[9386860]	$DSM00,152937,+50.83391,+002.50827,3170.0,74.0,292.5,0F


[9386922]	$DSM01,152937,+50.80003,+002.48531,164.0,0.0,0.0,0F


[9387032]	$DSM04,152937,+50.80801,+002.47212,278.0,41.0,21.1,0F


[9387313]	$DSM0C,152937,+50.79930,+002.48733,172.0,2.0,136.4,0F


[9387391]	$DSM0E,152937,+50.80798,+002.47210,282.0,41.0,21.1,0F


[9387875]	$DSM00,152938,+50.83415,+002.50729,3170.0,74.0,289.7,0F


[9387938]	$DSM01,152938,+50.80003,+002.48531,164.0,0.0,0.0,0F


[9388032]	$DSM04,152938,+50.80836,+002.47233,278.0,42.0,22.5,0F


[9388313]	$DSM0C,152938,+50.79928,+002.48735,174.0,3.0,140.6,0F


[9388375]	$DSM0E,152938,+50.80832,+002.47231,284.0,42.0,21.1,0F


[9388860]	$DSM00,152939,+50.83437,+002.50630,3170.0,74.0,288.3,0F


[9388922]	$DSM01,152939,+50.80003,+002.48531,164.0,0.0,0.0,0F


[9389032]	$DSM04,152939,+50.80870,+002.47257,278.0,42.0,22.5,0F


[9389313]	$DSM0C,152939,+50.79927,+002.48737,174.0,2.0,137.8,0F


[9389391]	$DSM0E,152939,+50.80868,+002.47255,284.0,42.0,22.5,0F


[9389875]	$DSM00,152940,+50.83456,+002.50529,3170.0,74.0,286.9,0F


[9389938]	$DSM01,152940,+50.80003,+002.48531,164.0,0.0,0.0,0F


[9390047]	$DSM04,152940,+50.80904,+002.47280,280.0,42.0,23.9,0F


[9390329]	$DSM0C,152940,+50.79924,+002.48739,174.0,2.0,147.7,0F


[9390391]	$DSM0E,152940,+50.80902,+002.47278,286.0,42.0,23.9,0F


[9390875]	$DSM00,152941,+50.83475,+002.50428,3172.0,74.0,285.5,0F


[9390938]	$DSM01,152941,+50.80003,+002.48531,164.0,0.0,0.0,0F


[9391047]	$DSM04,152941,+50.80939,+002.47308,280.0,42.0,25.3,0F


[9391313]	$DSM0C,152941,+50.79924,+002.48742,174.0,1.0,143.4,0F


[9391407]	$DSM0E,152941,+50.80936,+002.47304,286.0,42.0,25.3,0F


[9391875]	$DSM00,152942,+50.83491,+002.50325,3172.0,74.0,282.7,0F


[9391938]	$DSM01,152942,+50.80003,+002.48531,164.0,0.0,0.0,0F


[9392032]	$DSM04,152942,+50.80974,+002.47334,282.0,43.0,26.7,0F


[9392329]	$DSM0C,152942,+50.79923,+002.48742,174.0,2.0,135.0,0F


[9392391]	$DSM0E,152942,+50.80971,+002.47332,288.0,43.0,26.7,0F


[9392875]	$DSM00,152943,+50.83505,+002.50222,3172.0,73.0,281.2,0F


[9392938]	$DSM01,152943,+50.80003,+002.48531,164.0,0.0,0.0,0F


[9393047]	$DSM04,152943,+50.81009,+002.47362,284.0,44.0,26.7,0F


[9393313]	$DSM0C,152943,+50.79921,+002.48744,176.0,1.0,139.2,0F


[9393391]	$DSM0E,152943,+50.81006,+002.47360,290.0,44.0,26.7,0F


[9393875]	$DSM00,152944,+50.83516,+002.50119,3174.0,73.0,279.8,0F


[9393938]	$DSM01,152944,+50.80003,+002.48531,164.0,0.0,0.0,0F


[9394032]	$DSM04,152944,+50.81044,+002.47392,284.0,44.0,28.1,0F


[9394329]	$DSM0C,152944,+50.79920,+002.48744,176.0,1.0,154.7,0F


[9394391]	$DSM0E,152944,+50.81041,+002.47390,290.0,44.0,28.1,0F


[9394875]	$DSM00,152945,+50.83528,+002.50016,3176.0,73.0,278.4,0F


[9394954]	$DSM01,152945,+50.80003,+002.48531,164.0,0.0,0.0,0F


[9395047]	$DSM04,152945,+50.81079,+002.47424,284.0,45.0,29.5,0F


[9395313]	$DSM0C,152945,+50.79918,+002.48744,176.0,0.0,0.0,0F


[9395391]	$DSM0E,152945,+50.81076,+002.47420,290.0,45.0,30.9,0F


[9395875]	$DSM00,152946,+50.83536,+002.49913,3176.0,73.0,277.0,0F


[9395938]	$DSM01,152946,+50.80003,+002.48531,164.0,0.0,0.0,0F


[9396047]	$DSM04,152946,+50.81113,+002.47458,284.0,46.0,32.3,0F


[9396329]	$DSM0C,152946,+50.79916,+002.48746,176.0,2.0,164.5,0F


[9396391]	$DSM0E,152946,+50.81110,+002.47454,290.0,46.0,32.3,0F


[9396875]	$DSM00,152947,+50.83544,+002.49810,3178.0,73.0,275.6,0F


[9396954]	$DSM01,152947,+50.80003,+002.48531,164.0,0.0,0.0,0F


[9397047]	$DSM04,152947,+50.81148,+002.47495,284.0,46.0,33.7,0F


[9397329]	$DSM0C,152947,+50.79913,+002.48746,178.0,2.0,167.3,0F


[9397391]	$DSM0E,152947,+50.81144,+002.47491,288.0,46.0,33.7,0F


[9397875]	$DSM00,152948,+50.83549,+002.49707,3180.0,73.0,274.2,0F


[9397938]	$DSM01,152948,+50.80003,+002.48531,164.0,0.0,0.0,0F


[9398047]	$DSM04,152948,+50.81182,+002.47534,284.0,47.0,36.6,0F


[9398329]	$DSM0C,152948,+50.79910,+002.48748,178.0,2.0,157.5,0F


[9398407]	$DSM0E,152948,+50.81179,+002.47529,288.0,47.0,36.6,0F


[9398860]	$DSM00,152949,+50.83553,+002.49604,3180.0,72.0,272.8,0F


[9398938]	$DSM01,152949,+50.80003,+002.48531,164.0,0.0,0.0,0F


[9399032]	$DSM04,152949,+50.81216,+002.47576,282.0,47.0,38.0,0F


[9399329]	$DSM0C,152949,+50.79910,+002.48750,178.0,2.0,132.2,0F


[9399391]	$DSM0E,152949,+50.81213,+002.47570,286.0,47.0,38.0,0F


[9399875]	$DSM00,152950,+50.83556,+002.49501,3182.0,72.0,271.4,0F


[9399938]	$DSM01,152950,+50.80003,+002.48531,164.0,0.0,0.0,0F


[9400047]	$DSM04,152950,+50.81248,+002.47619,282.0,48.0,39.4,0F


[9400313]	$DSM0C,152950,+50.79910,+002.48752,176.0,2.0,129.4,0F


[9400391]	$DSM0E,152950,+50.81247,+002.47613,286.0,48.0,39.4,0F


[9400875]	$DSM00,152951,+50.83556,+002.49398,3184.0,72.0,270.0,0F


[9400938]	$DSM01,152951,+50.80003,+002.48531,164.0,0.0,0.0,0F


[9401032]	$DSM04,152951,+50.81282,+002.47664,280.0,49.0,42.2,0F


[9401329]	$DSM0C,152951,+50.79908,+002.48755,176.0,1.0,125.2,0F


[9401391]	$DSM0E,152951,+50.81279,+002.47660,284.0,49.0,42.2,0F


[9401875]	$DSM00,152952,+50.83553,+002.49295,3184.0,72.0,268.6,0F


[9401938]	$DSM01,152952,+50.80003,+002.48531,164.0,0.0,0.0,0F


[9402047]	$DSM04,152952,+50.81314,+002.47712,278.0,49.0,43.6,0F


[9402313]	$DSM0C,152952,+50.79908,+002.48757,176.0,1.0,139.2,0F


[9402391]	$DSM0E,152952,+50.81311,+002.47707,282.0,49.0,43.6,0F


[9402875]	$DSM00,152953,+50.83551,+002.49192,3186.0,72.0,265.8,0F


[9402938]	$DSM01,152953,+50.80003,+002.48531,164.0,0.0,0.0,0F


[9403032]	$DSM04,152953,+50.81345,+002.47763,276.0,50.0,46.4,0F


[9403329]	$DSM0C,152953,+50.79908,+002.48759,176.0,2.0,132.2,0F


[9403391]	$DSM0E,152953,+50.81343,+002.47759,280.0,50.0,46.4,0F


[9403875]	$DSM00,152954,+50.83546,+002.49089,3186.0,72.0,264.4,0F


[9403938]	$DSM01,152954,+50.80003,+002.48531,164.0,0.0,0.0,0F


[9404047]	$DSM04,152954,+50.81374,+002.47817,274.0,50.0,50.6,0F


[9404313]	$DSM0C,152954,+50.79907,+002.48761,174.0,2.0,125.2,0F


[9404391]	$DSM0E,152954,+50.81372,+002.47810,280.0,50.0,50.6,0F


[9404875]	$DSM00,152955,+50.83537,+002.48988,3186.0,72.0,263.0,0F


[9404938]	$DSM01,152955,+50.80003,+002.48531,164.0,0.0,0.0,0F


[9405032]	$DSM04,152955,+50.81402,+002.47873,276.0,50.0,53.4,0F


[9405329]	$DSM0C,152955,+50.79907,+002.48763,174.0,2.0,142.0,0F


[9405391]	$DSM0E,152955,+50.81400,+002.47868,280.0,50.0,53.4,0F


[9405860]	$DSM00,152956,+50.83528,+002.48888,3186.0,72.0,260.2,0F


[9405954]	$DSM01,152956,+50.80003,+002.48531,164.0,0.0,0.0,0F


[9406047]	$DSM04,152956,+50.81427,+002.47931,276.0,50.0,56.2,0F


[9406313]	$DSM0C,152956,+50.79904,+002.48763,174.0,2.0,156.1,0F


[9406391]	$DSM0E,152956,+50.81424,+002.47926,278.0,50.0,56.2,0F


[9406875]	$DSM00,152957,+50.83516,+002.48785,3186.0,72.0,258.7,0F


[9406938]	$DSM01,152957,+50.80003,+002.48531,164.0,0.0,0.0,0F


[9407032]	$DSM04,152957,+50.81452,+002.47993,274.0,50.0,59.1,0F


[9407313]	$DSM0C,152957,+50.79904,+002.48765,174.0,1.0,132.2,0F


[9407391]	$DSM0E,152957,+50.81448,+002.47986,278.0,50.0,59.1,0F


[9407860]	$DSM00,152958,+50.83503,+002.48686,3186.0,72.0,257.3,0F


[9407938]	$DSM01,152958,+50.80003,+002.48531,164.0,0.0,0.0,0F


[9408047]	$DSM04,152958,+50.81472,+002.48053,274.0,49.0,61.9,0F


[9408329]	$DSM0C,152958,+50.79902,+002.48765,174.0,1.0,105.5,0F


[9408391]	$DSM0E,152958,+50.81470,+002.48049,278.0,49.0,61.9,0F


[9408875]	$DSM00,152959,+50.83487,+002.48585,3184.0,72.0,255.9,0F


[9408938]	$DSM01,152959,+50.80003,+002.48531,164.0,0.0,0.0,0F


[9409047]	$DSM04,152959,+50.81491,+002.48115,274.0,48.0,64.7,0F


[9409313]	$DSM0C,152959,+50.79901,+002.48767,174.0,0.0,0.0,0F


[9409407]	$DSM0E,152959,+50.81489,+002.48111,276.0,48.0,64.7,0F


[9409860]	$DSM00,153000,+50.83469,+002.48486,3184.0,72.0,253.1,0F


[9409938]	$DSM01,153000,+50.80003,+002.48531,164.0,0.0,0.0,0F


[9410032]	$DSM04,153000,+50.81508,+002.48177,274.0,47.0,67.5,0F


[9410329]	$DSM0C,153000,+50.79901,+002.48767,174.0,0.0,0.0,0F


[9410391]	$DSM0E,153000,+50.81506,+002.48173,278.0,47.0,67.5,0F


[9410875]	$DSM00,153001,+50.83450,+002.48388,3184.0,72.0,251.7,0F


[9410938]	$DSM01,153001,+50.80003,+002.48531,164.0,0.0,0.0,0F


[9411047]	$DSM04,153001,+50.81524,+002.48240,274.0,46.0,68.9,0F


[9411313]	$DSM0C,153001,+50.79901,+002.48767,174.0,0.0,0.0,0F


[9411391]	$DSM0E,153001,+50.81522,+002.48235,278.0,46.0,68.9,0F


[9411875]	$DSM00,153002,+50.83428,+002.48291,3184.0,72.0,250.3,0F


[9411938]	$DSM01,153002,+50.80003,+002.48531,164.0,0.0,0.0,0F


[9412032]	$DSM04,153002,+50.81537,+002.48302,274.0,46.0,71.7,0F


[9412329]	$DSM0C,153002,+50.79901,+002.48767,174.0,0.0,0.0,0F


[9412391]	$DSM0E,153002,+50.81535,+002.48297,278.0,46.0,71.7,0F


[9412860]	$DSM00,153003,+50.83405,+002.48194,3182.0,72.0,248.9,0F


[9412938]	$DSM01,153003,+50.80003,+002.48531,164.0,0.0,0.0,0F


[9413047]	$DSM04,153003,+50.81549,+002.48366,274.0,46.0,74.5,0F


[9413313]	$DSM0C,153003,+50.79901,+002.48767,174.0,0.0,0.0,0F


[9413391]	$DSM0E,153003,+50.81547,+002.48360,278.0,46.0,74.5,0F


[9413875]	$DSM00,153004,+50.83380,+002.48098,3182.0,72.0,247.5,0F


[9413938]	$DSM01,153004,+50.80003,+002.48531,164.0,0.0,0.0,0F


[9414032]	$DSM04,153004,+50.81558,+002.48428,274.0,46.0,77.3,0F


[9414329]	$DSM0C,153004,+50.79901,+002.48767,174.0,0.0,0.0,0F


[9414391]	$DSM0E,153004,+50.81556,+002.48422,276.0,46.0,78.7,0F


[9414860]	$DSM00,153005,+50.83354,+002.48003,3182.0,72.0,244.7,0F


[9414922]	$DSM01,153005,+50.80003,+002.48531,164.0,0.0,0.0,0F


[9415047]	$DSM04,153005,+50.81565,+002.48493,272.0,45.0,80.2,0F


[9415313]	$DSM0C,153005,+50.79898,+002.48774,176.0,2.0,132.2,0F


[9415391]	$DSM0E,153005,+50.81564,+002.48486,276.0,46.0,81.6,0F


[9415875]	$DSM00,153006,+50.83326,+002.47911,3184.0,72.0,243.3,0F


[9415938]	$DSM01,153006,+50.80003,+002.48531,164.0,0.0,0.0,0F


[9416032]	$DSM04,153006,+50.81569,+002.48557,270.0,46.0,84.4,0F


[9416313]	$DSM0C,153006,+50.79896,+002.48776,176.0,3.0,132.2,0F


[9416391]	$DSM0E,153006,+50.81568,+002.48551,274.0,46.0,84.4,0F


[9416860]	$DSM00,153007,+50.83295,+002.47819,3184.0,72.0,241.9,0F


[9416922]	$DSM01,153007,+50.80003,+002.48531,164.0,0.0,0.0,0F


[9417047]	$DSM04,153007,+50.81572,+002.48621,268.0,46.0,85.8,0F


[9417313]	$DSM0C,153007,+50.79893,+002.48780,176.0,3.0,132.2,0F


[9417391]	$DSM0E,153007,+50.81572,+002.48617,272.0,46.0,87.2,0F


[9417875]	$DSM00,153008,+50.83264,+002.47729,3184.0,72.0,240.5,0F


[9417938]	$DSM01,153008,+50.80003,+002.48531,164.0,0.0,0.0,0F


[9418032]	$DSM04,153008,+50.81572,+002.48688,266.0,45.0,88.6,0F


[9418313]	$DSM0C,153008,+50.79892,+002.48785,176.0,3.0,130.8,0F


[9418375]	$DSM0E,153008,+50.81572,+002.48682,270.0,45.0,88.6,0F


[9418860]	$DSM00,153009,+50.83230,+002.47641,3184.0,72.0,239.1,0F


[9418938]	$DSM01,153009,+50.80003,+002.48531,164.0,0.0,0.0,0F


[9419032]	$DSM04,153009,+50.81572,+002.48752,266.0,45.0,90.0,0F


[9419329]	$DSM0C,153009,+50.79890,+002.48787,176.0,3.0,139.2,0F


[9419391]	$DSM0E,153009,+50.81572,+002.48746,268.0,45.0,90.0,0F


[9419875]	$DSM00,153010,+50.83196,+002.47553,3186.0,72.0,237.7,0F


[9419938]	$DSM01,153010,+50.80003,+002.48531,164.0,0.0,0.0,0F


[9420047]	$DSM04,153010,+50.81571,+002.48815,264.0,44.0,91.4,0F


[9420313]	$DSM0C,153010,+50.79888,+002.48789,176.0,2.0,144.8,0F


[9420375]	$DSM0E,153010,+50.81572,+002.48808,268.0,44.0,91.4,0F


[9420860]	$DSM00,153011,+50.83160,+002.47467,3186.0,72.0,236.2,0F


[9420938]	$DSM01,153011,+50.80003,+002.48531,164.0,0.0,0.0,0F


[9421032]	$DSM04,153011,+50.81568,+002.48877,264.0,44.0,92.8,0F


[9421329]	$DSM0C,153011,+50.79887,+002.48791,176.0,2.0,147.7,0F


[9421391]	$DSM0E,153011,+50.81569,+002.48873,268.0,44.0,92.8,0F


[9421860]	$DSM00,153012,+50.83123,+002.47383,3188.0,72.0,234.8,0F


[9421938]	$DSM01,153012,+50.80003,+002.48531,164.0,0.0,0.0,0F


[9422047]	$DSM04,153012,+50.81565,+002.48939,262.0,44.0,95.6,0F


[9422313]	$DSM0C,153012,+50.79885,+002.48793,178.0,2.0,153.3,0F


[9422391]	$DSM0E,153012,+50.81565,+002.48935,266.0,44.0,95.6,0F


[9422875]	$DSM00,153013,+50.83084,+002.47300,3190.0,72.0,233.4,0F


[9422938]	$DSM01,153013,+50.80003,+002.48531,164.0,0.0,0.0,0F


[9423032]	$DSM04,153013,+50.81561,+002.49001,262.0,43.0,95.6,0F


[9423329]	$DSM0C,153013,+50.79883,+002.48793,178.0,2.0,147.7,0F


[9423391]	$DSM0E,153013,+50.81562,+002.48995,266.0,43.0,97.0,0F


[9423860]	$DSM00,153014,+50.83044,+002.47220,3192.0,71.0,232.0,0F


[9423922]	$DSM01,153014,+50.80003,+002.48531,164.0,0.0,0.0,0F


[9424047]	$DSM04,153014,+50.81556,+002.49061,262.0,43.0,97.0,0F


[9424313]	$DSM0C,153014,+50.79882,+002.48795,180.0,1.0,150.5,0F


[9424391]	$DSM0E,153014,+50.81556,+002.49057,266.0,43.0,97.0,0F


[9424875]	$DSM00,153015,+50.83004,+002.47141,3194.0,71.0,230.6,0F


[9424938]	$DSM01,153015,+50.80003,+002.48531,164.0,0.0,0.0,0F


[9425032]	$DSM04,153015,+50.81549,+002.49124,262.0,43.0,98.4,0F


[9425313]	$DSM0C,153015,+50.79880,+002.48797,180.0,2.0,137.8,0F


[9425375]	$DSM0E,153015,+50.81550,+002.49117,264.0,43.0,98.4,0F


[9425860]	$DSM00,153016,+50.82963,+002.47064,3194.0,71.0,229.2,0F


[9425922]	$DSM01,153016,+50.80003,+002.48531,164.0,0.0,0.0,0F


[9426032]	$DSM04,153016,+50.81543,+002.49184,260.0,43.0,99.8,0F


[9426313]	$DSM0C,153016,+50.79879,+002.48797,182.0,3.0,139.2,0F


[9426391]	$DSM0E,153016,+50.81544,+002.49179,264.0,43.0,99.8,0F


[9426875]	$DSM00,153017,+50.82920,+002.46986,3196.0,71.0,227.8,0F


[9426938]	$DSM01,153017,+50.80003,+002.48531,164.0,0.0,0.0,0F


[9427032]	$DSM04,153017,+50.81535,+002.49244,260.0,43.0,99.8,0F


[9427313]	$DSM0C,153017,+50.79876,+002.48802,182.0,4.0,146.2,0F


[9427375]	$DSM0E,153017,+50.81536,+002.49239,264.0,43.0,99.8,0F


[9427860]	$DSM00,153018,+50.82876,+002.46913,3198.0,71.0,226.4,0F


[9427922]	$DSM01,153018,+50.80003,+002.48531,164.0,0.0,0.0,0F


[9428032]	$DSM04,153018,+50.81528,+002.49304,260.0,43.0,99.8,0F


[9428313]	$DSM0C,153018,+50.79872,+002.48804,182.0,4.0,143.4,0F


[9428391]	$DSM0E,153018,+50.81528,+002.49300,262.0,43.0,99.8,0F


[9428875]	$DSM00,153019,+50.82832,+002.46840,3200.0,71.0,225.0,0F


[9428938]	$DSM01,153019,+50.80003,+002.48531,164.0,0.0,0.0,0F


[9429032]	$DSM04,153019,+50.81521,+002.49364,260.0,43.0,99.8,0F


[9429313]	$DSM0C,153019,+50.79869,+002.48808,184.0,4.0,140.6,0F


[9429375]	$DSM0E,153019,+50.81522,+002.49360,262.0,42.0,99.8,0F


[9429860]	$DSM00,153020,+50.82786,+002.46770,3202.0,71.0,223.6,0F


[9429938]	$DSM01,153020,+50.80003,+002.48531,164.0,0.0,0.0,0F


[9430032]	$DSM04,153020,+50.81514,+002.49424,260.0,42.0,101.2,0F


[9430329]	$DSM0C,153020,+50.79866,+002.48812,186.0,4.0,140.6,0F


[9430391]	$DSM0E,153020,+50.81515,+002.49418,262.0,42.0,99.8,0F


[9430875]	$DSM00,153021,+50.82740,+002.46701,3202.0,71.0,222.2,0F


[9430938]	$DSM01,153021,+50.80003,+002.48531,164.0,0.0,0.0,0F


[9431047]	$DSM04,153021,-00.00014,+002.49482,260.0,42.0,101.2,0B


[9431313]	$DSM0C,153021,+50.79864,+002.48817,184.0,4.0,135.0,0F


[9431375]	$DSM0E,153021,+50.81508,+002.49478,262.0,42.0,101.2,0F


[9431860]	$DSM00,153022,+50.82692,+002.46632,3204.0,71.0,222.2,0F


[9431938]	$DSM01,153022,+50.80003,+002.48531,164.0,0.0,0.0,0F


[9432032]	$DSM04,153022,+50.81499,+002.49540,258.0,42.0,101.2,0F


[9432313]	$DSM0C,153022,+50.79863,+002.48821,182.0,5.0,133.6,0F


[9432391]	$DSM0E,153022,+50.81500,+002.49536,262.0,42.0,101.2,0F


[9432860]	$DSM00,153023,+50.82644,+002.46566,3204.0,71.0,220.8,0F


[9432922]	$DSM01,153023,+50.80003,+002.48531,164.0,0.0,0.0,0F


[9433047]	$DSM04,153023,+50.81491,+002.49598,258.0,42.0,102.7,0F


[9433313]	$DSM0C,153023,+50.79861,+002.48827,180.0,6.0,143.4,0F


[9433391]	$DSM0E,153023,+50.81491,+002.49593,260.0,42.0,102.7,0F


[9433875]	$DSM00,153024,+50.82595,+002.46501,3204.0,71.0,219.4,0F


[9433938]	$DSM01,153024,+50.80003,+002.48531,164.0,0.0,0.0,0F


[9434032]	$DSM04,153024,+50.81481,+002.49656,258.0,42.0,104.1,0F


[9434313]	$DSM0C,153024,+50.79858,+002.48834,180.0,6.0,142.0,0F


[9434375]	$DSM0E,153024,+50.81483,+002.49651,260.0,42.0,104.1,0F


[9434860]	$DSM00,153025,+50.82544,+002.46439,3206.0,71.0,218.0,0F


[9434922]	$DSM01,153025,+50.80003,+002.48531,164.0,0.0,0.0,0F


[9435032]	$DSM04,153025,+50.81472,+002.49714,258.0,42.0,105.5,0F


[9435313]	$DSM0C,153025,+50.79854,+002.48840,180.0,6.0,143.4,0F


[9435391]	$DSM0E,153025,+50.81472,+002.49709,260.0,42.0,105.5,0F


[9435875]	$DSM00,153026,+50.82494,+002.46379,3206.0,71.0,216.6,0F


[9435938]	$DSM01,153026,+50.80003,+002.48531,164.0,0.0,0.0,0F


[9436032]	$DSM04,153026,+50.81460,+002.49772,258.0,42.0,106.9,0F


[9436313]	$DSM0C,153026,+50.79848,+002.48847,180.0,6.0,142.0,0F


[9436375]	$DSM0E,153026,+50.81461,+002.49767,260.0,42.0,106.9,0F


[9436860]	$DSM00,153027,+50.82442,+002.46319,3206.0,71.0,215.2,0F


[9436922]	$DSM01,153027,+50.80003,+002.48531,164.0,0.0,0.0,0F


[9437032]	$DSM04,153027,+50.81448,+002.49827,258.0,42.0,108.3,0F


[9437313]	$DSM0C,153027,+50.79843,+002.48853,180.0,8.0,142.0,0F


[9437391]	$DSM0E,153027,+50.81448,+002.49823,260.0,42.0,108.3,0F


[9437875]	$DSM00,153028,+50.82390,+002.46261,3206.0,71.0,215.2,0F


[9437938]	$DSM01,153028,+50.80003,+002.48531,164.0,0.0,0.0,0F


[9438032]	$DSM04,153028,+50.81436,+002.49883,258.0,42.0,109.7,0F


[9438313]	$DSM0C,153028,+50.79838,+002.48862,180.0,9.0,139.2,0F


[9438375]	$DSM0E,153028,+50.81436,+002.49879,262.0,42.0,109.7,0F


[9438860]	$DSM00,153029,+50.82336,+002.46205,3206.0,71.0,213.7,0F


[9438922]	$DSM01,153029,+50.80003,+002.48531,164.0,0.0,0.0,0F


[9439032]	$DSM04,153029,+50.81423,+002.49939,258.0,42.0,111.1,0F


[9439313]	$DSM0C,153029,+50.79832,+002.48870,180.0,9.0,135.0,0F


[9439391]	$DSM0E,153029,+50.81423,+002.49935,262.0,42.0,111.1,0F


[9439860]	$DSM00,153030,+50.82283,+002.46150,3206.0,71.0,212.3,0F


[9439922]	$DSM01,153030,+50.80003,+002.48531,164.0,0.0,0.0,0F


[9440032]	$DSM04,153030,+50.81406,+002.49995,258.0,42.0,112.5,0F


[9440313]	$DSM0C,153030,+50.79827,+002.48881,180.0,9.0,132.2,0F


[9440375]	$DSM0E,153030,+50.81408,+002.49990,262.0,42.0,112.5,0F


[9440860]	$DSM00,153031,+50.82228,+002.46098,3204.0,71.0,210.9,0F


[9440938]	$DSM01,153031,+50.80003,+002.48531,164.0,0.0,0.0,0F


[9441032]	$DSM04,153031,+50.81390,+002.50048,256.0,42.0,113.9,0F


[9441297]	$DSM0C,153031,+50.79824,+002.48890,180.0,8.0,128.0,0F


[9441391]	$DSM0E,153031,+50.81392,+002.50046,262.0,43.0,113.9,0F


[9441860]	$DSM00,153032,+50.82172,+002.46047,3204.0,71.0,209.5,0F


[9441922]	$DSM01,153032,+50.80003,+002.48531,164.0,0.0,0.0,0F


[9442047]	$DSM04,153032,+50.81374,+002.50104,256.0,43.0,116.7,0F


[9442313]	$DSM0C,153032,+50.79820,+002.48900,178.0,8.0,129.4,0F


[9442375]	$DSM0E,153032,+50.81374,+002.50102,260.0,43.0,116.7,0F


[9442860]	$DSM00,153033,+50.82116,+002.45997,3204.0,71.0,208.1,0F


[9442938]	$DSM01,153033,+50.80003,+002.48531,164.0,0.0,0.0,0F


[9443032]	$DSM04,153033,+50.81356,+002.50158,254.0,43.0,118.1,0F


[9443313]	$DSM0C,153033,+50.79816,+002.48909,178.0,7.0,132.2,0F


[9443375]	$DSM0E,153033,+50.81356,+002.50156,260.0,43.0,116.7,0F


[9443860]	$DSM00,153034,+50.82060,+002.45950,3204.0,71.0,206.7,0F


[9443922]	$DSM01,153034,+50.80003,+002.48531,164.0,0.0,0.0,0F


[9444032]	$DSM04,153034,+50.81336,+002.50211,254.0,43.0,118.1,0F


[9444313]	$DSM0C,153034,+50.79811,+002.48918,178.0,7.0,132.2,0F


[9444391]	$DSM0E,153034,+50.81338,+002.50211,260.0,43.0,118.1,0F


[9444875]	$DSM00,153035,+50.82002,+002.45903,3204.0,71.0,206.7,0F


[9444938]	$DSM01,153035,+50.80003,+002.48531,164.0,0.0,0.0,0F


[9445032]	$DSM04,153035,+50.81317,+002.50267,252.0,44.0,119.5,0F


[9445313]	$DSM0C,153035,+50.79808,+002.48926,178.0,7.0,126.6,0F


[9445375]	$DSM0E,153035,+50.81318,+002.50265,258.0,44.0,119.5,0F


[9445860]	$DSM00,153036,+50.81944,+002.45860,3202.0,71.0,205.3,0F


[9445922]	$DSM01,153036,+50.80003,+002.48531,164.0,0.0,0.0,0F


[9446032]	$DSM04,153036,+50.81297,+002.50321,250.0,44.0,120.9,0F


[9446313]	$DSM0C,153036,+50.79806,+002.48935,178.0,6.0,126.6,0F


[9446391]	$DSM0E,153036,+50.81298,+002.50319,256.0,45.0,120.9,0F


[9446860]	$DSM00,153037,+50.81885,+002.45817,3202.0,72.0,203.9,0F


[9446938]	$DSM01,153037,+50.80003,+002.48531,164.0,0.0,0.0,0F


[9447032]	$DSM04,153037,+50.81274,+002.50375,250.0,45.0,122.3,0F


[9447313]	$DSM0C,153037,+50.79804,+002.48941,176.0,5.0,126.6,0F


[9447375]	$DSM0E,153037,+50.81276,+002.50375,254.0,46.0,123.7,0F


[9447860]	$DSM00,153038,+50.81826,+002.45778,3202.0,72.0,202.5,0F


[9447922]	$DSM01,153038,+50.80004,+002.48531,164.0,0.0,0.0,0F


[9448032]	$DSM04,153038,+50.81251,+002.50428,246.0,47.0,126.6,0F


[9448313]	$DSM0C,153038,+50.79804,+002.48948,174.0,5.0,126.6,0F


[9448391]	$DSM0E,153038,+50.81252,+002.50428,250.0,47.0,126.6,0F


[9448860]	$DSM00,153039,+50.81766,+002.45740,3202.0,72.0,201.1,0F


[9448922]	$DSM01,153039,+50.80004,+002.48531,164.0,0.0,0.0,0F


[9449032]	$DSM04,153039,+50.81224,+002.50482,244.0,48.0,130.8,0F


[9449313]	$DSM0C,153039,+50.79802,+002.48954,172.0,5.0,119.5,0F


[9449375]	$DSM0E,153039,+50.81225,+002.50480,246.0,48.0,130.8,0F


[9449860]	$DSM00,153040,+50.81704,+002.45703,3202.0,72.0,199.7,0F


[9449922]	$DSM01,153040,+50.80004,+002.48531,164.0,0.0,0.0,0F


[9450032]	$DSM01,153041,-61.68807,+002.50533,242.0,50.0,133.6,0B


[9450297]	$DSM0C,153040,+50.79802,+002.48963,170.0,6.0,105.5,0F


[9450860]	$DSM00,153041,+50.81644,+002.45669,3202.0,72.0,198.3,0F


[9450922]	$DSM01,153041,+50.80004,+002.48531,164.0,0.0,0.0,0F


[9451032]	$DSM04,153041,+50.81160,+002.50585,240.0,52.0,136.4,0F


[9451313]	$DSM0C,153041,+50.79804,+002.48971,170.0,8.0,92.8,0F


[9451375]	$DSM0E,153041,+50.81162,+002.50583,244.0,52.0,136.4,0F


[9451860]	$DSM00,153042,+50.81581,+002.45637,3200.0,72.0,196.9,0F


[9451938]	$DSM01,153042,+50.80004,+002.48531,164.0,0.0,0.0,0F


[9452032]	$DSM04,153042,+50.81125,+002.50634,240.0,53.0,137.8,0F


[9452297]	$DSM0C,153042,+50.79806,+002.48984,170.0,7.0,88.6,0F


[9452375]	$DSM0E,153042,+50.81126,+002.50632,242.0,53.0,137.8,0F


[9452860]	$DSM00,153043,+50.81519,+002.45609,3200.0,72.0,196.9,0F


[9452922]	$DSM01,153043,+50.80004,+002.48531,164.0,0.0,0.0,0F


[9453329]	$DSM0C,153043,+50.79810,+002.48995,170.0,8.0,70.3,0F


[9453391]	$DSM0E,153043,+50.81088,+002.50684,242.0,54.0,140.6,0F


[9453875]	$DSM00,153044,+50.81456,+002.45581,3200.0,72.0,195.5,0F


[9453954]	$DSM01,153044,+50.80004,+002.48531,164.0,0.0,0.0,0F


[9454329]	$DSM0C,153044,+50.79814,+002.49003,170.0,7.0,66.1,0F


[9454391]	$DSM0E,153044,+50.81050,+002.50731,242.0,55.0,142.0,0F


[9454875]	$DSM00,153045,+50.81393,+002.45555,3200.0,72.0,194.1,0F


[9454938]	$DSM01,153045,+50.80004,+002.48531,164.0,0.0,0.0,0F


[9455047]	$DSM04,153045,+50.81008,+002.50778,240.0,55.0,143.4,0F


[9455329]	$DSM0C,153045,+50.79819,+002.49012,170.0,7.0,60.5,0F


[9455407]	$DSM0E,153045,+50.81011,+002.50778,244.0,55.0,143.4,0F


[9455875]	$DSM00,153046,+50.81329,+002.45532,3202.0,72.0,192.7,0F


[9455954]	$DSM01,153046,+50.80004,+002.48531,164.0,0.0,0.0,0F


[9456047]	$DSM04,153046,+50.63389,+002.50823,242.0,55.0,146.2,0B


[9456329]	$DSM0C,153046,+50.79822,+002.49021,170.0,8.0,61.9,0F


[9456391]	$DSM0E,153046,+50.80970,+002.50823,246.0,55.0,146.2,0F


[9456875]	$DSM00,153047,+50.81266,+002.45512,3202.0,72.0,191.2,0F


[9456938]	$DSM01,153047,+50.80004,+002.48531,164.0,0.0,0.0,0F


[9457047]	$DSM04,153047,+50.80924,+002.50866,246.0,55.0,147.7,0F


[9457329]	$DSM0C,153047,+50.79827,+002.49031,170.0,9.0,60.5,0F


[9457407]	$DSM0E,153047,+50.80927,+002.50866,248.0,56.0,147.7,0F


[9457875]	$DSM00,153048,+50.81203,+002.45493,3202.0,72.0,189.8,0F


[9457938]	$DSM01,153048,+50.80004,+002.48531,164.0,0.0,0.0,0F


[9458047]	$DSM04,153048,+50.80880,+002.50907,248.0,56.0,149.1,0F


[9458329]	$DSM0C,153048,+50.79832,+002.49044,168.0,9.0,60.5,0F


[9458391]	$DSM0E,153048,+50.80884,+002.50907,252.0,56.0,149.1,0F


[9458875]	$DSM00,153049,+50.81137,+002.45478,3202.0,72.0,188.4,0F


[9458938]	$DSM01,153049,+50.80004,+002.48531,164.0,0.0,0.0,0F


[9459047]	$DSM04,153049,+50.80838,+002.50947,252.0,56.0,150.5,0F


[9459313]	$DSM0C,153049,+50.79836,+002.49055,168.0,9.0,56.2,0F


[9459407]	$DSM0E,153049,+50.80840,+002.50947,256.0,56.0,150.5,0F


[9459875]	$DSM00,153050,+50.81072,+002.45463,3202.0,72.0,187.0,0F


[9459938]	$DSM01,153050,+50.80004,+002.48531,164.0,0.0,0.0,0F


[9460047]	$DSM04,153050,+50.80794,+002.50986,254.0,56.0,150.5,0F


[9460329]	$DSM0C,153050,+50.79841,+002.49066,166.0,9.0,49.2,0F


[9460391]	$DSM0E,153050,+50.80796,+002.50986,258.0,56.0,150.5,0F


[9460875]	$DSM00,153051,+50.81008,+002.45452,3204.0,72.0,185.6,0F


[9460938]	$DSM01,153051,+50.80004,+002.48531,164.0,0.0,0.0,0F


[9461047]	$DSM04,153051,+50.80748,+002.51025,258.0,56.0,151.9,0F


[9461313]	$DSM0C,153051,+50.79848,+002.49074,166.0,8.0,35.2,0F


[9461391]	$DSM0E,153051,+50.80751,+002.51025,262.0,56.0,151.9,0F


[9461875]	$DSM00,153052,+50.80943,+002.45444,3204.0,72.0,184.2,0F


[9461938]	$DSM01,153052,+50.80004,+002.48531,164.0,0.0,0.0,0F


[9462032]	$DSM04,153052,+50.80704,+002.51061,260.0,56.0,151.9,0F


[9462329]	$DSM0C,153052,+50.79854,+002.49079,164.0,8.0,23.9,0F


[9462391]	$DSM0E,153052,+50.80706,+002.51061,264.0,56.0,153.3,0F


[9462875]	$DSM00,153053,+50.80879,+002.45437,3206.0,72.0,182.8,0F


[9462938]	$DSM01,153053,+50.80004,+002.48531,164.0,0.0,0.0,0F


[9463047]	$DSM04,153053,+50.80659,+002.51098,262.0,57.0,153.3,0F


[9463313]	$DSM0C,153053,+50.79860,+002.49083,164.0,8.0,19.7,0F


[9463391]	$DSM0E,153053,+50.80660,+002.51098,266.0,57.0,153.3,0F


[9463875]	$DSM00,153054,+50.80813,+002.45435,3206.0,72.0,181.4,0F


[9463938]	$DSM01,153054,+50.80004,+002.48531,164.0,0.0,0.0,0F


[9464032]	$DSM04,153054,+50.80612,+002.51134,264.0,57.0,153.3,0F


[9464329]	$DSM0C,153054,+50.79867,+002.49087,162.0,9.0,16.9,0F


[9464391]	$DSM0E,153054,+50.80613,+002.51134,268.0,57.0,153.3,0F


[9464860]	$DSM00,153055,+50.80748,+002.45435,3206.0,72.0,178.6,0F


[9464954]	$DSM01,153055,+50.80004,+002.48531,164.0,0.0,0.0,0F


[9465047]	$DSM04,153055,+50.80566,+002.51168,266.0,57.0,153.3,0F


[9465329]	$DSM0C,153055,+50.79874,+002.49091,162.0,9.0,15.5,0F


[9465391]	$DSM0E,153055,+50.80566,+002.51171,270.0,58.0,153.3,0F


[9465875]	$DSM00,153056,+50.80682,+002.45439,3206.0,72.0,177.2,0F


[9465938]	$DSM01,153056,+50.80004,+002.48531,164.0,0.0,0.0,0F


[9466047]	$DSM04,153056,+50.80519,+002.51207,268.0,58.0,153.3,0F


[9466329]	$DSM0C,153056,+50.79882,+002.49096,162.0,9.0,14.1,0F


[9466391]	$DSM0E,153056,+50.80520,+002.51207,270.0,58.0,153.3,0F


[9466860]	$DSM00,153057,+50.80616,+002.45446,3206.0,72.0,174.4,0F


[9466938]	$DSM01,153057,+50.80004,+002.48531,164.0,0.0,0.0,0F


[9467047]	$DSM04,153057,+50.80471,+002.51244,268.0,59.0,153.3,0F


[9467329]	$DSM0C,153057,+50.79890,+002.49098,160.0,9.0,14.1,0F


[9467391]	$DSM0E,153057,+50.80473,+002.51244,272.0,59.0,153.3,0F


[9467875]	$DSM00,153058,+50.80552,+002.45456,3206.0,73.0,173.0,0F


[9467938]	$DSM01,153058,+50.80004,+002.48531,164.0,0.0,0.0,0F


[9468047]	$DSM04,153058,+50.80424,+002.51282,268.0,59.0,153.3,0F


[9468313]	$DSM0C,153058,+50.79898,+002.49102,160.0,9.0,16.9,0F


[9468407]	$DSM0E,153058,+50.80424,+002.51282,272.0,60.0,153.3,0F


[9468875]	$DSM00,153059,+50.80487,+002.45471,3206.0,73.0,170.2,0F


[9468938]	$DSM01,153059,+50.80004,+002.48531,164.0,0.0,0.0,0F


[9469032]	$DSM04,153059,+50.80374,+002.51321,266.0,60.0,153.3,0F


[9469329]	$DSM0C,153059,+50.79907,+002.49106,160.0,9.0,26.7,0F


[9469391]	$DSM0E,153059,+50.80376,+002.51321,270.0,60.0,153.3,0F


[9469875]	$DSM00,153100,+50.80423,+002.45493,3206.0,73.0,168.7,0F


[9469938]	$DSM01,153100,+50.80004,+002.48531,164.0,0.0,0.0,0F


[9470047]	$DSM04,153100,+50.80325,+002.51357,266.0,61.0,154.7,0F


[9470313]	$DSM0C,153100,+50.79912,+002.49113,158.0,8.0,38.0,0F


[9470391]	$DSM0E,153100,+50.80326,+002.51357,270.0,61.0,154.7,0F


[9470875]	$DSM00,153101,+50.80358,+002.45517,3204.0,73.0,165.9,0F


[9470938]	$DSM01,153101,+50.80004,+002.48531,164.0,0.0,0.0,0F


[9471032]	$DSM04,153101,+50.80275,+002.51394,264.0,62.0,154.7,0F


[9471329]	$DSM0C,153101,+50.79917,+002.49119,158.0,7.0,43.6,0F


[9471391]	$DSM0E,153101,+50.80276,+002.51394,268.0,62.0,154.7,0F


[9471875]	$DSM00,153102,+50.80295,+002.45542,3202.0,73.0,163.1,0F


[9471938]	$DSM01,153102,+50.80004,+002.48531,164.0,0.0,0.0,0F


[9472047]	$DSM04,153102,+50.80223,+002.51430,264.0,62.0,156.1,0F


[9472313]	$DSM0C,153102,+50.79921,+002.49128,156.0,6.0,68.9,0F


[9472391]	$DSM0E,153102,+50.80224,+002.51430,268.0,63.0,156.1,0F


[9472875]	$DSM00,153103,+50.80232,+002.45574,3202.0,73.0,161.7,0F


[9472938]	$DSM01,153103,+50.80004,+002.48531,164.0,0.0,0.0,0F


[9473032]	$DSM04,153103,+50.80172,+002.51465,262.0,63.0,157.5,0F


[9473329]	$DSM0C,153103,+50.79923,+002.49134,154.0,6.0,75.9,0F


[9473391]	$DSM0E,153103,+50.80172,+002.51465,266.0,63.0,157.5,0F


[9473860]	$DSM00,153104,+50.80169,+002.45611,3202.0,74.0,158.9,0F


[9473938]	$DSM01,153104,+50.80004,+002.48531,164.0,0.0,0.0,0F


[9474047]	$DSM04,153104,+50.80119,+002.51499,260.0,64.0,157.5,0F


[9474313]	$DSM0C,153104,+50.79924,+002.49143,152.0,6.0,87.2,0F


[9474391]	$DSM0E,153104,+50.80119,+002.51501,264.0,64.0,157.5,0F


[9474875]	$DSM00,153105,+50.80107,+002.45650,3200.0,74.0,157.5,0F


[9474938]	$DSM01,153105,+50.80004,+002.48531,164.0,0.0,0.0,0F


[9475032]	$DSM04,153105,+50.80065,+002.51533,258.0,64.0,157.5,0F


[9475313]	$DSM0C,153105,+50.79924,+002.49151,152.0,6.0,108.3,0F


[9475391]	$DSM0E,153105,+50.80065,+002.51533,264.0,64.0,158.9,0F


[9475860]	$DSM00,153106,+50.80046,+002.45692,3200.0,74.0,154.7,0F


[9475938]	$DSM01,153106,+50.80004,+002.48531,164.0,0.0,0.0,0F


[9476047]	$DSM04,153106,+50.80011,+002.51565,256.0,65.0,158.9,0F


[9476329]	$DSM0C,153106,+50.79921,+002.49160,150.0,7.0,122.3,0F


[9476391]	$DSM0E,153106,+50.80011,+002.51568,262.0,65.0,158.9,0F


[9476875]	$DSM00,153107,+50.79987,+002.45740,3200.0,74.0,153.3,0F


[9476938]	$DSM01,153107,+50.80004,+002.48531,164.0,0.0,0.0,0F


[9477047]	$DSM04,153107,+50.79956,+002.51600,256.0,65.0,158.9,0F


[9477313]	$DSM0C,153107,+50.79916,+002.49169,150.0,8.0,135.0,0F


[9477375]	$DSM0E,153107,+50.79956,+002.51600,262.0,65.0,158.9,0F


[9477860]	$DSM00,153108,+50.79929,+002.45789,3200.0,74.0,150.5,0F


[9477938]	$DSM01,153108,+50.80004,+002.48531,164.0,0.0,0.0,0F


[9478032]	$DSM04,153108,+50.79900,+002.51632,256.0,66.0,158.9,0F


[9478329]	$DSM0C,153108,+50.79911,+002.49177,148.0,10.0,142.0,0F


[9478391]	$DSM0E,153108,+50.79901,+002.51632,262.0,65.0,158.9,0F


[9478875]	$DSM00,153109,+50.79872,+002.45843,3202.0,74.0,147.7,0F


[9478938]	$DSM01,153109,+50.80004,+002.48531,164.0,0.0,0.0,0F


[9479047]	$DSM04,153109,+50.79845,+002.51668,256.0,66.0,156.1,0F


[9479313]	$DSM0C,153109,+50.79902,+002.49188,148.0,12.0,144.8,0F


[9479391]	$DSM0E,153109,+50.79845,+002.51668,262.0,65.0,156.1,0F


[9479875]	$DSM00,153110,+50.79816,+002.45901,3202.0,74.0,144.8,0F


[9479938]	$DSM01,153110,+50.80004,+002.48531,164.0,0.0,0.0,0F


[9480032]	$DSM04,153110,+50.79792,+002.51707,256.0,66.0,154.7,0F


[9480329]	$DSM0C,153110,+50.79892,+002.49199,146.0,14.0,143.4,0F


[9480391]	$DSM0E,153110,+50.79792,+002.51707,262.0,65.0,154.7,0F


[9480875]	$DSM00,153111,+50.79762,+002.45963,3202.0,74.0,143.4,0F


[9480938]	$DSM01,153111,+50.80004,+002.48531,164.0,0.0,0.0,0F


[9481047]	$DSM04,153111,+50.79739,+002.51748,256.0,65.0,153.3,0F


[9481313]	$DSM0C,153111,+50.79882,+002.49212,146.0,14.0,142.0,0F


[9481391]	$DSM0E,153111,+50.79739,+002.51748,264.0,66.0,153.3,0F


[9481875]	$DSM00,153112,+50.79710,+002.46027,3204.0,74.0,140.6,0F


[9481938]	$DSM01,153112,+50.80004,+002.48531,164.0,0.0,0.0,0F


[9482032]	$DSM04,153112,+50.79687,+002.51791,256.0,65.0,153.3,0F


[9482329]	$DSM0C,153112,+50.79872,+002.49222,144.0,14.0,142.0,0F


[9482391]	$DSM0E,153112,+50.79687,+002.51791,264.0,65.0,153.3,0F


[9482860]	$DSM00,153113,+50.79659,+002.46096,3204.0,74.0,139.2,0F


[9482922]	$DSM01,153113,+50.80004,+002.48531,164.0,0.0,0.0,0F


[9483047]	$DSM04,153113,+50.79635,+002.51834,258.0,65.0,151.9,0F


[9483313]	$DSM0C,153113,+50.79861,+002.49235,144.0,14.0,142.0,0F


[9483391]	$DSM0E,153113,+50.79634,+002.51834,266.0,65.0,151.9,0F


[9483875]	$DSM00,153114,+50.79610,+002.46167,3206.0,74.0,136.4,0F


[9483938]	$DSM01,153114,+50.80004,+002.48531,164.0,0.0,0.0,0F


[9484032]	$DSM04,153114,+50.79583,+002.51877,258.0,65.0,151.9,0F


[9484313]	$DSM0C,153114,+50.79852,+002.49248,142.0,14.0,140.6,0F


[9484391]	$DSM0E,153114,+50.79583,+002.51877,266.0,65.0,151.9,0F


[9484860]	$DSM00,153115,+50.79563,+002.46240,3208.0,73.0,135.0,0F


[9484922]	$DSM01,153115,+50.80004,+002.48531,164.0,0.0,0.0,0F


[9485047]	$DSM04,153115,+50.79531,+002.51920,258.0,65.0,151.9,0F


[9485313]	$DSM0C,153115,+50.79843,+002.49261,142.0,13.0,140.6,0F


[9485391]	$DSM0E,153115,+50.79530,+002.51920,266.0,65.0,151.9,0F


[9485875]	$DSM00,153116,+50.79518,+002.46317,3208.0,73.0,132.2,0F


[9485938]	$DSM01,153116,+50.80004,+002.48531,164.0,0.0,0.0,0F


[9486032]	$DSM04,153116,+50.79478,+002.51962,260.0,65.0,153.3,0F


[9486313]	$DSM0C,153116,+50.79833,+002.49272,142.0,13.0,142.0,0F


[9486375]	$DSM0E,153116,+50.79478,+002.51962,266.0,65.0,153.3,0F


[9486860]	$DSM00,153117,+50.79473,+002.46394,3210.0,73.0,130.8,0F


[9486938]	$DSM01,153117,+50.80004,+002.48531,164.0,0.0,0.0,0F


[9487032]	$DSM04,153117,+50.79426,+002.52003,260.0,65.0,153.3,0F


[9487329]	$DSM0C,153117,+50.79825,+002.49282,142.0,11.0,143.4,0F


[9487391]	$DSM0E,153117,+50.79426,+002.52003,268.0,65.0,153.3,0F


[9487860]	$DSM00,153118,+50.79431,+002.46476,3212.0,73.0,128.0,0F


[9487938]	$DSM01,153118,+50.80004,+002.48531,164.0,0.0,0.0,0F


[9488047]	$DSM04,153118,+50.79373,+002.52044,260.0,65.0,153.3,0F


[9488313]	$DSM0C,153118,+50.79817,+002.49293,140.0,10.0,143.4,0F


[9488375]	$DSM0E,153118,+50.79372,+002.52044,268.0,66.0,153.3,0F


[9488860]	$DSM00,153119,+50.79392,+002.46557,3214.0,73.0,126.6,0F


[9488938]	$DSM01,153119,+50.80004,+002.48531,164.0,0.0,0.0,0F


[9489032]	$DSM04,153119,+50.79320,+002.52087,262.0,65.0,153.3,0F


[9489313]	$DSM0C,153119,+50.79810,+002.49300,140.0,9.0,156.1,0F


[9489391]	$DSM0E,153119,+50.79320,+002.52087,268.0,66.0,153.3,0F


[9489860]	$DSM00,153120,+50.79353,+002.46643,3216.0,73.0,125.2,0F


[9489922]	$DSM01,153120,+50.80004,+002.48531,164.0,0.0,0.0,0F


[9490047]	$DSM04,153120,+50.79268,+002.52128,262.0,66.0,153.3,0F


[9490313]	$DSM0C,153120,+50.79801,+002.49302,140.0,9.0,180.0,0F


[9490391]	$DSM0E,153120,+50.79267,+002.52128,268.0,66.0,153.3,0F


[9490875]	$DSM00,153121,+50.79316,+002.46729,3220.0,72.0,123.7,0F


[9490938]	$DSM01,153121,+50.80004,+002.48531,164.0,0.0,0.0,0F


[9491032]	$DSM04,153121,+50.79215,+002.52171,262.0,66.0,153.3,0F


[9491313]	$DSM0C,153121,+50.79792,+002.49300,140.0,11.0,199.7,0F


[9491391]	$DSM0E,153121,+50.79215,+002.52171,268.0,65.0,153.3,0F


[9491860]	$DSM00,153122,+50.79281,+002.46815,3222.0,72.0,120.9,0F


[9491922]	$DSM01,153122,+50.80004,+002.48531,164.0,0.0,0.0,0F


[9492032]	$DSM04,153122,+50.79161,+002.52211,264.0,65.0,154.7,0F


[9492313]	$DSM0C,153122,+50.79783,+002.49291,138.0,13.0,212.3,0F


[9492391]	$DSM0E,153122,+50.79161,+002.52211,270.0,65.0,154.7,0F


[9492875]	$DSM00,153123,+50.79248,+002.46905,3226.0,72.0,119.5,0F


[9492938]	$DSM01,153123,+50.80004,+002.48531,164.0,0.0,0.0,0F


[9493032]	$DSM04,153123,+50.79108,+002.52250,264.0,65.0,154.7,0F


[9493313]	$DSM0C,153123,+50.79772,+002.49280,138.0,14.0,216.6,0F


[9493375]	$DSM0E,153123,+50.79107,+002.52250,270.0,65.0,154.7,0F


[9493860]	$DSM00,153124,+50.79218,+002.46995,3228.0,72.0,118.1,0F


[9493922]	$DSM01,153124,+50.80004,+002.48531,164.0,0.0,0.0,0F


[9494032]	$DSM04,153124,+50.79056,+002.52291,264.0,65.0,154.7,0F


[9494313]	$DSM0C,153124,+50.79762,+002.49267,138.0,15.0,219.4,0F


[9494391]	$DSM0E,153124,+50.79055,+002.52289,270.0,65.0,154.7,0F


[9494875]	$DSM00,153125,+50.79188,+002.47085,3232.0,72.0,116.7,0F


[9494938]	$DSM01,153125,+50.80004,+002.48531,164.0,0.0,0.0,0F


[9495032]	$DSM04,153125,+50.79003,+002.52329,264.0,64.0,153.3,0F


[9495313]	$DSM0C,153125,+50.79750,+002.49254,136.0,15.0,219.4,0F


[9495375]	$DSM0E,153125,+50.79002,+002.52329,272.0,65.0,153.3,0F


[9495860]	$DSM00,153126,+50.79160,+002.47177,3234.0,72.0,115.3,0F


[9495922]	$DSM01,153126,+50.80004,+002.48531,164.0,0.0,0.0,0F


[9496313]	$DSM0C,153126,+50.79740,+002.49242,134.0,14.0,215.2,0F


[9496391]	$DSM0E,153126,+50.78949,+002.52370,272.0,65.0,153.3,0F


[9496860]	$DSM00,153127,+50.79134,+002.47272,3234.0,72.0,112.5,0F


[9496922]	$DSM01,153127,+50.80004,+002.48531,164.0,0.0,0.0,0F


[9497032]	$DSM04,153127,+50.78900,+002.52413,266.0,64.0,151.9,0B


[9497313]	$DSM0C,153127,+50.79729,+002.49231,134.0,14.0,205.3,0F


[9497375]	$DSM0E,153127,+50.78898,+002.52413,274.0,64.0,151.9,0F


[9497860]	$DSM00,153128,+50.79109,+002.47366,3234.0,72.0,111.1,0F


[9497938]	$DSM01,153128,+50.80004,+002.48531,164.0,0.0,0.0,0F


[9498032]	$DSM04,153128,+50.78848,+002.52454,268.0,64.0,151.9,0F


[9498313]	$DSM0C,153128,+50.79718,+002.49227,132.0,13.0,195.5,0F


[9498391]	$DSM0E,153128,+50.78848,+002.52456,276.0,64.0,151.9,0F


[9498860]	$DSM00,153129,+50.79088,+002.47463,3234.0,72.0,109.7,0F


[9498922]	$DSM01,153129,+50.80004,+002.48531,164.0,0.0,0.0,0F


[9499313]	$DSM0C,153129,+50.79706,+002.49222,132.0,13.0,191.2,0F


[9499375]	$DSM0E,153129,+50.78797,+002.52499,278.0,63.0,150.5,0F


[9499860]	$DSM00,153130,+50.79066,+002.47559,3236.0,72.0,108.3,0F


[9499938]	$DSM01,153130,+50.80004,+002.48531,164.0,0.0,0.0,0F


[9500032]	$DSM04,153130,+50.78749,+002.52542,274.0,64.0,151.9,0F


[9500313]	$DSM0C,153130,+50.79694,+002.49218,130.0,12.0,188.4,0F


[9500375]	$DSM0E,153130,+50.78747,+002.52542,280.0,63.0,151.9,0F


[9500860]	$DSM00,153131,+50.79048,+002.47656,3236.0,72.0,105.5,0F


[9500922]	$DSM01,153131,+50.80004,+002.48531,164.0,0.0,0.0,0F


[9501032]	$DSM04,153131,+50.78698,+002.52585,278.0,63.0,151.9,0F


[9501313]	$DSM0C,153131,+50.79684,+002.49216,130.0,11.0,201.1,0F


[9501391]	$DSM0E,153131,+50.78696,+002.52583,284.0,63.0,151.9,0F


[9501875]	$DSM00,153132,+50.79032,+002.47757,3238.0,72.0,104.1,0F


[9501938]	$DSM01,153132,+50.80004,+002.48531,164.0,0.0,0.0,0F


[9502032]	$DSM04,153132,+50.78647,+002.52625,278.0,63.0,151.9,0F


[9502313]	$DSM0C,153132,+50.79675,+002.49207,132.0,11.0,216.6,0F


[9502375]	$DSM0E,153132,+50.78647,+002.52625,286.0,64.0,151.9,0F


[9502860]	$DSM00,153133,+50.79017,+002.47855,3238.0,72.0,101.2,0F


[9502922]	$DSM01,153133,+50.80004,+002.48531,164.0,0.0,0.0,0F


[9503032]	$DSM04,153133,+50.78596,+002.52668,280.0,64.0,153.3,0F


[9503313]	$DSM0C,153133,+50.79666,+002.49197,130.0,12.0,220.8,0F


[9503391]	$DSM0E,153133,-00.01482,+002.52666,286.0,64.0,151.9,0B


[9503860]	$DSM00,153134,+50.79005,+002.47956,3240.0,72.0,99.8,0F


[9503938]	$DSM01,153134,+50.80004,+002.48531,164.0,0.0,0.0,0F


[9504032]	$DSM04,153134,+50.78546,+002.52709,280.0,64.0,151.9,0F


[9504313]	$DSM0C,153134,+50.79657,+002.49184,130.0,14.0,227.8,0F


[9504375]	$DSM0E,153134,+50.78545,+002.52709,286.0,64.0,151.9,0F


[9504860]	$DSM00,153135,+50.78996,+002.48057,3240.0,72.0,97.0,0F


[9504922]	$DSM01,153135,+50.80004,+002.48531,164.0,0.0,0.0,0F


[9505032]	$DSM04,153135,+50.78493,+002.52752,278.0,65.0,153.3,0F


[9505313]	$DSM0C,153135,+50.79650,+002.49169,130.0,13.0,226.4,0F


[9505391]	$DSM0E,153135,+50.78493,+002.52752,286.0,65.0,153.3,0F


[9505860]	$DSM00,153136,+50.78988,+002.48160,3240.0,72.0,95.6,0F


[9505922]	$DSM01,153136,+50.80004,+002.48531,164.0,0.0,0.0,0F


[9506032]	$DSM04,153136,+50.78441,+002.52793,276.0,65.0,153.3,0F


[9506313]	$DSM0C,153136,+50.79641,+002.49158,128.0,11.0,220.8,0F


[9506860]	$DSM00,153137,+50.78984,+002.48263,3240.0,72.0,92.8,0F


[9506922]	$DSM01,153137,+50.80004,+002.48531,164.0,0.0,0.0,0F


[9507032]	$DSM04,153137,+50.78148,-000.01775,16658.0,66.0,154.7,0B


[9507297]	$DSM0C,153137,+50.79634,+002.49149,128.0,8.0,212.3,0F


[9507860]	$DSM00,153138,+50.78982,+002.48366,3240.0,72.0,91.4,0F


[9507922]	$DSM01,153138,+50.80004,+002.48531,164.0,0.0,0.0,0F


[9508032]	$DSM04,153138,+50.78335,+002.52874,272.0,66.0,154.7,0F


[9508313]	$DSM0C,153138,+50.79628,+002.49145,126.0,7.0,202.5,0F


[9508375]	$DSM0E,153138,+50.78335,+002.52874,280.0,66.0,154.7,0F


[9508860]	$DSM00,153139,+50.78982,+002.48469,3238.0,73.0,90.0,0F


[9508922]	$DSM01,153139,+50.80004,+002.48531,164.0,0.0,0.0,0F


[9509032]	$DSM04,153139,+50.78280,+002.52915,268.0,67.0,154.7,0F


[9509297]	$DSM0C,153139,+50.79621,+002.49143,126.0,6.0,185.6,0F


[9509391]	$DSM0E,153139,+50.78279,+002.52915,276.0,67.0,154.7,0F


[9509875]	$DSM00,153140,+50.78983,+002.48572,3238.0,73.0,87.2,0F


[9509938]	$DSM01,153140,+50.80004,+002.48531,164.0,0.0,0.0,0F


[9510047]	$DSM04,153141,+50.78225,+002.52956,264.0,68.0,154.7,0B


[9510329]	$DSM0C,153140,+50.79616,+002.49143,124.0,6.0,168.7,0F


[9510391]	$DSM0E,153140,+50.78224,+002.52956,272.0,68.0,154.7,0F


[9510875]	$DSM00,153141,+50.78987,+002.48675,3236.0,73.0,85.8,0F


[9510954]	$DSM01,153141,+50.80004,+002.48531,164.0,0.0,0.0,0F


[9511047]	$DSM04,153141,+50.78169,+002.53005,16644.0,68.0,156.1,0B


[9511329]	$DSM0C,153141,+50.79610,+002.49147,124.0,8.0,147.7,0F


[9511391]	$DSM0E,153141,+50.78168,+002.52997,268.0,68.0,156.1,0F


[9511875]	$DSM00,153142,+50.78993,+002.48780,3234.0,73.0,84.4,0F


[9511938]	$DSM01,153142,+50.80004,+002.48531,164.0,0.0,0.0,0F


[9512047]	$DSM04,153142,+50.78114,+002.53035,256.0,68.0,156.1,0F


[9512329]	$DSM0C,153142,+50.79604,+002.49156,122.0,9.0,130.8,0F


[9512407]	$DSM0E,153142,+50.78112,+002.53035,264.0,68.0,156.1,0F


[9512860]	$DSM00,153143,+50.79002,+002.48883,3232.0,74.0,81.6,0F


[9512954]	$DSM01,153143,+50.80004,+002.48531,164.0,0.0,0.0,0F


[9513047]	$DSM04,153143,+50.78058,+002.53076,252.0,69.0,156.1,0F


[9513329]	$DSM0C,153143,+50.79600,+002.49166,122.0,11.0,119.5,0F


[9513391]	$DSM0E,153143,+50.78056,+002.53076,260.0,69.0,156.1,0F


[9513875]	$DSM00,153144,+50.79012,+002.48988,3230.0,74.0,80.2,0F


[9513938]	$DSM01,153144,+50.80004,+002.48531,164.0,0.0,0.0,0F


[9514047]	$DSM04,153144,+50.78001,+002.53117,250.0,69.0,154.7,0F


[9514329]	$DSM0C,153144,+50.79596,+002.49182,120.0,11.0,106.9,0F


[9514407]	$DSM0E,153144,+51.08762,+002.53117,256.0,69.0,143.4,4B


[9514875]	$DSM00,153145,+50.79026,+002.49091,3228.0,75.0,78.7,0F


[9514938]	$DSM01,153145,+50.80004,+002.48531,164.0,0.0,0.0,0F


[9515047]	$DSM04,153145,+50.77945,+002.53160,246.0,68.0,154.7,0F


[9515329]	$DSM0C,153145,+50.79594,+002.49197,118.0,12.0,91.4,0F


[9515391]	$DSM0E,153145,+50.77944,+002.53158,252.0,69.0,154.7,0F


[9515875]	$DSM00,153146,+50.79040,+002.49197,3226.0,75.0,75.9,0F


[9515938]	$DSM01,153146,+50.80004,+002.48531,164.0,0.0,0.0,0F


[9516047]	$DSM04,153146,+50.77891,+002.61992,242.0,69.0,153.3,0B


[9516313]	$DSM0C,153146,+50.79596,+002.49214,118.0,12.0,75.9,0F


[9516407]	$DSM0E,153146,+50.77888,+002.53201,250.0,69.0,153.3,0F


[9516875]	$DSM00,153147,+50.79058,+002.49300,3224.0,75.0,74.5,0F


[9516938]	$DSM01,153147,+50.80004,+002.48531,164.0,0.0,0.0,0F


[9517047]	$DSM04,153147,+50.77836,+002.53246,240.0,68.0,153.3,0B


[9517329]	$DSM0C,153147,+50.79600,+002.49231,116.0,13.0,68.9,0F


[9517391]	$DSM0E,153147,+50.77832,+002.53246,758.0,69.0,153.3,0B


[9517860]	$DSM00,153148,+50.79077,+002.49403,3222.0,76.0,73.1,0F


[9517922]	$DSM01,153148,+50.80004,+002.48531,164.0,0.0,0.0,0F


[9518047]	$DSM04,153148,+50.77780,+002.53291,238.0,69.0,151.9,0F


[9518313]	$DSM0C,153148,+50.79604,+002.49246,114.0,11.0,67.5,0F


[9518391]	$DSM0E,153148,+50.77776,+002.53291,246.0,69.0,151.9,0F


[9518875]	$DSM00,153149,+50.79097,+002.49506,3222.0,76.0,71.7,0F


[9518938]	$DSM01,153149,+50.80004,+002.48531,164.0,0.0,0.0,0F


[9519032]	$DSM04,153149,+50.77725,+002.53338,238.0,69.0,151.9,0F


[9519313]	$DSM0C,153149,+50.79606,+002.49261,112.0,10.0,78.7,0F


[9519375]	$DSM0E,153149,+50.77722,+002.53338,244.0,69.0,151.9,0F


[9519860]	$DSM00,153150,+50.79120,+002.49606,3220.0,76.0,70.3,0F


[9519922]	$DSM01,153150,+50.80004,+002.48531,164.0,0.0,0.0,0F


[9520032]	$DSM04,153150,+50.77671,+002.53383,236.0,69.0,150.5,0F


[9520313]	$DSM0C,153150,+50.79606,+002.49274,110.0,8.0,95.6,0F


[9520391]	$DSM0E,153150,+50.77668,+002.53383,242.0,69.0,150.5,0F


[9520875]	$DSM00,153151,+50.79146,+002.49709,3220.0,76.0,68.9,0F


[9520938]	$DSM01,153151,+50.80004,+002.48531,164.0,0.0,0.0,0F


[9521032]	$DSM04,153151,+50.77616,+002.53432,236.0,69.0,150.5,0F


[9521313]	$DSM0C,153151,+50.79603,+002.49285,110.0,8.0,123.7,0F


[9521375]	$DSM0E,153151,+50.77614,+002.53432,242.0,69.0,150.5,0F


[9521860]	$DSM00,153152,+50.79172,+002.49808,3218.0,76.0,67.5,0F


[9521938]	$DSM01,153152,+50.80004,+002.48531,164.0,0.0,0.0,0F


[9522329]	$DSM0C,153152,+50.79597,+002.49293,108.0,10.0,153.3,0F


[9522391]	$DSM0E,153152,+50.77560,+002.53479,240.0,69.0,149.1,0F


[9522875]	$DSM00,153153,+50.79198,+002.49909,3218.0,76.0,66.1,0F


[9522938]	$DSM01,153153,+50.80004,+002.48531,164.0,0.0,0.0,0F


[9523047]	$DSM04,153153,+50.77508,+002.53531,234.0,69.0,149.1,0F


[9523313]	$DSM0C,153153,+50.79588,+002.49295,108.0,11.0,181.4,0F


[9523375]	$DSM0E,153153,+50.77507,+002.53531,240.0,69.0,149.1,0F


[9523860]	$DSM00,153154,+50.79228,+002.50008,3218.0,77.0,64.7,0F


[9523938]	$DSM01,153154,+50.80004,+002.48531,164.0,0.0,0.0,0F


[9524032]	$DSM04,153154,+50.77455,+002.53580,236.0,69.0,149.1,0F


[9524329]	$DSM0C,153154,+50.79577,+002.49293,108.0,12.0,199.7,0F


[9524391]	$DSM0E,153154,+50.77454,+002.53580,240.0,68.0,149.1,0F


[9524860]	$DSM00,153155,+50.79259,+002.50106,3216.0,77.0,63.3,0F


[9524922]	$DSM01,153155,+50.80004,+002.48531,164.0,0.0,0.0,0F


[9525047]	$DSM04,153155,+50.77402,+002.53632,236.0,68.0,149.1,0F


[9525313]	$DSM0C,153155,+50.79566,+002.49285,108.0,13.0,206.7,0F


[9525391]	$DSM0E,153155,+50.77401,+002.53632,240.0,68.0,149.1,0F


[9525875]	$DSM00,153156,+50.79291,+002.50203,3216.0,77.0,61.9,0F


[9525938]	$DSM01,153156,+50.80004,+002.48531,164.0,0.0,0.0,0F


[9526032]	$DSM04,153156,+50.77350,+002.53683,236.0,68.0,149.1,0F


[9526329]	$DSM0C,153156,+50.79555,+002.49278,106.0,14.0,199.7,0F


[9526391]	$DSM0E,153156,+50.77350,+002.53681,240.0,68.0,149.1,0F


[9526860]	$DSM00,153157,+50.79324,+002.50299,3216.0,77.0,60.5,0F


[9526922]	$DSM01,153157,+50.80004,+002.48531,164.0,0.0,0.0,0F


[9527047]	$DSM04,153157,+50.77298,+002.53733,238.0,68.0,149.1,0F


[9527313]	$DSM0C,153157,+50.79542,+002.49272,104.0,14.0,194.1,0F


[9527391]	$DSM0E,153157,+50.77297,+002.53733,242.0,67.0,149.1,0F


[9527875]	$DSM00,153158,+50.79358,+002.50394,3216.0,77.0,59.1,0F


[9527938]	$DSM01,153158,+50.80004,+002.48531,164.0,0.0,0.0,0F


[9528032]	$DSM04,153158,+50.77246,+002.53784,240.0,68.0,149.1,0F


[9528313]	$DSM0C,153158,+50.79530,+002.49267,102.0,14.0,194.1,0F


[9528391]	$DSM0E,153158,+50.77244,+002.53780,244.0,66.0,149.1,0F


[9528860]	$DSM00,153159,+50.79395,+002.50488,3216.0,77.0,57.7,0F


[9528922]	$DSM01,153159,+50.80004,+002.48531,166.0,0.0,0.0,0F


[9529032]	$DSM04,153159,+50.77193,+002.53831,242.0,68.0,150.5,0F


[9529313]	$DSM0C,153159,+50.79518,+002.49261,100.0,13.0,203.9,0F


[9529391]	$DSM0E,153159,+50.77194,+002.53827,242.0,65.0,150.5,0B


[9529875]	$DSM00,153200,+50.79432,+002.50578,3218.0,77.0,56.2,0F


[9529938]	$DSM01,153200,+50.80004,+002.48531,166.0,0.0,0.0,0F


[9530313]	$DSM0C,153200,+50.79508,+002.49250,100.0,13.0,219.4,0F


[9530375]	$DSM0E,153200,+50.77142,+002.53872,250.0,65.0,151.9,0F


[9530860]	$DSM00,153201,+50.79472,+002.50671,3218.0,77.0,54.8,0F


[9530922]	$DSM01,153201,+50.80004,+002.48531,166.0,0.0,0.0,0F


[9531032]	$DSM04,153201,+50.77088,+002.53922,252.0,66.0,151.9,0F


[9531313]	$DSM0C,153201,+50.79500,+002.49235,100.0,13.0,230.6,0F


[9531391]	$DSM0E,153201,+50.77090,+002.53917,254.0,65.0,151.9,0F


[9531875]	$DSM00,153202,+50.79512,+002.50759,3220.0,77.0,53.4,0F


[9531938]	$DSM01,153202,+50.80004,+002.48531,166.0,0.0,0.0,0F


[9532032]	$DSM04,153202,+50.77037,+002.53967,258.0,65.0,150.5,0F


[9532313]	$DSM0C,153202,+50.79492,+002.49220,100.0,14.0,230.6,0F


[9532375]	$DSM0E,153202,+50.77039,+002.53962,260.0,64.0,150.5,0F


[9532860]	$DSM00,153203,+50.79555,+002.50844,3222.0,76.0,52.0,0F


[9532938]	$DSM01,153203,+50.80004,+002.48531,166.0,0.0,0.0,0F


[9533032]	$DSM04,153203,+50.76987,+002.54012,262.0,64.0,150.5,0F


[9533329]	$DSM0C,153203,+50.79481,+002.49203,98.0,15.0,230.6,0F


[9533391]	$DSM0E,153203,+50.76988,+002.54009,264.0,65.0,150.5,0F


[9533860]	$DSM00,153204,+50.79597,+002.50928,3224.0,76.0,50.6,0F


[9533938]	$DSM01,153204,+50.80004,+002.48531,166.0,0.0,0.0,0F


[9534047]	$DSM04,153204,+50.76936,+002.54059,264.0,65.0,150.5,0F


[9534313]	$DSM0C,153204,+50.79474,+002.49186,96.0,15.0,232.0,0F


[9534375]	$DSM0E,153204,+50.76939,+002.54055,268.0,65.0,150.5,0F


[9534860]	$DSM00,153205,+50.79643,+002.51012,3224.0,76.0,49.2,0F


[9534938]	$DSM01,153205,+50.80004,+002.48531,166.0,0.0,0.0,0F


[9535032]	$DSM04,153205,+50.76886,+002.54104,268.0,66.0,151.9,0F


[9535329]	$DSM0C,153205,+50.79465,+002.49169,94.0,17.0,233.4,0F


[9535391]	$DSM0E,153205,+50.76888,+002.54100,270.0,65.0,150.5,0F


[9535860]	$DSM00,153206,+50.79690,+002.51091,3224.0,77.0,47.8,0F


[9535922]	$DSM01,153206,+50.80004,+002.48531,166.0,0.0,0.0,0F


[9536047]	$DSM04,153206,+50.76834,+002.54147,268.0,66.0,151.9,0F


[9536313]	$DSM0C,153206,+50.79455,+002.49147,94.0,18.0,234.8,0F


[9536391]	$DSM0E,153206,+50.76836,+002.54145,272.0,66.0,151.9,0F


[9536875]	$DSM00,153207,+50.79737,+002.51171,3222.0,77.0,45.0,0F


[9536938]	$DSM01,153207,+50.80004,+002.48531,166.0,0.0,0.0,0F


[9537032]	$DSM04,153207,+50.76781,+002.54192,268.0,67.0,151.9,0F


[9537313]	$DSM0C,153207,+50.79445,+002.49126,94.0,18.0,233.4,0F


[9537391]	$DSM0E,153207,+50.76784,+002.54188,272.0,66.0,151.9,0F


[9537860]	$DSM00,153208,+50.79786,+002.51248,3222.0,77.0,43.6,0F


[9537922]	$DSM01,153208,+50.80004,+002.48531,166.0,0.0,0.0,0F


[9538032]	$DSM04,153208,+50.76728,+002.54235,266.0,67.0,151.9,0F


[9538313]	$DSM0C,153208,+50.79436,+002.49104,92.0,18.0,233.4,0F


[9538391]	$DSM0E,153208,+50.76730,+002.54233,270.0,67.0,151.9,0F


[9538875]	$DSM00,153209,+50.79838,+002.51323,3220.0,77.0,42.2,0F


[9538938]	$DSM01,153209,+50.80004,+002.48531,166.0,0.0,0.0,0F


[9539032]	$DSM04,153209,+50.76674,+002.54280,264.0,68.0,153.3,0F


[9539329]	$DSM0C,153209,+50.79426,+002.49083,92.0,19.0,233.4,0F


[9539391]	$DSM0E,153209,+50.76676,+002.54276,266.0,68.0,153.3,0F


[9539860]	$DSM00,153210,+50.79890,+002.51396,3218.0,77.0,39.4,0F


[9539938]	$DSM01,153210,+50.80004,+002.48531,166.0,0.0,0.0,0F


[9540047]	$DSM04,153210,+50.76620,+002.54323,262.0,68.0,153.3,0F


[9540313]	$DSM0C,153210,+50.79415,+002.49059,92.0,19.0,234.8,0F


[9540391]	$DSM0E,153210,+50.76621,+002.54321,262.0,68.0,153.3,0F


[9540875]	$DSM00,153211,+50.79944,+002.51465,3216.0,78.0,38.0,0F


[9540938]	$DSM01,153211,+50.80004,+002.48531,166.0,0.0,0.0,0F


[9541032]	$DSM04,153211,+50.76565,+002.54366,258.0,68.0,153.3,0F


